grid_id,pole_count,pole_density,center_lon,center_lat,risk_mean,risk_max,risk_p95,risk_p90,risk_std,date_count,high_day_count,very_high_day_count,dry_weather_mean,wind_mean,asset_exposure_mean,warning_mean,high_day_ratio,very_high_day_ratio,grid_final_risk_score,grid_final_risk_score_100,peak_date,peak_grid_risk_score,peak_grid_risk_score_100,peak_dry_weather_score,peak_wind_score,peak_asset_exposure_score,peak_warning_score,peak_temp_max,peak_humidity_min,peak_rain_sum,peak_rain_sum_7d,peak_wind_max,peak_wind_max_7d,peak_no_rain_days,peak_dry_warning_flag,peak_strong_wind_warning_flag,grid_final_risk_grade,sw_lon,sw_lat,ne_lon,ne_lat
1080_2010,86,86.0,128.4180110875035,38.09104882479918,0.5706894495940584,0.7453633552768382,0.7347134350216546,0.7190316168398366,0.10596268062166456,31,14,4,0.60661045943304,0.7924434419393547,0.6419682915357058,0.010271646859083192,0.45161290322580644,0.12903225806451613,0.6773260568458648,67.733,2025-03-11,0.7453633552768382,74.536,0.9174242424242424,1.0,0.6419682915357058,0.0,7.0,11.0,0.0,0.0,14.7,14.7,11,0,0,high,128.41225382180642,38.086587418282306,128.42376905298022,38.09550993689282
1081_2010,82,82.0,128.42941357693738,38.09095918998966,0.568894784019192,0.7435686897019718,0.7329187694467884,0.7172369512649702,0.10596268062166458,31,14,4,0.60661045943304,0.7924434419393547,0.6329949636613739,0.010271646859083192,0.45161290322580644,0.12903225806451613,0.6757108578284851,67.571,2025-03-11,0.7435686897019718,74.357,0.9174242424242424,1.0,0.6329949636613739,0.0,7.0,11.0,0.0,0.0,14.7,14.7,11,0,0,high,128.42365563676373,38.08649835090967,128.43517221687853,38.09541973447042
1128_1912,405,405.0,128.9480152545279,37.202467355917555,0.554036923169265,0.7518630733713044,0.7450511188168898,0.6664928258518145,0.10807099919531402,31,12,3,0.5511608015640274,0.5796065480316844,0.9356510925343527,0.010271646859083192,0.3870967741935484,0.0967741935483871,0.6734370293190757,67.344,2025-03-25,0.7518630733713044,75.186,0.7799242424242425,1.0,0.9356510925343527,0.018421052631578946,18.9,26.0,0.0,0.0,12.9,12.9,7,0,0,high,128.94229684049975,37.198030455342796,128.95373433774634,37.20690396282811
1116_1924,356,356.0,128.8147044860334,37.31218290208434,0.549132793418207,0.7469589436202463,0.7401469890658317,0.6615886961007564,0.108070999195314,31,12,3,0.5511608015640274,0.5796065480316844,0.9111304437790625,0.010271646859083192,0.3870967741935484,0.0967741935483871,0.6690233125431235,66.902,2025-03-25,0.7469589436202463,74.696,0.7799242424242425,1.0,0.9111304437790625,0.018421052631578946,18.9,26.0,0.0,0.0,12.9,12.9,7,0,0,high,128.80898519500906,37.3077396498824,128.82042445003484,37.31662586156624
1085_1909,487,487.0,128.46320005328425,37.180360798001935,0.5672525039290562,0.7657074310532036,0.7058050801774025,0.6855287798723593,0.09000025889386908,31,12,2,0.6116935483870968,0.5075588453674998,0.9707231310174005,0.010271646859083192,0.3870967741935484,0.06451612903225806,0.6671895571358782,66.719,2025-03-25,0.7657074310532036,76.571,0.8352272727272727,0.9388349514563107,0.9707231310174005,0.018421052631578946,22.5,18.0,0.0,0.0,11.5,11.5,7,0,0,high,128.45751114170224,37.17590000288901,128.468889633803,37.18482130708659
1086_1910,485,485.0,128.47457988340145,37.189281530011684,0.567095913957342,0.7655508410814894,0.7056484902056883,0.6853721899006451,0.0900002588938691,31,12,2,0.6116935483870968,0.5075588453674998,0.9699401811588294,0.010271646859083192,0.3870967741935484,0.06451612903225806,0.6670486261613354,66.705,2025-03-25,0.7655508410814894,76.555,0.8352272727272727,0.9388349514563107,0.9699401811588294,0.018421052631578946,22.5,18.0,0.0,0.0,11.5,11.5,7,0,0,high,128.468889633803,37.18482130708659,128.48027080222238,37.19374146664603
1109_1921,334,334.0,128.7352843928906,37.28599848056932,0.546707550391894,0.7445337005939333,0.7377217460395187,0.6591634530744434,0.10807099919531404,31,12,3,0.5511608015640274,0.5796065480316844,0.8990042286474973,0.010271646859083192,0.3870967741935484,0.0967741935483871,0.6668405938194418,66.684,2025-03-25,0.7445337005939333,74.453,0.7799242424242425,1.0,0.8990042286474973,0.018421052631578946,18.9,26.0,0.0,0.0,12.9,12.9,7,0,0,high,128.72957169188427,37.281551248756266,128.7409977660872,37.29044542113907
1095_1904,436,436.0,128.57519946021054,37.134328543262434,0.563043673886568,0.7614986010107153,0.7015962501349142,0.681319949829871,0.0900002588938691,31,12,2,0.6116935483870968,0.5075588453674998,0.9496789808049588,0.010271646859083192,0.3870967741935484,0.06451612903225806,0.6634016100976388,66.34,2025-03-25,0.7614986010107153,76.15,0.8352272727272727,0.9388349514563107,0.9496789808049588,0.018421052631578946,22.5,18.0,0.0,0.0,11.5,11.5,7,0,0,high,128.56950761096778,37.12987313924553,128.58089197677873,37.1387836599903
1107_1925,419,419.0,128.71330586771342,37.32227953498212,0.5615307489905345,0.7599856761146818,0.7000833252388807,0.6798070249338375,0.0900002588938691,31,12,2,0.6116935483870968,0.5075588453674998,0.9421143563247913,0.010271646859083192,0.3870967741935484,0.06451612903225806,0.6620399776912086,66.204,2025-03-25,0.7599856761146818,75.999,0.8352272727272727,0.9388349514563107,0.9421143563247913,0.018421052631578946,22.5,18.0,0.0,0.0,11.5,11.5,7,0,0,high,128.7075916266031,37.31783129441317,128.7190207822417,37.326727484283374
1079_2010,70,70.0,128.40660854777565,38.0911373534039,0.5533565634373175,0.7376143427963517,0.7269644225411682,0.7112826043593502,0.11988088448040816,31,12,4,0.606322091886608,0.754569335308628,0.6032232291332736,0.010271646859083192,0.3870967741935484,0.12903225806451613,0.6619835579749503,66.198,2025-03-11,0.7376143427963517,73.761,0.9174242424242424,1.0,0.6032232291332736,0.0,7.0,11.0,0.0,0.0,14.7,14.7,11,0,0,high,128.4008519568792,38.086675379620694,128.4123658384637,38.095599032939866
1129_1911,318,318.0,128.95910705621145,37.193317895929425,0.5448415093170408,0.74266765951908,0.7358557049646652,0.6572974119995901,0.108070999195314,31,11,3,0.5511608015640274,0.5796065480316844,0.889674023273231,0.010271646859083192,0.3548387096774194,0.0967741935483871,0.6619353504004609,66.194,2025-03-25,0.74266765951908,74.267,0.7799242424242425,1.0,0.889674023273231,0.018421052631578946,18.9,26.0,0.0,0.0,12.9,12.9,7,0,0,high,128.9533887189156,37.18888152342735,128.96482606238223,37.19775397468916
1086_1909,417,417.0,128.47446407371334,37.180268689180515,0.5613487457594207,0.7598036728835681,0.699901322007767,0.6796250217027238,0.09000025889386909,31,12,2,0.6116935483870968,0.5075588453674998,0.9412043401692225,0.010271646859083192,0.3870967741935484,0.06451612903225806,0.6618761747832063,66.188,2025-03-25,0.7598036728835681,75.98,0.8352272727272727,0.9388349514563107,0.9412043401692225,0.018421052631578946,22.5,18.0,0.0,0.0,11.5,11.5,7,0,0,high,128.46877451880778,37.17580844423332,128.48015429754375,37.184728647927706
1101_1913,404,404.0,128.64396174314874,37.214807911891064,0.5601440651008894,0.7585989922250368,0.6986966413492357,0.6784203410441925,0.0900002588938691,31,12,2,0.6116935483870968,0.5075588453674998,0.9351809368765663,0.010271646859083192,0.3870967741935484,0.06451612903225806,0.660791962190528,66.079,2025-03-25,0.7585989922250368,75.86,0.8352272727272727,0.9388349514563107,0.9351809368765663,0.018421052631578946,22.5,18.0,0.0,0.0,11.5,11.5,7,0,0,high,128.63825977789108,37.210356038086665,128.64966437832638,37.21925949655747
1123_1972,689,689.0,128.90175068814682,37.74380392340337,0.5505969602340128,0.729321704526099,0.70793770504909,0.6967160276381424,0.12533963804003392,31,14,3,0.5467741935483871,0.5213861431431819,1.0,0.010271646859083192,0.45161290322580644,0.0967741935483871,0.6583214757206993,65.832,2025-03-25,0.729321704526099,72.932,0.7268939393939394,0.9432038834951457,1.0,0.018421052631578946,20.3,39.0,0.0,0.0,11.6,11.6,7,0,0,high,128.89599250377574,37.739365964181886,128.90750955990563,37.748241584236546
1124_1967,621,621.0,128.9122419834943,37.69861550163474,0.5505969602340128,0.729321704526099,0.70793770504909,0.6967160276381424,0.12533963804003392,31,14,3,0.5467741935483871,0.5213861431431819,1.0,0.010271646859083192,0.45161290322580644,0.0967741935483871,0.6583214757206993,65.832,2025-03-25,0.729321704526099,72.932,0.7268939393939394,0.9432038834951457,1.0,0.018421052631578946,20.3,39.0,0.0,0.0,11.6,11.6,7,0,0,high,128.90648677267356,37.69417796447575,128.9179978801561,37.70305274070049
1124_1968,571,571.0,128.912412982139,37.70762611195909,0.5505969602340128,0.729321704526099,0.70793770504909,0.6967160276381424,0.12533963804003392,31,14,3,0.5467741935483871,0.5213861431431819,1.0,0.010271646859083192,0.45161290322580644,0.0967741935483871,0.6583214757206993,65.832,2025-03-25,0.729321704526099,72.932,0.7268939393939394,0.9432038834951457,1.0,0.018421052631578946,20.3,39.0,0.0,0.0,11.6,11.6,7,0,0,high,128.90665704738245,37.70318860392645,128.91816960304206,37.712063321804884
1122_1972,592,592.0,128.89040356140066,37.74393834629284,0.5505969602340128,0.729321704526099,0.70793770504909,0.6967160276381424,0.12533963804003392,31,14,3,0.5467741935483871,0.5213861431431819,1.0,0.010271646859083192,0.45161290322580644,0.0967741935483871,0.6583214757206993,65.832,2025-03-25,0.729321704526099,72.932,0.7268939393939394,0.9432038834951457,1.0,0.018421052631578946,20.3,39.0,0.0,0.0,11.6,11.6,7,0,0,high,128.8846460267184,37.739499819482454,128.89616178348848,37.74837657488813
1090_1999,450,450.0,128.530643211485,37.990977586378676,0.5643568842237522,0.7202070052557064,0.7083727694323547,0.7050852824092644,0.10822058342076968,31,14,5,0.5373655913978495,0.6269268800782611,0.9556909030809236,0.010271646859083192,0.45161290322580644,0.16129032258064516,0.6580355883081525,65.804,2025-03-24,0.7202070052557064,72.021,0.7515151515151515,0.9091142140285808,0.9556909030809236,0.007894736842105263,21.8,22.0,0.0,11.0,9.1,12.8,6,0,0,high,128.52488720137745,37.98652160721611,128.53639991782086,37.99543327038306
1128_1911,298,298.0,128.9478431141541,37.193456113827104,0.5423727116274424,0.7401988618294816,0.733386907275067,0.6548286143099917,0.108070999195314,31,10,3,0.5511608015640274,0.5796065480316844,0.8773300348252389,0.010271646859083192,0.3225806451612903,0.0967741935483871,0.6564876260282095,65.649,2025-03-25,0.7401988618294816,74.02,0.7799242424242425,1.0,0.8773300348252389,0.018421052631578946,18.9,26.0,0.0,0.0,12.9,12.9,7,0,0,high,128.942125407315,37.189019183740626,128.95356148988597,37.19789275034184
1113_1917,293,293.0,128.77978853493173,37.249471937497944,0.5417297013719378,0.739555851573977,0.7327438970195623,0.6541856040544871,0.10807099919531396,31,10,3,0.5511608015640274,0.5796065480316844,0.874114983547716,0.010271646859083192,0.3225806451612903,0.0967741935483871,0.6559089167982552,65.591,2025-03-25,0.739555851573977,73.956,0.7799242424242425,1.0,0.874114983547716,0.018421052631578946,18.9,26.0,0.0,0.0,12.9,12.9,7,0,0,high,128.7740761001264,37.245026824252975,128.78550164067005,37.25391675918183
1121_1911,285,285.0,128.86899340897497,37.19439366415585,0.540677783500295,0.7385039337023342,0.7316919791479195,0.6531336861828444,0.10807099919531395,31,10,3,0.5511608015640274,0.5796065480316844,0.8688553941895023,0.010271646859083192,0.3225806451612903,0.0967741935483871,0.6549621907137768,65.496,2025-03-25,0.7385039337023342,73.85,0.7799242424242425,1.0,0.8688553941895023,0.018421052631578946,18.9,26.0,0.0,0.0,12.9,12.9,7,0,0,high,128.86328012415174,37.18995283552896,128.8747073628126,37.19883420040584
1120_1912,284,284.0,128.8578903055672,37.20353490603452,0.5405442295825897,0.738370379784629,0.7315584252302143,0.6530001322651391,0.108070999195314,31,10,3,0.5511608015640274,0.5796065480316844,0.8681876246009762,0.010271646859083192,0.3225806451612903,0.0967741935483871,0.6548419921878421,65.484,2025-03-25,0.738370379784629,73.837,0.7799242424242425,1.0,0.8681876246009762,0.018421052631578946,18.9,26.0,0.0,0.0,12.9,12.9,7,0,0,high,128.85217694877159,37.199093549206346,128.86360433169156,37.207975970564505
1125_1971,557,557.0,128.92427203570173,37.73452129347397,0.549852614236681,0.7285773585287673,0.7071933590517583,0.6959716816408106,0.12533963804003392,31,13,3,0.5467741935483871,0.5213861431431819,0.9962782700133408,0.010271646859083192,0.41935483870967744,0.0967741935483871,0.6544257578714879,65.443,2025-03-25,0.7285773585287673,72.858,0.7268939393939394,0.9432038834951457,0.9962782700133408,0.018421052631578946,20.3,39.0,0.0,0.0,11.6,11.6,7,0,0,high,128.9185132784435,37.730084440593544,128.93003148000557,37.7389578477135
1106_1911,367,367.0,128.70001806917872,37.19622603534416,0.5564910915528902,0.7549460186770377,0.6950436678012366,0.6747673674961934,0.09000025889386909,31,11,2,0.6116935483870968,0.5075588453674998,0.9169160691365705,0.010271646859083192,0.3548387096774194,0.06451612903225806,0.654278479545716,65.428,2025-03-25,0.7549460186770377,75.495,0.8352272727272727,0.9388349514563107,0.9169160691365705,0.018421052631578946,22.5,18.0,0.0,0.0,11.5,11.5,7,0,0,high,128.69431431190895,37.191776879635384,128.70572249570046,37.200674901241236
1113_1916,276,276.0,128.77963613094457,37.240460135488846,0.5394586159097802,0.7372847661118194,0.7304728115574046,0.6519145185923295,0.10807099919531395,31,9,3,0.5511608015640274,0.5796065480316844,0.8627595562369279,0.010271646859083192,0.2903225806451613,0.0967741935483871,0.6506391334307006,65.064,2025-03-25,0.7372847661118194,73.728,0.7799242424242425,1.0,0.8627595562369279,0.018421052631578946,18.9,26.0,0.0,0.0,12.9,12.9,7,0,0,high,128.77392440068562,37.23601499538454,128.7853485318382,37.24490498412405
1120_1972,542,542.0,128.86770908313846,37.744203916159336,0.548813596146787,0.7275383404388733,0.7061543409618642,0.6949326635509168,0.12533963804003392,31,12,2,0.5467741935483871,0.5213861431431819,0.9910831795638715,0.010271646859083192,0.3870967741935484,0.06451612903225806,0.6502648351389704,65.026,2025-03-25,0.7275383404388733,72.754,0.7268939393939394,0.9432038834951457,0.9910831795638715,0.018421052631578946,20.3,39.0,0.0,0.0,11.6,11.6,7,0,0,high,128.86195284880526,37.73976425466645,128.87346600491256,37.748643279783586
1116_1915,272,272.0,128.81329474725905,37.23107815184483,0.538903993701763,0.7367301439038023,0.7299181893493876,0.6513598963843124,0.108070999195314,31,9,3,0.5511608015640274,0.5796065480316844,0.8599864451968424,0.010271646859083192,0.2903225806451613,0.0967741935483871,0.6501399734434852,65.014,2025-03-25,0.7367301439038023,73.673,0.7799242424242425,1.0,0.8599864451968424,0.018421052631578946,18.9,26.0,0.0,0.0,12.9,12.9,7,0,0,high,128.8075818132763,37.22663465293785,128.8190083515302,37.235521358861206
1124_1972,537,537.0,128.9130977391534,37.74366840857281,0.5484608683351437,0.72718561262723,0.7058016131502209,0.6945799357392733,0.12533963804003392,31,12,2,0.5467741935483871,0.5213861431431819,0.9893195405056546,0.010271646859083192,0.3870967741935484,0.06451612903225806,0.6499473801084914,64.995,2025-03-25,0.72718561262723,72.719,0.7268939393939394,0.9432038834951457,0.9893195405056546,0.018421052631578946,20.3,39.0,0.0,0.0,11.6,11.6,7,0,0,high,128.90733890541745,37.73923101710522,128.91885726025907,37.748105501478925
1102_1902,351,351.0,128.65372217883737,37.115562756523886,0.5547961634257429,0.7532510905498904,0.6933487396740894,0.673072439369046,0.09000025889386909,31,10,1,0.6116935483870968,0.5075588453674998,0.9084414285008341,0.010271646859083192,0.3225806451612903,0.03225806451612903,0.6495272377796705,64.953,2025-03-25,0.7532510905498904,75.325,0.8352272727272727,0.9388349514563107,0.9084414285008341,0.018421052631578946,22.5,18.0,0.0,0.0,11.5,11.5,7,0,0,high,128.6480272589309,37.11111116285563,128.6594177653801,37.12001406188741
1121_1970,529,529.0,128.87872207354792,37.72605029752152,0.5478896276206499,0.7266143719127361,0.7052303724357272,0.6940086950247796,0.12533963804003392,31,12,2,0.5467741935483871,0.5213861431431819,0.9864633369331854,0.010271646859083192,0.3870967741935484,0.06451612903225806,0.6494332634654468,64.943,2025-03-25,0.7266143719127361,72.661,0.7268939393939394,0.9432038834951457,0.9864633369331854,0.018421052631578946,20.3,39.0,0.0,0.0,11.6,11.6,7,0,0,high,128.87296663728674,37.72161114608068,128.88447819662042,37.73048915110757
1084_1910,350,350.0,128.4520491152721,37.18946473651831,0.5546876865260559,0.7531426136502034,0.6932402627744023,0.6729639624693591,0.09000025889386909,31,10,1,0.6116935483870968,0.5075588453674998,0.9078990440023991,0.010271646859083192,0.3225806451612903,0.03225806451612903,0.6494296085699521,64.943,2025-03-25,0.7531426136502034,75.314,0.8352272727272727,0.9388349514563107,0.9078990440023991,0.018421052631578946,22.5,18.0,0.0,0.0,11.5,11.5,7,0,0,high,128.44636015320177,37.185003413073495,128.45773874658866,37.19392577401589
1086_1908,347,347.0,128.47434831554924,37.17125583429738,0.5543603917737819,0.7528153188979294,0.6929129680221284,0.6726366677170851,0.09000025889386909,31,10,1,0.6116935483870968,0.5075588453674998,0.9062625702410293,0.010271646859083192,0.3225806451612903,0.03225806451612903,0.6491350432929056,64.914,2025-03-25,0.7528153188979294,75.282,0.8352272727272727,0.9388349514563107,0.9062625702410293,0.018421052631578946,22.5,18.0,0.0,0.0,11.5,11.5,7,0,0,high,128.46865945502702,37.166795567332265,128.4800378446988,37.17571581515321
1124_1971,521,521.0,128.91292643546234,37.73465785612487,0.5473096985019947,0.7260344427940809,0.7046504433170719,0.6934287659061243,0.12533963804003395,31,12,2,0.5467741935483871,0.5213861431431819,0.9835636913399095,0.010271646859083192,0.3870967741935484,0.06451612903225806,0.6489113272586573,64.891,2025-03-25,0.7260344427940809,72.603,0.7268939393939394,0.9432038834951457,0.9835636913399095,0.018421052631578946,20.3,39.0,0.0,0.0,11.6,11.6,7,0,0,high,128.90716832695696,37.73022043550707,128.9186852310314,37.739094978274885
1117_1923,261,261.0,128.82582849214563,37.3030454608576,0.5373358263446957,0.735161976546735,0.7283500219923202,0.649791729027245,0.108070999195314,31,9,3,0.5511608015640274,0.5796065480316844,0.8521456084115059,0.010271646859083192,0.2903225806451613,0.0967741935483871,0.6487286228221246,64.873,2025-03-25,0.735161976546735,73.516,0.7799242424242425,1.0,0.8521456084115059,0.018421052631578946,18.9,26.0,0.0,0.0,12.9,12.9,7,0,0,high,128.82010927110423,37.29860273899678,128.83154838584844,37.307487889919244
1120_1911,260,260.0,128.85772887097727,37.19452331751618,0.5371900150598442,0.7350161652618834,0.7282042107074687,0.6496459177423934,0.108070999195314,31,9,3,0.5511608015640274,0.5796065480316844,0.8514165519872477,0.010271646859083192,0.2903225806451613,0.0967741935483871,0.6485973926657582,64.86,2025-03-25,0.7350161652618834,73.502,0.7799242424242425,1.0,0.8514165519872477,0.018421052631578946,18.9,26.0,0.0,0.0,12.9,12.9,7,0,0,high,128.8520162191288,37.190081932606134,128.86344219185688,37.19896441022014
1122_1969,513,513.0,128.8898981223836,37.71690638418067,0.5467208125957195,0.7254455568878058,0.7040615574107967,0.6928398799998491,0.12533963804003392,31,12,2,0.5467741935483871,0.5213861431431819,0.9806192618085334,0.010271646859083192,0.3870967741935484,0.06451612903225806,0.6483813299430096,64.838,2025-03-25,0.7254455568878058,72.545,0.7268939393939394,0.9432038834951457,0.9806192618085334,0.018421052631578946,20.3,39.0,0.0,0.0,11.6,11.6,7,0,0,high,128.88414276069355,37.71246777102537,128.89565417056158,37.72134469940161
1125_1918,258,258.0,128.91522928521562,37.256943664435404,0.5368967089633839,0.7347228591654232,0.7279109046110086,0.6493526116459333,0.10807099919531397,31,9,3,0.5511608015640274,0.5796065480316844,0.8499500215049468,0.010271646859083192,0.2903225806451613,0.0967741935483871,0.648333417178944,64.833,2025-03-25,0.7347228591654232,73.472,0.7799242424242425,1.0,0.8499500215049468,0.018421052631578946,18.9,26.0,0.0,0.0,12.9,12.9,7,0,0,high,128.90950852057153,37.25250526552021,128.920950720891,37.26138176964393
1124_1970,499,499.0,128.91275520808696,37.725647289205625,0.5456678571979335,0.7243926014900198,0.7030086020130109,0.6917869246020633,0.12533963804003395,31,12,2,0.5467741935483871,0.5213861431431819,0.9753544848196037,0.010271646859083192,0.3870967741935484,0.06451612903225806,0.6474336700850022,64.743,2025-03-25,0.7243926014900198,72.439,0.7268939393939394,0.9432038834951457,0.9753544848196037,0.018421052631578946,20.3,39.0,0.0,0.0,11.6,11.6,7,0,0,high,128.9069978244883,37.72120983944359,128.9185132784435,37.730084440593544
1108_1924,251,251.0,128.7244438743411,37.31315139372251,0.535851996913273,0.7336781471153123,0.7268661925608977,0.6483078995958225,0.108070999195314,31,9,3,0.5511608015640274,0.5796065480316844,0.8447264612543925,0.010271646859083192,0.2903225806451613,0.0967741935483871,0.6473931763338442,64.739,2025-03-25,0.7336781471153123,73.368,0.7799242424242425,1.0,0.8447264612543925,0.018421052631578946,18.9,26.0,0.0,0.0,12.9,12.9,7,0,0,high,128.71872969785633,37.308703683799244,128.73015872392912,37.317598812298286
1093_1910,329,329.0,128.55343591683214,37.18860657350664,0.5523353351383101,0.7507902622624575,0.6908879113866564,0.6706116110816132,0.0900002588938691,31,10,1,0.6116935483870968,0.5075588453674998,0.8961372870636697,0.010271646859083192,0.3225806451612903,0.03225806451612903,0.6473124923209809,64.731,2025-03-25,0.7507902622624575,75.079,0.8352272727272727,0.9388349514563107,0.8961372870636697,0.018421052631578946,22.5,18.0,0.0,0.0,11.5,11.5,7,0,0,high,128.54774117064673,37.184150207630495,128.55913133215256,37.19306265189048
1118_1922,250,250.0,128.8369498076125,37.29390701236214,0.5357003879480353,0.7335265381500745,0.7267145835956599,0.6481562906305846,0.108070999195314,31,9,3,0.5511608015640274,0.5796065480316844,0.8439684164282033,0.010271646859083192,0.2903225806451613,0.0967741935483871,0.6472567282651301,64.726,2025-03-25,0.7335265381500745,73.353,0.7799242424242425,1.0,0.8439684164282033,0.018421052631578946,18.9,26.0,0.0,0.0,12.9,12.9,7,0,0,high,128.83123065711953,37.289464820653784,128.84266963045116,37.298348911192264
1099_1911,327,327.0,128.62115790021858,37.19699868315967,0.5521035435155446,0.7505584706396919,0.690656119763891,0.6703798194588476,0.09000025889386909,31,10,1,0.6116935483870968,0.5075588453674998,0.8949783289498418,0.010271646859083192,0.3225806451612903,0.03225806451612903,0.6471038798604919,64.71,2025-03-25,0.7505584706396919,75.056,0.8352272727272727,0.9388349514563107,0.8949783289498418,0.018421052631578946,22.5,18.0,0.0,0.0,11.5,11.5,7,0,0,high,128.61545861322145,37.19254565411736,128.62685785656794,37.20145142358958
1093_1903,327,327.0,128.55256085260476,37.125517925205095,0.5521035435155446,0.7505584706396919,0.690656119763891,0.6703798194588476,0.09000025889386909,31,10,1,0.6116935483870968,0.5075588453674998,0.8949783289498418,0.010271646859083192,0.3225806451612903,0.03225806451612903,0.6471038798604919,64.71,2025-03-25,0.7505584706396919,75.056,0.8352272727272727,0.9388349514563107,0.8949783289498418,0.018421052631578946,22.5,18.0,0.0,0.0,11.5,11.5,7,0,0,high,128.5468709767266,37.121061396575456,128.5582513955377,37.12997416697917
1125_1912,248,248.0,128.91421895687853,37.20287571909977,0.5353953494849777,0.7332214996870169,0.7264095451326023,0.647851252167527,0.10807099919531396,31,9,3,0.5511608015640274,0.5796065480316844,0.8424432241129156,0.010271646859083192,0.2903225806451613,0.0967741935483871,0.6469821936483783,64.698,2025-03-25,0.7332214996870169,73.322,0.7799242424242425,1.0,0.8424432241129156,0.018421052631578946,18.9,26.0,0.0,0.0,12.9,12.9,7,0,0,high,128.90850243695098,37.19843714620967,128.91993614604937,37.2073139988377
1123_1967,490,490.0,128.90090179862867,37.69875079784024,0.5449752721813449,0.7237000164734312,0.7023160169964222,0.6910943395854745,0.12533963804003395,31,12,2,0.5467741935483871,0.5213861431431819,0.9718915597366604,0.010271646859083192,0.3870967741935484,0.06451612903225806,0.6468103435700725,64.681,2025-03-25,0.7237000164734312,72.37,0.7268939393939394,0.9432038834951457,0.9718915597366604,0.018421052631578946,20.3,39.0,0.0,0.0,11.6,11.6,7,0,0,high,128.89514723573387,37.69431269383374,128.90665704738245,37.70318860392645
1089_1919,323,323.0,128.50945646671465,37.27011279590767,0.551635689737566,0.7500906168617134,0.6901882659859124,0.6699119656808691,0.09000025889386909,31,10,1,0.6116935483870968,0.5075588453674998,0.8926390600599492,0.010271646859083192,0.3225806451612903,0.03225806451612903,0.6466828114603113,64.668,2025-03-25,0.7500906168617134,75.009,0.8352272727272727,0.9388349514563107,0.8926390600599492,0.018421052631578946,22.5,18.0,0.0,0.0,11.5,11.5,7,0,0,high,128.50375801423448,37.26565442818949,128.51515559106548,37.2745708760012
1109_1915,244,244.0,128.73440157869334,37.23192686477896,0.5347778525154853,0.7326040027175245,0.7257920481631097,0.6472337551980345,0.108070999195314,31,9,3,0.5511608015640274,0.5796065480316844,0.8393557392654531,0.010271646859083192,0.2903225806451613,0.0967741935483871,0.6464264463758351,64.643,2025-03-25,0.7326040027175245,73.26,0.7799242424242425,1.0,0.8393557392654531,0.018421052631578946,18.9,26.0,0.0,0.0,12.9,12.9,7,0,0,high,128.72869310100214,37.22747947604685,128.74011072678317,37.2363739628189
1125_1970,484,484.0,128.92409943452296,37.72551077064239,0.5445064596624776,0.7232312039545638,0.7018472044775548,0.6906255270666071,0.12533963804003395,31,12,2,0.5467741935483871,0.5213861431431819,0.9695474971423232,0.010271646859083192,0.3870967741935484,0.06451612903225806,0.6463884123030919,64.639,2025-03-25,0.7232312039545638,72.323,0.7268939393939394,0.9432038834951457,0.9695474971423232,0.018421052631578946,20.3,39.0,0.0,0.0,11.6,11.6,7,0,0,high,128.91834140245913,37.72107388843638,128.9298581533265,37.72994735430124
1119_1970,479,479.0,128.85603294394593,37.726313513364474,0.5441113306910628,0.722836074983149,0.70145207550614,0.6902303980951924,0.12533963804003395,31,12,2,0.5467741935483871,0.5213861431431819,0.9675718522852496,0.010271646859083192,0.3870967741935484,0.06451612903225806,0.6460327962288185,64.603,2025-03-25,0.722836074983149,72.284,0.7268939393939394,0.9432038834951457,0.9675718522852496,0.018421052631578946,20.3,39.0,0.0,0.0,11.6,11.6,7,0,0,high,128.85027880752688,37.72187322829647,128.8617877672112,37.730753500924074
1119_1971,478,478.0,128.85619730176853,37.7353242954383,0.5440318111533313,0.7227565554454175,0.7013725559684085,0.6901508785574609,0.12533963804003395,31,12,2,0.5467741935483871,0.5213861431431819,0.9671742545965923,0.010271646859083192,0.3870967741935484,0.06451612903225806,0.6459612286448602,64.596,2025-03-25,0.7227565554454175,72.276,0.7268939393939394,0.9432038834951457,0.9671742545965923,0.018421052631578946,20.3,39.0,0.0,0.0,11.6,11.6,7,0,0,high,128.85044244188396,37.7308840386083,128.86195284880526,37.73976425466645
1120_1969,477,477.0,128.86721188769275,37.71717169691839,0.5439521254304472,0.7226768697225334,0.7012928702455243,0.6900711928345769,0.12533963804003395,31,12,2,0.5467741935483871,0.5213861431431819,0.9667758259821719,0.010271646859083192,0.3870967741935484,0.06451612903225806,0.6458895114942645,64.589,2025-03-25,0.7226768697225334,72.268,0.7268939393939394,0.9432038834951457,0.9667758259821719,0.018421052631578946,20.3,39.0,0.0,0.0,11.6,11.6,7,0,0,high,128.86145782462182,37.712731950168,128.87296663728674,37.72161114608068
1128_1971,477,477.0,128.95830837240703,37.73410505635176,0.5439521254304472,0.7226768697225334,0.7012928702455243,0.6900711928345769,0.12533963804003395,31,12,2,0.5467741935483871,0.5213861431431819,0.9667758259821719,0.010271646859083192,0.3870967741935484,0.06451612903225806,0.6458895114942645,64.589,2025-03-25,0.7226768697225334,72.268,0.7268939393939394,0.9432038834951457,0.9667758259821719,0.018421052631578946,20.3,39.0,0.0,0.0,11.6,11.6,7,0,0,high,128.952547670835,37.729669907671635,128.96406976096938,37.738539905871896
1125_1968,476,476.0,128.9237544628026,37.70748968153968,0.5438722728263461,0.7225970171184324,0.7012130176414233,0.6899913402304758,0.12533963804003395,31,12,2,0.5467741935483871,0.5213861431431819,0.9663765629616667,0.010271646859083192,0.3870967741935484,0.06451612903225806,0.6458176441505735,64.582,2025-03-25,0.7225970171184324,72.26,0.7268939393939394,0.9432038834951457,0.9663765629616667,0.018421052631578946,20.3,39.0,0.0,0.0,11.6,11.6,7,0,0,high,128.9179978801561,37.70305274070049,128.9295117315776,37.711926324019046
1126_1971,474,474.0,128.93561755901356,37.73438363927952,0.5437120641682879,0.7224368084603741,0.701052808983365,0.6898311315724174,0.12533963804003395,31,12,2,0.5467741935483871,0.5213861431431819,0.965575519671375,0.010271646859083192,0.3870967741935484,0.06451612903225806,0.6456734563583211,64.567,2025-03-25,0.7224368084603741,72.244,0.7268939393939394,0.9432038834951457,0.965575519671375,0.018421052631578946,20.3,39.0,0.0,0.0,11.6,11.6,7,0,0,high,128.9298581533265,37.72994735430124,128.94137765172798,37.73881962544385
1123_1970,472,472.0,128.90141090537136,37.72578271655487,0.5435511795223289,0.7222759238144151,0.7008919243374061,0.6896702469264585,0.12533963804003395,31,12,2,0.5467741935483871,0.5213861431431819,0.9647710964415803,0.010271646859083192,0.3870967741935484,0.06451612903225806,0.645528660176958,64.553,2025-03-25,0.7222759238144151,72.228,0.7268939393939394,0.9432038834951457,0.9647710964415803,0.018421052631578946,20.3,39.0,0.0,0.0,11.6,11.6,7,0,0,high,128.89565417056158,37.72134469940161,128.90716832695696,37.73022043550707
1120_1968,465,465.0,128.86704630352014,37.70816092831519,0.542982676484817,0.7217074207769033,0.7003234212998941,0.6891017438889466,0.12533963804003395,31,12,2,0.5467741935483871,0.5213861431431819,0.9619285812540209,0.010271646859083192,0.3870967741935484,0.06451612903225806,0.6450170074431973,64.502,2025-03-25,0.7217074207769033,72.171,0.7268939393939394,0.9432038834951457,0.9619285812540209,0.018421052631578946,20.3,39.0,0.0,0.0,11.6,11.6,7,0,0,high,128.8612929635569,37.70372115315717,128.87280032970077,37.71260040597854
1125_1972,465,465.0,128.9244447138081,37.7435318018237,0.542982676484817,0.7217074207769033,0.7003234212998941,0.6891017438889466,0.12533963804003395,31,12,2,0.5467741935483871,0.5213861431431819,0.9619285812540209,0.010271646859083192,0.3870967741935484,0.06451612903225806,0.6450170074431973,64.502,2025-03-25,0.7217074207769033,72.171,0.7268939393939394,0.9432038834951457,0.9619285812540209,0.018421052631578946,20.3,39.0,0.0,0.0,11.6,11.6,7,0,0,high,128.9186852310314,37.739094978274885,128.93020488393643,37.74796832663789
1121_1972,462,462.0,128.87905635952714,37.74407167721889,0.5427364133821383,0.7214611576742246,0.7000771581972156,0.6888554807862679,0.12533963804003395,31,12,2,0.5467741935483871,0.5213861431431819,0.9606972657406274,0.010271646859083192,0.3870967741935484,0.06451612903225806,0.6447953706507865,64.48,2025-03-25,0.7214611576742246,72.146,0.7268939393939394,0.9432038834951457,0.9606972657406274,0.018421052631578946,20.3,39.0,0.0,0.0,11.6,11.6,7,0,0,high,128.87329947485753,37.739632582984655,128.88481393162,37.74851047341124
1121_1969,461,461.0,128.8785550422429,37.717039586013925,0.5426539709618641,0.7213787152539503,0.6999947157769413,0.6887730383659937,0.12533963804003395,31,12,2,0.5467741935483871,0.5213861431431819,0.960285053639256,0.010271646859083192,0.3870967741935484,0.06451612903225806,0.6447211724725396,64.472,2025-03-25,0.7213787152539503,72.138,0.7268939393939394,0.9432038834951457,0.960285053639256,0.018421052631578946,20.3,39.0,0.0,0.0,11.6,11.6,7,0,0,high,128.87280032970077,37.71260040597854,128.88431044129058,37.721478468288055
1117_1915,232,232.0,128.82456492642274,37.230952618422,0.5328629930426664,0.7306891432447057,0.723877188690291,0.6453188957252157,0.10807099919531402,31,9,3,0.5511608015640274,0.5796065480316844,0.829781441901359,0.010271646859083192,0.2903225806451613,0.0967741935483871,0.6447030728502983,64.47,2025-03-25,0.7306891432447057,73.069,0.7799242424242425,1.0,0.829781441901359,0.018421052631578946,18.9,26.0,0.0,0.0,12.9,12.9,7,0,0,high,128.81885135708296,37.22650967585944,128.83027916603456,37.23539526892288
1077_1957,548,548.0,128.37811932292038,37.61367199833023,0.5522113035423144,0.7328943783819115,0.7096527067871944,0.6902864540767665,0.1059253464405525,31,9,3,0.6067448680351906,0.43734785010750343,0.9931782338624988,0.010271646859083192,0.2903225806451613,0.0967741935483871,0.644365998582166,64.437,2025-03-25,0.7328943783819115,73.289,0.7848484848484849,0.8702247191011236,0.9931782338624988,0.018421052631578946,19.1,23.0,0.0,0.0,8.4,13.4,7,0,0,high,128.37240199694645,37.60920779274323,128.3838373323706,37.618135914900215
1123_1968,453,453.0,128.90107142526787,37.70776145186874,0.5419879347343162,0.7207126790264023,0.6993286795493934,0.6881070021384458,0.12533963804003395,31,12,2,0.5467741935483871,0.5213861431431819,0.9569548725015167,0.010271646859083192,0.3870967741935484,0.06451612903225806,0.6441217398677465,64.412,2025-03-25,0.7207126790264023,72.071,0.7268939393939394,0.9432038834951457,0.9569548725015167,0.018421052631578946,20.3,39.0,0.0,0.0,11.6,11.6,7,0,0,high,128.8953161387248,37.703323376807404,128.9068273979754,37.712199228916226
1122_1967,451,451.0,128.88956153820234,37.6988850038655,0.5418195918360434,0.7205443361281297,0.6991603366511208,0.6879386592401732,0.12533963804003395,31,12,2,0.5467741935483871,0.5213861431431819,0.9561131580101536,0.010271646859083192,0.3870967741935484,0.06451612903225806,0.6439702312593012,64.397,2025-03-25,0.7205443361281297,72.054,0.7268939393939394,0.9432038834951457,0.9561131580101536,0.018421052631578946,20.3,39.0,0.0,0.0,11.6,11.6,7,0,0,high,128.88380762355663,37.69444633317629,128.8953161387248,37.703323376807404
1126_1972,450,450.0,128.93579161149884,37.74339410317873,0.5417351408501975,0.7204598851422838,0.6990758856652748,0.6878542082543272,0.12533963804003395,31,12,2,0.5467741935483871,0.5213861431431819,0.9556909030809236,0.010271646859083192,0.3870967741935484,0.06451612903225806,0.6438942253720398,64.389,2025-03-25,0.7204598851422838,72.046,0.7268939393939394,0.9432038834951457,0.9556909030809236,0.018421052631578946,20.3,39.0,0.0,0.0,11.6,11.6,7,0,0,high,128.93003148000557,37.7389578477135,128.9415524303255,37.74783005973624
1122_1968,448,448.0,128.8897297928003,37.707895701246144,0.541565675662254,0.7202904199543402,0.6989064204773312,0.6876847430663836,0.12533963804003395,31,12,2,0.5467741935483871,0.5213861431431819,0.9548435771412055,0.010271646859083192,0.3870967741935484,0.06451612903225806,0.6437417067028905,64.374,2025-03-25,0.7202904199543402,72.029,0.7268939393939394,0.9432038834951457,0.9548435771412055,0.018421052631578946,20.3,39.0,0.0,0.0,11.6,11.6,7,0,0,high,128.883975154794,37.70345705932096,128.89548511698882,37.71233404533052
1118_1971,448,448.0,128.8448512528142,37.735454308357674,0.541565675662254,0.7202904199543402,0.6989064204773312,0.6876847430663836,0.12533963804003395,31,12,2,0.5467741935483871,0.5213861431431819,0.9548435771412055,0.010271646859083192,0.3870967741935484,0.06451612903225806,0.6437417067028905,64.374,2025-03-25,0.7202904199543402,72.029,0.7268939393939394,0.9432038834951457,0.9548435771412055,0.018421052631578946,20.3,39.0,0.0,0.0,11.6,11.6,7,0,0,high,128.83909704362415,37.73101348478083,128.85060614917367,37.739894834505925
1123_1971,447,447.0,128.90158075890722,37.73479332720956,0.541480659786404,0.7202054040784902,0.6988214046014811,0.6875997271905335,0.12533963804003395,31,12,2,0.5467741935483871,0.5213861431431819,0.9544184977619558,0.010271646859083192,0.3870967741935484,0.06451612903225806,0.6436651924146256,64.367,2025-03-25,0.7202054040784902,72.021,0.7268939393939394,0.9432038834951457,0.9544184977619558,0.018421052631578946,20.3,39.0,0.0,0.0,11.6,11.6,7,0,0,high,128.89582329947868,37.73035533901922,128.90733890541745,37.73923101710522
1125_1969,444,444.0,128.92392691023537,37.71650023333047,0.5412244688706139,0.7199492131627002,0.6985652136856912,0.6873435362747436,0.12533963804003395,31,12,2,0.5467741935483871,0.5213861431431819,0.9531375431830059,0.010271646859083192,0.3870967741935484,0.06451612903225806,0.6434346205904147,64.343,2025-03-25,0.7199492131627002,71.995,0.7268939393939394,0.9432038834951457,0.9531375431830059,0.018421052631578946,20.3,39.0,0.0,0.0,11.6,11.6,7,0,0,high,128.91816960304206,37.712063321804884,128.92968490386266,37.720936846402594
1124_1969,440,440.0,128.9125840569912,37.716636707816534,0.540880181163332,0.7196049254554183,0.6982209259784093,0.6869992485674618,0.12533963804003395,31,12,2,0.5467741935483871,0.5213861431431819,0.9514161046465962,0.010271646859083192,0.3870967741935484,0.06451612903225806,0.6431247616538608,64.312,2025-03-25,0.7196049254554183,71.96,0.7268939393939394,0.9432038834951457,0.9514161046465962,0.018421052631578946,20.3,39.0,0.0,0.0,11.6,11.6,7,0,0,high,128.9068273979754,37.712199228916226,128.91834140245913,37.72107388843638
1083_1909,319,319.0,128.44067186023472,37.18054180381268,0.55116202396285,0.7496169510869974,0.6897146002111965,0.6694382999061531,0.09000025889386909,31,9,1,0.6116935483870968,0.5075588453674998,0.8902707311863693,0.010271646859083192,0.2903225806451613,0.03225806451612903,0.6430307058114539,64.303,2025-03-25,0.7496169510869974,74.962,0.8352272727272727,0.9388349514563107,0.8902707311863693,0.018421052631578946,22.5,18.0,0.0,0.0,11.5,11.5,7,0,0,high,128.43498423622788,37.1760799088671,128.44636015320177,37.185003413073495
1129_1970,436,436.0,128.96947556523918,37.72495378470609,0.5405327563950046,0.7192575006870908,0.6978735012100818,0.6866518237991343,0.12533963804003395,31,12,2,0.5467741935483871,0.5213861431431819,0.9496789808049588,0.010271646859083192,0.3870967741935484,0.06451612903225806,0.6428120793623662,64.281,2025-03-25,0.7192575006870908,71.926,0.7268939393939394,0.9432038834951457,0.9496789808049588,0.018421052631578946,20.3,39.0,0.0,0.0,11.6,11.6,7,0,0,high,128.9637149425552,37.720519174370395,128.975236874589,37.7293880958027
1124_1975,854,854.0,128.91361210848206,37.77069997907408,0.5497734892453279,0.7287088046733055,0.7011417831870055,0.6692050145544947,0.09553391600907332,31,10,2,0.5285312805474095,0.5472809199900062,1.0,0.010271646859083192,0.3225806451612903,0.06451612903225806,0.6426604681163033,64.266,2025-03-24,0.7287088046733055,72.871,0.7909090909090909,0.8446438311334135,1.0,0.007894736842105263,24.2,20.0,0.0,6.5,9.4,10.9,6,0,0,high,128.9078510971092,37.766262675092904,128.91937380814363,37.77513698421252
1122_1973,920,920.0,128.8905721912804,37.75294897142825,0.5497734892453279,0.7287088046733055,0.7011417831870055,0.6692050145544947,0.09553391600907332,31,10,2,0.5285312805474095,0.5472809199900062,1.0,0.010271646859083192,0.3225806451612903,0.06451612903225806,0.6426604681163033,64.266,2025-03-24,0.7287088046733055,72.871,0.7909090909090909,0.8446438311334135,1.0,0.007894736842105263,24.2,20.0,0.0,6.5,9.4,10.9,6,0,0,high,128.88481393162,37.74851047341124,128.89633113865256,37.757387171136514
1121_1973,599,599.0,128.87922361427178,37.75308234540578,0.5497734892453279,0.7287088046733055,0.7011417831870055,0.6692050145544947,0.09553391600907332,31,10,2,0.5285312805474095,0.5472809199900062,1.0,0.010271646859083192,0.3225806451612903,0.06451612903225806,0.6426604681163033,64.266,2025-03-24,0.7287088046733055,72.871,0.7909090909090909,0.8446438311334135,1.0,0.007894736842105263,24.2,20.0,0.0,6.5,9.4,10.9,6,0,0,high,128.87346600491256,37.748643279783586,128.8849819113605,37.75752111289248
1121_1975,690,690.0,128.8795583474476,37.77110363844867,0.5497734892453279,0.7287088046733055,0.7011417831870055,0.6692050145544947,0.09553391600907332,31,10,2,0.5285312805474095,0.5472809199900062,1.0,0.010271646859083192,0.3225806451612903,0.06451612903225806,0.6426604681163033,64.266,2025-03-24,0.7287088046733055,72.871,0.7909090909090909,0.8446438311334135,1.0,0.007894736842105263,24.2,20.0,0.0,6.5,9.4,10.9,6,0,0,high,128.87379928773734,37.76666463006808,128.88531809550022,37.77554234850651
1122_1974,730,730.0,128.89074089632305,37.76195958211024,0.5497734892453279,0.7287088046733055,0.7011417831870055,0.6692050145544947,0.09553391600907332,31,10,2,0.5285312805474095,0.5472809199900062,1.0,0.010271646859083192,0.3225806451612903,0.06451612903225806,0.6426604681163033,64.266,2025-03-24,0.7287088046733055,72.871,0.7909090909090909,0.8446438311334135,1.0,0.007894736842105263,24.2,20.0,0.0,6.5,9.4,10.9,6,0,0,high,128.8849819113605,37.75752111289248,128.89650056930373,37.76639775292556
1123_1974,891,891.0,128.90209077388076,37.76182507240256,0.5497734892453279,0.7287088046733055,0.7011417831870055,0.6692050145544947,0.09553391600907332,31,10,2,0.5285312805474095,0.5472809199900062,1.0,0.010271646859083192,0.3225806451612903,0.06451612903225806,0.6426604681163033,64.266,2025-03-24,0.7287088046733055,72.871,0.7909090909090909,0.8446438311334135,1.0,0.007894736842105263,24.2,20.0,0.0,6.5,9.4,10.9,6,0,0,high,128.89633113865256,37.757387171136514,128.9078510971092,37.766262675092904
1123_1973,792,792.0,128.90192069312604,37.752814505134864,0.5497734892453279,0.7287088046733055,0.7011417831870055,0.6692050145544947,0.09553391600907332,31,10,2,0.5285312805474095,0.5472809199900062,1.0,0.010271646859083192,0.3225806451612903,0.06451612903225806,0.6426604681163033,64.266,2025-03-24,0.7287088046733055,72.871,0.7909090909090909,0.8446438311334135,1.0,0.007894736842105263,24.2,20.0,0.0,6.5,9.4,10.9,6,0,0,high,128.89616178348848,37.74837657488813,128.90768029045756,37.7572521368996
1123_1969,431,431.0,128.9012411275035,37.71677209144076,0.540093975896759,0.7188187201888453,0.6974347207118363,0.6862130433008886,0.12533963804003395,31,12,2,0.5467741935483871,0.5213861431431819,0.9474850783137309,0.010271646859083192,0.3870967741935484,0.06451612903225806,0.6424171769139452,64.242,2025-03-25,0.7188187201888453,71.882,0.7268939393939394,0.9432038834951457,0.947485078313731,0.018421052631578946,20.3,39.0,0.0,0.0,11.6,11.6,7,0,0,high,128.89548511698882,37.71233404533052,128.9069978244883,37.72120983944359
1127_1971,430,430.0,128.94696300478594,37.73424489356444,0.5400056106091856,0.7187303549012719,0.6973463554242629,0.6861246780133153,0.12533963804003395,31,12,2,0.5467741935483871,0.5213861431431819,0.9470432518758642,0.010271646859083192,0.3870967741935484,0.06451612903225806,0.6423376481551291,64.234,2025-03-25,0.7187303549012719,71.873,0.7268939393939394,0.9432038834951457,0.9470432518758642,0.018421052631578946,20.3,39.0,0.0,0.0,11.6,11.6,7,0,0,high,128.94120295099424,37.72980917665294,128.95272374558655,37.738680311488935
1089_1914,312,312.0,128.50885547717112,37.22504954357431,0.5503186807956272,0.7487736079197745,0.6888712570439735,0.6685949567389302,0.09000025889386906,31,9,1,0.6116935483870968,0.5075588453674998,0.8860540153502552,0.010271646859083192,0.2903225806451613,0.03225806451612903,0.6422716969609534,64.227,2025-03-25,0.7487736079197745,74.877,0.8352272727272727,0.9388349514563107,0.8860540153502552,0.018421052631578946,22.5,18.0,0.0,0.0,11.5,11.5,7,0,0,high,128.50316051330486,37.22059106293446,128.5145511114151,37.229507737044585
1104_1905,311,311.0,128.67664810753564,37.142378560836256,0.5501966659570362,0.7486515930811837,0.6887492422053827,0.6684729419003393,0.09000025889386909,31,9,1,0.6116935483870968,0.5075588453674998,0.8854439411573006,0.010271646859083192,0.2903225806451613,0.03225806451612903,0.6421618836062216,64.216,2025-03-25,0.7486515930811837,74.865,0.8352272727272727,0.9388349514563107,0.8854439411573006,0.018421052631578946,22.5,18.0,0.0,0.0,11.5,11.5,7,0,0,high,128.6709498219843,37.137928146367884,128.68234706058465,37.14682868638402
1106_1913,308,308.0,128.70030352148126,37.21425030365543,0.5498282611150417,0.748283188239189,0.688380837363388,0.6681045370583447,0.09000025889386909,31,9,1,0.6116935483870968,0.5075588453674998,0.8836019169473273,0.010271646859083192,0.2903225806451613,0.03225806451612903,0.6418303192484265,64.183,2025-03-25,0.748283188239189,74.828,0.8352272727272727,0.9388349514563107,0.8836019169473273,0.018421052631578946,22.5,18.0,0.0,0.0,11.5,11.5,7,0,0,high,128.69459836189745,37.20980119912181,128.7060093509127,37.21869911819415
1119_1972,421,421.0,128.85636173284698,37.74433506309219,0.5392009701033992,0.7179257143954855,0.6965417149184765,0.6853200375075289,0.12533963804003395,31,12,2,0.5467741935483871,0.5213861431431819,0.9430200493469321,0.010271646859083192,0.3870967741935484,0.06451612903225806,0.6416134716999212,64.161,2025-03-25,0.7179257143954855,71.793,0.7268939393939394,0.9432038834951457,0.9430200493469321,0.018421052631578946,20.3,39.0,0.0,0.0,11.6,11.6,7,0,0,high,128.85060614917367,37.739894834505925,128.86211800397854,37.74877499398311
1103_1907,306,306.0,128.66566712814577,37.160514450932475,0.5495806654104761,0.7480355925346235,0.6881332416588224,0.6678569413537792,0.0900002588938691,31,9,1,0.6116935483870968,0.5075588453674998,0.8823639384244996,0.010271646859083192,0.2903225806451613,0.03225806451612903,0.6416074831143175,64.161,2025-03-25,0.7480355925346235,74.804,0.8352272727272727,0.9388349514563107,0.8823639384244996,0.018421052631578946,22.5,18.0,0.0,0.0,11.5,11.5,7,0,0,high,128.6599680823218,37.156063534080886,128.67136684207586,37.16496507885185
1103_1932,492,492.0,128.66914645868243,37.38581788263711,0.5505027065642147,0.7545677246997154,0.6709392907445517,0.6407555057790986,0.08554391298430462,31,10,1,0.6177859237536657,0.42925711792298465,0.9726665527656992,0.010271646859083192,0.3225806451612903,0.03225806451612903,0.6412860612344654,64.129,2025-03-25,0.7545677246997154,75.457,0.8337121212121212,0.8951456310679612,0.9726665527656992,0.018421052631578946,22.1,22.0,0.0,0.0,10.5,10.5,7,0,0,high,128.6634298464418,37.381367593045,128.6748637465013,37.39026788100582
1103_1912,303,303.0,128.66635990075693,37.205575847008404,0.5492062309332043,0.7476611580573517,0.6877588071815506,0.6674825068765073,0.09000025889386905,31,9,1,0.6116935483870968,0.5075588453674998,0.8804917660381407,0.010271646859083192,0.2903225806451613,0.03225806451612903,0.6412704920847727,64.127,2025-03-25,0.7476611580573517,74.766,0.8352272727272727,0.9388349514563107,0.8804917660381407,0.018421052631578946,22.5,18.0,0.0,0.0,11.5,11.5,7,0,0,high,128.66065735729515,37.20112505536237,128.67206311381221,37.21002634926509
1099_1924,298,298.0,128.62289572382682,37.31415867588531,0.5485738846906238,0.7470288118147713,0.6871264609389702,0.666850160633927,0.0900002588938691,31,9,1,0.6116935483870968,0.5075588453674998,0.8773300348252389,0.010271646859083192,0.2903225806451613,0.03225806451612903,0.6407013804664505,64.07,2025-03-25,0.7470288118147713,74.703,0.8352272727272727,0.9388349514563107,0.8773300348252389,0.018421052631578946,22.5,18.0,0.0,0.0,11.5,11.5,7,0,0,high,128.61718732526316,37.309705963624495,128.62860479562505,37.31861109834498
1105_1912,297,297.0,128.6888938720197,37.205351804724785,0.5484461472025726,0.74690107432672,0.686998723450919,0.6667224231458757,0.09000025889386909,31,9,1,0.6116935483870968,0.5075588453674998,0.8766913473849821,0.010271646859083192,0.2903225806451613,0.03225806451612903,0.6405864167272043,64.059,2025-03-25,0.74690107432672,74.69,0.8352272727272727,0.9388349514563107,0.8766913473849822,0.018421052631578946,22.5,18.0,0.0,0.0,11.5,11.5,7,0,0,high,128.6831900517064,37.20090212059577,128.69459836189745,37.20980119912181
1121_1971,405,405.0,128.8788891792976,37.73506099459033,0.5377271787408834,0.7164519230329697,0.6950679235559605,0.683846246145013,0.12533963804003395,31,12,2,0.5467741935483871,0.5213861431431819,0.9356510925343527,0.010271646859083192,0.3870967741935484,0.06451612903225806,0.640287059473657,64.029,2025-03-25,0.7164519230329697,71.645,0.7268939393939394,0.9432038834951457,0.9356510925343527,0.018421052631578946,20.3,39.0,0.0,0.0,11.6,11.6,7,0,0,high,128.873133018994,37.730621871749875,128.8846460267184,37.739499819482454
1127_1912,224,224.0,128.93674989779498,37.20260454784509,0.5315308189614792,0.7293569691635186,0.7225450146091039,0.6439867216440286,0.10807099919531402,31,8,3,0.5511608015640274,0.5796065480316844,0.8231205714954234,0.010271646859083192,0.25806451612903225,0.0967741935483871,0.6402783097256168,64.028,2025-03-25,0.7293569691635186,72.936,0.7799242424242425,1.0,0.8231205714954234,0.018421052631578946,18.9,26.0,0.0,0.0,12.9,12.9,7,0,0,high,128.93103211481852,37.19816708966938,128.94246834997955,37.20704171252722
1126_1917,223,223.0,128.9263329177355,37.24779710674549,0.5313609763442533,0.7291871265462926,0.7223751719918778,0.6438168790268027,0.108070999195314,31,8,3,0.5511608015640274,0.5796065480316844,0.8222713584092939,0.010271646859083192,0.25806451612903225,0.0967741935483871,0.6401254513701135,64.013,2025-03-25,0.7291871265462926,72.919,0.7799242424242425,1.0,0.822271358409294,0.018421052631578946,18.9,26.0,0.0,0.0,12.9,12.9,7,0,0,high,128.920612228249,37.24335923699029,128.9320542779373,37.25223468271559
1118_1914,220,220.0,128.8356760655488,37.22181438420364,0.5308468615282563,0.7286730117302956,0.721861057175881,0.6433027642108057,0.10807099919531402,31,8,3,0.5511608015640274,0.5796065480316844,0.8197007843293088,0.010271646859083192,0.25806451612903225,0.0967741935483871,0.6396627480357162,63.966,2025-03-25,0.7286730117302956,72.867,0.7799242424242425,1.0,0.8197007843293088,0.018421052631578946,18.9,26.0,0.0,0.0,12.9,12.9,7,0,0,high,128.82996256649434,37.21737197040755,128.84139023456083,37.22625650585912
1119_1912,217,217.0,128.84662435737758,37.20366353047006,0.530325719868778,0.7281518700708173,0.7213399155164026,0.6427816225513274,0.108070999195314,31,8,3,0.5511608015640274,0.5796065480316844,0.8170950760319173,0.010271646859083192,0.25806451612903225,0.0967741935483871,0.6391937205421857,63.919,2025-03-25,0.7281518700708173,72.815,0.7799242424242425,1.0,0.8170950760319173,0.018421052631578946,18.9,26.0,0.0,0.0,12.9,12.9,7,0,0,high,128.8409116341519,37.19922161734323,128.85233774994876,37.20810515146957
1120_1981,564,564.0,128.86920466401318,37.82529979442562,0.549504496210682,0.7284398116386597,0.7008727901523596,0.6689360215198488,0.09553391600907331,31,9,2,0.5285312805474095,0.5472809199900062,0.9986550348267709,0.010271646859083192,0.2903225806451613,0.06451612903225806,0.6391925679335093,63.919,2025-03-24,0.7284398116386597,72.844,0.7909090909090909,0.8446438311334135,0.9986550348267709,0.007894736842105263,24.2,20.0,0.0,6.5,9.4,10.9,6,0,0,high,128.86344189840378,37.82086038901807,128.87496811982464,37.82973890112169
1127_1972,388,388.0,128.94713843161347,37.74325531266081,0.5360962300535289,0.7148209743456152,0.693436974868606,0.6822152974576585,0.12533963804003395,31,12,1,0.5467741935483871,0.5213861431431819,0.9274963490975804,0.010271646859083192,0.3870967741935484,0.03225806451612903,0.638819205655038,63.882,2025-03-25,0.7148209743456152,71.482,0.7268939393939394,0.9432038834951457,0.9274963490975804,0.018421052631578946,20.3,39.0,0.0,0.0,11.6,11.6,7,0,0,high,128.94137765172798,37.73881962544385,128.95289989881385,37.747690700796966
1096_2004,309,309.0,128.59963490605605,38.0354151011926,0.5500622845340072,0.7059124055659612,0.6940781697426096,0.6907906827195193,0.10822058342076969,31,12,1,0.5373655913978495,0.6269268800782611,0.8842179046321978,0.010271646859083192,0.3870967741935484,0.03225806451612903,0.6387188356841561,63.872,2025-03-24,0.7059124055659612,70.591,0.7515151515151515,0.9091142140285808,0.8842179046321978,0.007894736842105263,21.8,22.0,0.0,11.0,9.1,12.8,6,0,0,high,128.5938712591679,38.03096264854145,128.60539925064316,38.0398672571683
1129_1910,214,214.0,128.95893365494192,37.184306684272876,0.5297973566172854,0.7276235068193246,0.7208115522649099,0.6422532592998347,0.108070999195314,31,8,3,0.5511608015640274,0.5796065480316844,0.8144532597744539,0.010271646859083192,0.25806451612903225,0.0967741935483871,0.6387181936158423,63.872,2025-03-25,0.7276235068193246,72.762,0.7799242424242425,1.0,0.8144532597744539,0.018421052631578946,18.9,26.0,0.0,0.0,12.9,12.9,7,0,0,high,128.95321602479936,37.17987028208622,128.96465195366204,37.18874279280964
1123_1975,555,555.0,128.9022609304468,37.770835625204995,0.5488922324922003,0.727827547920178,0.7002605264338779,0.6683237578013671,0.09553391600907332,31,9,2,0.5285312805474095,0.5472809199900062,0.9955937162343624,0.010271646859083192,0.2903225806451613,0.06451612903225806,0.6386415305868757,63.864,2025-03-24,0.727827547920178,72.783,0.7909090909090909,0.8446438311334135,0.9955937162343624,0.007894736842105263,24.2,20.0,0.0,6.5,9.4,10.9,6,0,0,high,128.89650056930373,37.76639775292556,128.9080219798966,37.775273198815015
1102_1937,453,453.0,128.65854623772674,37.43098881617561,0.5473603705113782,0.751425388646879,0.6677969546917153,0.6376131697262621,0.08554391298430461,31,10,1,0.6177859237536657,0.42925711792298465,0.9569548725015167,0.010271646859083192,0.3225806451612903,0.03225806451612903,0.6384579587869126,63.846,2025-03-25,0.751425388646879,75.143,0.8337121212121212,0.8951456310679612,0.9569548725015167,0.018421052631578946,22.1,22.0,0.0,0.0,10.5,10.5,7,0,0,high,128.6528267346631,37.42653809443131,128.66426641788803,37.43543924640895
1126_1974,546,546.0,128.93613994923464,37.76141498749388,0.5482699767227701,0.7272052921507477,0.6996382706644476,0.6677015020319368,0.09553391600907331,31,9,2,0.5285312805474095,0.5472809199900062,0.992482437387211,0.010271646859083192,0.2903225806451613,0.06451612903225806,0.6380815003943885,63.808,2025-03-24,0.7272052921507477,72.721,0.7909090909090909,0.8446438311334135,0.992482437387211,0.007894736842105263,24.2,20.0,0.0,6.5,9.4,10.9,6,0,0,high,128.9303783651557,37.756978791072925,128.94190222125934,37.765850884819486
1122_1908,210,210.0,128.87976597873057,37.16722834200546,0.5290812866612487,0.7269074368632878,0.7200954823088732,0.641537189343798,0.108070999195314,31,8,3,0.5511608015640274,0.5796065480316844,0.8108729099942702,0.010271646859083192,0.25806451612903225,0.0967741935483871,0.6380737306554092,63.807,2025-03-25,0.7269074368632878,72.691,0.7799242424242425,1.0,0.8108729099942702,0.018421052631578946,18.9,26.0,0.0,0.0,12.9,12.9,7,0,0,high,128.87405417588653,37.16278798454177,128.88547844968022,37.17166840719798
1128_1970,378,378.0,128.95813165003736,37.72509466789658,0.5351032154806297,0.713827959772716,0.6924439602957069,0.6812222828847593,0.12533963804003395,31,12,1,0.5467741935483871,0.5213861431431819,0.9225312762330844,0.010271646859083192,0.3870967741935484,0.03225806451612903,0.6379254925394287,63.793,2025-03-25,0.713827959772716,71.383,0.7268939393939394,0.9432038834951457,0.9225312762330844,0.018421052631578946,20.3,39.0,0.0,0.0,11.6,11.6,7,0,0,high,128.9523716745221,37.72065948934656,128.96389231223714,37.72952954738044
1128_1969,377,377.0,128.95795500639358,37.71608426492898,0.5350024767046674,0.7137272209967537,0.6923432215197445,0.681121544108797,0.12533963804003395,31,12,1,0.5467741935483871,0.5213861431431819,0.9220275823532728,0.010271646859083192,0.3870967741935484,0.03225806451612903,0.6378348276410626,63.783,2025-03-25,0.7137272209967537,71.373,0.7268939393939394,0.9432038834951457,0.9220275823532728,0.018421052631578946,20.3,39.0,0.0,0.0,11.6,11.6,7,0,0,high,128.95219575661076,37.71164905651522,128.9637149425552,37.720519174370395
1130_1971,371,371.0,128.9809988707481,37.7338221075268,0.5343923900169049,0.7131171343089912,0.6917331348319822,0.6805114574210346,0.12533963804003395,31,12,1,0.5467741935483871,0.5213861431431819,0.9189771489144606,0.010271646859083192,0.3870967741935484,0.03225806451612903,0.6372857496220764,63.729,2025-03-25,0.7131171343089912,71.312,0.7268939393939394,0.9432038834951457,0.9189771489144606,0.018421052631578946,20.3,39.0,0.0,0.0,11.6,11.6,7,0,0,high,128.975236874589,37.7293880958027,128.98676155386002,37.73825581974499
1124_1974,532,532.0,128.9134405756271,37.76168947004888,0.5472813760435622,0.7262166914715399,0.6986496699852398,0.666712901352729,0.09553391600907331,31,9,2,0.5285312805474095,0.5472809199900062,0.9875394339911717,0.010271646859083192,0.2903225806451613,0.06451612903225806,0.6371917597831015,63.719,2025-03-24,0.7262166914715399,72.622,0.7909090909090909,0.8446438311334135,0.9875394339911717,0.007894736842105263,24.2,20.0,0.0,6.5,9.4,10.9,6,0,0,high,128.90768029045756,37.7572521368996,128.9192015487789,37.766126504449204
1116_1916,204,204.0,128.81345110620836,37.2400898480143,0.527981317945154,0.7258074681471932,0.7189955135927786,0.6404372206277034,0.108070999195314,31,8,3,0.5511608015640274,0.5796065480316844,0.8053730664137971,0.010271646859083192,0.25806451612903225,0.0967741935483871,0.637083758810924,63.708,2025-03-25,0.7258074681471932,72.581,0.7799242424242425,1.0,0.8053730664137971,0.018421052631578946,18.9,26.0,0.0,0.0,12.9,12.9,7,0,0,high,128.80773746714675,37.23564637649703,128.8191654158565,37.244533027548904
1103_1939,434,434.0,128.67012762990424,37.448901252282646,0.5457302854226043,0.749795303558105,0.6661668696029412,0.6359830846374881,0.08554391298430462,31,10,1,0.6177859237536657,0.42925711792298465,0.9488044470576465,0.010271646859083192,0.3225806451612903,0.03225806451612903,0.636990882207016,63.699,2025-03-25,0.749795303558105,74.98,0.8337121212121212,0.8951456310679612,0.9488044470576465,0.018421052631578946,22.1,22.0,0.0,0.0,10.5,10.5,7,0,0,high,128.6644060638695,37.4444511388768,128.67584987362505,37.45335107382106
1124_1919,203,203.0,128.90412296857056,37.26608922216829,0.5277948647397663,0.7256210149418055,0.7188090603873909,0.6402507674223157,0.10807099919531396,31,8,3,0.5511608015640274,0.5796065480316844,0.8044408003868588,0.010271646859083192,0.25806451612903225,0.0967741935483871,0.6369159509260751,63.692,2025-03-25,0.7256210149418055,72.562,0.7799242424242425,1.0,0.8044408003868588,0.018421052631578946,18.9,26.0,0.0,0.0,12.9,12.9,7,0,0,high,128.8984021293307,37.26165029390374,128.90984447915773,37.27052785680471
1116_1914,201,201.0,128.81313845787446,37.2220664413668,0.5274192005727574,0.7252453507747966,0.7184333962203819,0.6398751032553067,0.10807099919531396,31,8,3,0.5511608015640274,0.5796065480316844,0.802562479551814,0.010271646859083192,0.25806451612903225,0.0967741935483871,0.6365778531757672,63.658,2025-03-25,0.7252453507747966,72.525,0.7799242424242425,1.0,0.802562479551814,0.018421052631578946,18.9,26.0,0.0,0.0,12.9,12.9,7,0,0,high,128.80742622865625,37.21762291507561,128.81885135708296,37.22650967585944
1084_1909,290,290.0,128.4519359819263,37.180451836217664,0.5475397981399611,0.7459947252641085,0.6860923743883074,0.6658160740832642,0.09000025889386909,31,8,1,0.6116935483870968,0.5075588453674998,0.8721596020719244,0.010271646859083192,0.25806451612903225,0.03225806451612903,0.6365448961192409,63.654,2025-03-25,0.7459947252641085,74.599,0.8352272727272727,0.9388349514563107,0.8721596020719244,0.018421052631578946,22.5,18.0,0.0,0.0,11.5,11.5,7,0,0,high,128.44624771397724,37.17599049110523,128.4576249188239,37.18491289547354
1124_1976,521,521.0,128.91378371779737,37.77971047362208,0.5464862275133098,0.7254215429412874,0.6978545214549874,0.6659177528224766,0.09553391600907332,31,9,2,0.5285312805474095,0.5472809199900062,0.9835636913399095,0.010271646859083192,0.2903225806451613,0.06451612903225806,0.6364761261058742,63.648,2025-03-24,0.7254215429412874,72.542,0.7909090909090909,0.8446438311334135,0.9835636913399095,0.007894736842105263,24.2,20.0,0.0,6.5,9.4,10.9,6,0,0,high,128.9080219798966,37.775273198815015,128.91954614429343,37.784147449492664
1128_1910,199,199.0,128.94767105035493,37.184444857314475,0.5270397983924595,0.7248659485944987,0.7180539940400841,0.6394957010750089,0.10807099919531396,31,8,3,0.5511608015640274,0.5796065480316844,0.8006654686503247,0.010271646859083192,0.25806451612903225,0.0967741935483871,0.636236391213499,63.624,2025-03-25,0.7248659485944987,72.487,0.7799242424242425,1.0,0.8006654686503247,0.018421052631578946,18.9,26.0,0.0,0.0,12.9,12.9,7,0,0,high,128.94195405038968,37.180007897722255,128.9533887189156,37.18888152342735
1089_1912,285,285.0,128.50861545556577,37.207024144069614,0.5468789565634765,0.745333883687624,0.685431532811823,0.6651552325067797,0.09000025889386905,31,8,1,0.6116935483870968,0.5075588453674998,0.8688553941895023,0.010271646859083192,0.25806451612903225,0.03225806451612903,0.6359501387004048,63.595,2025-03-25,0.745333883687624,74.533,0.8352272727272727,0.9388349514563107,0.8688553941895023,0.018421052631578946,22.5,18.0,0.0,0.0,11.5,11.5,7,0,0,high,128.50292188496945,37.20256561829135,128.51430969594358,37.21148238286019
1107_1941,420,420.0,128.71563256287845,37.466468301941376,0.5444829441428404,0.7485479622783411,0.6649195283231772,0.6347357433577242,0.08554391298430458,31,10,1,0.6177859237536657,0.42925711792298465,0.9425677406588271,0.010271646859083192,0.3225806451612903,0.03225806451612903,0.6358682750552285,63.587,2025-03-25,0.7485479622783411,74.855,0.8337121212121212,0.8951456310679612,0.9425677406588271,0.018421052631578946,22.1,22.0,0.0,0.0,10.5,10.5,7,0,0,high,128.70990699311426,37.46202047534105,128.72135881087232,37.47091583580025
1118_1970,354,354.0,128.84468826900726,37.726443484309776,0.5326088371650558,0.711333581457142,0.6899495819801329,0.6787279045691853,0.12533963804003395,31,12,1,0.5467741935483871,0.5213861431431819,0.9100593846552144,0.010271646859083192,0.3870967741935484,0.03225806451612903,0.6356805520554122,63.568,2025-03-25,0.711333581457142,71.133,0.7268939393939394,0.9432038834951457,0.9100593846552144,0.018421052631578946,20.3,39.0,0.0,0.0,11.6,11.6,7,0,0,high,128.838934782994,37.72200263267607,128.85044244188396,37.7308840386083
1109_1916,194,194.0,128.73454855073825,37.24093883636251,0.5260744403866459,0.7239005905886851,0.7170886360342703,0.6385303430691951,0.108070999195314,31,8,3,0.5511608015640274,0.5796065480316844,0.795838678621256,0.010271646859083192,0.25806451612903225,0.0967741935483871,0.6353675690082666,63.537,2025-03-25,0.7239005905886851,72.39,0.7799242424242425,1.0,0.795838678621256,0.018421052631578946,18.9,26.0,0.0,0.0,12.9,12.9,7,0,0,high,128.72883936994552,37.236491473770606,128.74025840222785,37.24538590817044
1111_1920,193,193.0,128.75769175722272,37.276749066982596,0.5258784008570034,0.7237045510590426,0.716892596504628,0.6383343035395528,0.108070999195314,31,8,3,0.5511608015640274,0.5796065480316844,0.7948584809730442,0.010271646859083192,0.25806451612903225,0.0967741935483871,0.6351911334315885,63.519,2025-03-25,0.7237045510590426,72.37,0.7799242424242425,1.0,0.7948584809730442,0.018421052631578946,18.9,26.0,0.0,0.0,12.9,12.9,7,0,0,high,128.751978483261,37.272302921347155,128.76340570304478,37.281194921123735
1114_1918,193,193.0,128.7912154174827,37.25836128917298,0.5258784008570034,0.7237045510590426,0.716892596504628,0.6383343035395528,0.108070999195314,31,8,3,0.5511608015640274,0.5796065480316844,0.7948584809730442,0.010271646859083192,0.25806451612903225,0.0967741935483871,0.6351911334315885,63.519,2025-03-25,0.7237045510590426,72.37,0.7799242424242425,1.0,0.7948584809730442,0.018421052631578946,18.9,26.0,0.0,0.0,12.9,12.9,7,0,0,high,128.78550164067005,37.25391675918183,128.79692986551098,37.26280552733977
1124_1977,501,501.0,128.9139554036092,37.78872095369145,0.5449966004015009,0.7239319158294786,0.6963648943431785,0.6644281257106676,0.0955339160090733,31,9,2,0.5285312805474095,0.5472809199900062,0.9761155557808651,0.010271646859083192,0.2903225806451613,0.06451612903225806,0.6351354617052463,63.514,2025-03-24,0.7239319158294786,72.393,0.7909090909090909,0.8446438311334135,0.9761155557808651,0.007894736842105263,24.2,20.0,0.0,6.5,9.4,10.9,6,0,0,high,128.90819293885582,37.78428370806444,128.91971855726464,37.793157900288136
1109_1919,192,192.0,128.73498985952182,37.26797466563457,0.5256813481986786,0.7235074984007179,0.7166955438463032,0.638137250881228,0.108070999195314,31,8,3,0.5511608015640274,0.5796065480316844,0.7938732176814206,0.010271646859083192,0.25806451612903225,0.0967741935483871,0.6350137860390963,63.501,2025-03-25,0.7235074984007179,72.351,0.7799242424242425,1.0,0.7938732176814206,0.018421052631578946,18.9,26.0,0.0,0.0,12.9,12.9,7,0,0,high,128.7292785675427,37.26352738149443,128.7407018230934,37.27242165871525
1117_1919,192,192.0,128.82519614694746,37.26699915423221,0.5256813481986786,0.7235074984007179,0.7166955438463032,0.638137250881228,0.108070999195314,31,8,3,0.5511608015640274,0.5796065480316844,0.7938732176814206,0.010271646859083192,0.25806451612903225,0.0967741935483871,0.6350137860390963,63.501,2025-03-25,0.7235074984007179,72.351,0.7799242424242425,1.0,0.7938732176814206,0.018421052631578946,18.9,26.0,0.0,0.0,12.9,12.9,7,0,0,high,128.81947975427695,37.26255632197623,128.83091321108358,37.271441694057955
1121_1974,499,499.0,128.87939094356685,37.762092999149516,0.5448443862092487,0.7237797016372263,0.6962126801509262,0.6642759115184154,0.09553391600907331,31,9,2,0.5285312805474095,0.5472809199900062,0.9753544848196037,0.010271646859083192,0.2903225806451613,0.06451612903225806,0.6349984689322192,63.5,2025-03-24,0.7237797016372263,72.378,0.7909090909090909,0.8446438311334135,0.9753544848196037,0.007894736842105263,24.2,20.0,0.0,6.5,9.4,10.9,6,0,0,high,128.8736326091941,37.75765396214521,128.88514996597544,37.76653173792471
1098_1911,276,276.0,128.60989191977268,37.1971047772721,0.5456597889729617,0.7441147160971091,0.6842123652213081,0.6639360649162648,0.09000025889386905,31,8,1,0.6116935483870968,0.5075588453674998,0.8627595562369279,0.010271646859083192,0.25806451612903225,0.03225806451612903,0.6348528878689416,63.485,2025-03-25,0.7441147160971091,74.411,0.8352272727272727,0.9388349514563107,0.8627595562369279,0.018421052631578946,22.5,18.0,0.0,0.0,11.5,11.5,7,0,0,high,128.60419327263293,37.192651195555804,128.6155912362784,37.201558070547456
1110_1941,407,407.0,128.74954990979833,37.46611446562718,0.5432869839589791,0.7473520020944798,0.6637235681393161,0.633539783173863,0.08554391298430461,31,10,1,0.6177859237536657,0.42925711792298465,0.9365879397395207,0.010271646859083192,0.3225806451612903,0.03225806451612903,0.6347919108897534,63.479,2025-03-25,0.7473520020944798,74.735,0.8337121212121212,0.8951456310679612,0.9365879397395207,0.018421052631578946,22.1,22.0,0.0,0.0,10.5,10.5,7,0,0,high,128.74382240422577,37.46166831808003,128.75527809355415,37.47056031991582
1104_1919,275,275.0,128.67860878129872,37.268549466619795,0.5455218879021339,0.7439768150262813,0.6840744641504803,0.663798163845437,0.09000025889386903,31,8,1,0.6116935483870968,0.5075588453674998,0.8620700508827888,0.010271646859083192,0.25806451612903225,0.03225806451612903,0.6347287769051965,63.473,2025-03-25,0.7439768150262813,74.398,0.8352272727272727,0.9388349514563107,0.8620700508827888,0.018421052631578946,22.5,18.0,0.0,0.0,11.5,11.5,7,0,0,high,128.67290068746038,37.264099405391576,128.68431754680435,37.27299923764616
1095_1911,275,275.0,128.57609362850062,37.197416633000955,0.5455218879021339,0.7439768150262813,0.6840744641504803,0.663798163845437,0.09000025889386903,31,8,1,0.6116935483870968,0.5075588453674998,0.8620700508827888,0.010271646859083192,0.25806451612903225,0.03225806451612903,0.6347287769051965,63.473,2025-03-25,0.7439768150262813,74.398,0.8352272727272727,0.9388349514563107,0.8620700508827888,0.018421052631578946,22.5,18.0,0.0,0.0,11.5,11.5,7,0,0,high,128.5703969028008,37.1929613942537,128.58179102360685,37.201871583821706
1117_1918,190,190.0,128.82503823646022,37.25798754176202,0.5252841612267495,0.7231103114287888,0.7162983568743742,0.6377400639092988,0.108070999195314,31,8,3,0.5511608015640274,0.5796065480316844,0.7918872828217747,0.010271646859083192,0.25806451612903225,0.0967741935483871,0.63465631776436,63.466,2025-03-25,0.7231103114287888,72.311,0.7799242424242425,1.0,0.7918872828217747,0.018421052631578946,18.9,26.0,0.0,0.0,12.9,12.9,7,0,0,high,128.81932255009454,37.25354468192109,128.8307545939929,37.26243010926487
1110_1919,190,190.0,128.74626588101808,37.26785648434907,0.5252841612267495,0.7231103114287888,0.7162983568743742,0.6377400639092988,0.108070999195314,31,8,3,0.5511608015640274,0.5796065480316844,0.7918872828217747,0.010271646859083192,0.25806451612903225,0.0967741935483871,0.63465631776436,63.466,2025-03-25,0.7231103114287888,72.311,0.7799242424242425,1.0,0.7918872828217747,0.018421052631578946,18.9,26.0,0.0,0.0,12.9,12.9,7,0,0,high,128.74055395035225,37.26340975612006,128.751978483261,37.272302921347155
1121_1917,190,190.0,128.86997113391038,37.24846272742197,0.5252841612267495,0.7231103114287888,0.7162983568743742,0.6377400639092988,0.108070999195314,31,8,3,0.5511608015640274,0.5796065480316844,0.7918872828217747,0.010271646859083192,0.25806451612903225,0.0967741935483871,0.63465631776436,63.466,2025-03-25,0.7231103114287888,72.311,0.7799242424242425,1.0,0.7918872828217747,0.018421052631578946,18.9,26.0,0.0,0.0,12.9,12.9,7,0,0,high,128.86425361299953,37.24402206844339,128.8756893256231,37.25290309347027
1121_1976,494,494.0,128.8797258259494,37.78011426330178,0.5444611708778379,0.7233964863058154,0.6958294648195154,0.6638926961870045,0.09553391600907331,31,9,2,0.5285312805474095,0.5472809199900062,0.9734384081625498,0.010271646859083192,0.2903225806451613,0.06451612903225806,0.6346535751339495,63.465,2025-03-24,0.7233964863058154,72.34,0.7909090909090909,0.8446438311334135,0.9734384081625498,0.007894736842105263,24.2,20.0,0.0,6.5,9.4,10.9,6,0,0,high,128.87396604057741,37.775675283550754,128.88548629997032,37.78455294463639
1123_1966,343,343.0,128.9007322475502,37.68974012935674,0.5314086646961125,0.7101334089881988,0.6887494095111897,0.6775277321002421,0.12533963804003395,31,12,1,0.5467741935483871,0.5213861431431819,0.9040585223104985,0.010271646859083192,0.3870967741935484,0.03225806451612903,0.6346003968333632,63.46,2025-03-25,0.7101334089881988,71.013,0.7268939393939394,0.9432038834951457,0.9040585223104985,0.018421052631578946,20.3,39.0,0.0,0.0,11.6,11.6,7,0,0,high,128.89497840798052,37.68530199641098,128.90648677267356,37.69417796447575
1127_1970,342,342.0,128.9467876561097,37.725234459964916,0.5312976614022207,0.710022405694307,0.6886384062172979,0.6774167288063503,0.12533963804003395,31,12,1,0.5467741935483871,0.5213861431431819,0.9035035058410393,0.010271646859083192,0.3870967741935484,0.03225806451612903,0.6345004938688606,63.45,2025-03-25,0.710022405694307,71.002,0.7268939393939394,0.9432038834951457,0.9035035058410393,0.018421052631578946,20.3,39.0,0.0,0.0,11.6,11.6,7,0,0,high,128.94102832808747,37.720798713365,128.952547670835,37.729669907671635
1085_1910,273,273.0,128.4633145248131,37.189373668741624,0.5452445804651299,0.7436995075892773,0.6837971567134762,0.663520856408433,0.09000025889386902,31,8,1,0.6116935483870968,0.5075588453674998,0.8606835136977687,0.010271646859083192,0.25806451612903225,0.03225806451612903,0.6344792002118929,63.448,2025-03-25,0.7436995075892773,74.37,0.8352272727272727,0.9388349514563107,0.8606835136977687,0.018421052631578946,22.5,18.0,0.0,0.0,11.5,11.5,7,0,0,high,128.4576249188239,37.18491289547354,128.46900480003666,37.19383415589072
1085_1907,273,273.0,128.46297126298938,37.162335014389015,0.5452445804651299,0.7436995075892773,0.6837971567134762,0.663520856408433,0.09000025889386902,31,8,1,0.6116935483870968,0.5075588453674998,0.8606835136977687,0.010271646859083192,0.25806451612903225,0.03225806451612903,0.6344792002118929,63.448,2025-03-25,0.7436995075892773,74.37,0.8352272727272727,0.9388349514563107,0.8606835136977687,0.018421052631578946,22.5,18.0,0.0,0.0,11.5,11.5,7,0,0,high,128.45728373929364,37.15787417559882,128.46865945502702,37.166795567332265
1097_1905,273,273.0,128.59784323617657,37.143134739698965,0.5452445804651299,0.7436995075892773,0.6837971567134762,0.663520856408433,0.09000025889386902,31,8,1,0.6116935483870968,0.5075588453674998,0.8606835136977687,0.010271646859083192,0.25806451612903225,0.03225806451612903,0.6344792002118929,63.448,2025-03-25,0.7436995075892773,74.37,0.8352272727272727,0.9388349514563107,0.8606835136977687,0.018421052631578946,22.5,18.0,0.0,0.0,11.5,11.5,7,0,0,high,128.5921494133646,37.138680461669395,128.60353772658408,37.147588730005936
1028_1923,649,649.0,127.82162094425908,37.310035658802164,0.546175178610716,0.7261810501366718,0.6913867290428237,0.620681857762806,0.08470161531717624,31,9,2,0.6148460410557184,0.39478406063826416,1.0,0.010271646859083192,0.2903225806451613,0.06451612903225806,0.6344160164994828,63.442,2025-03-25,0.7261810501366718,72.618,0.7886363636363635,0.8318533871495583,1.0,0.018421052631578946,23.4,27.0,0.0,0.0,9.9,9.9,7,0,0,high,127.81595969161451,37.3055439472579,127.8272828704761,37.314527092910325
1122_1919,188,188.0,128.88157281151234,37.266354569883134,0.5248827932625167,0.722708943464556,0.7158969889101414,0.6373386959450661,0.108070999195314,31,8,3,0.5511608015640274,0.5796065480316844,0.789880443000611,0.010271646859083192,0.25806451612903225,0.0967741935483871,0.6342950865965505,63.43,2025-03-25,0.722708943464556,72.271,0.7799242424242425,1.0,0.789880443000611,0.018421052631578946,18.9,26.0,0.0,0.0,12.9,12.9,7,0,0,high,128.87585324114326,37.26191452537613,128.8872930532632,37.27079432110412
1098_2002,297,297.0,128.6221463292837,38.01717749488103,0.5485569730845641,0.7044070941165181,0.6925728582931665,0.6892853712700762,0.10822058342076969,31,11,1,0.5373655913978495,0.6269268800782611,0.8766913473849821,0.010271646859083192,0.3548387096774194,0.03225806451612903,0.6341382489280444,63.414,2025-03-24,0.7044070941165181,70.441,0.7515151515151515,0.9091142140285808,0.8766913473849822,0.007894736842105263,21.8,22.0,0.0,11.0,9.1,12.8,6,0,0,high,128.61638280347276,38.01272613132282,128.62791055214285,38.021628561599954
1075_1958,406,406.0,128.35556379787937,37.62285091984248,0.540799675089112,0.7214827499287091,0.698241078333992,0.678874825623564,0.1059253464405525,31,9,2,0.6067448680351906,0.43734785010750343,0.9361200915964869,0.010271646859083192,0.2903225806451613,0.06451612903225806,0.6340955329742839,63.41,2025-03-25,0.7214827499287091,72.148,0.7848484848484849,0.8702247191011236,0.9361200915964869,0.018421052631578946,19.1,23.0,0.0,0.0,8.4,13.4,7,0,0,high,128.34984708577826,37.61838562026449,128.36128119378324,37.6273159306599
1100_1912,269,269.0,128.63255848241144,37.20590387527571,0.5446838408811134,0.7431387680052608,0.6832364171294598,0.6629601168244165,0.09000025889386905,31,8,1,0.6116935483870968,0.5075588453674998,0.8578798157776863,0.010271646859083192,0.25806451612903225,0.03225806451612903,0.6339745345862781,63.397,2025-03-25,0.7431387680052608,74.314,0.8352272727272727,0.9388349514563107,0.8578798157776863,0.018421052631578946,22.5,18.0,0.0,0.0,11.5,11.5,7,0,0,high,128.62685785656794,37.20145142358958,128.63825977789108,37.210356038086665
1127_1968,336,336.0,128.94643719306333,37.70721354926242,0.5306247685653175,0.7093495128574037,0.6879655133803946,0.6767438359694471,0.12533963804003395,31,12,1,0.5467741935483871,0.5213861431431819,0.9001390416565231,0.010271646859083192,0.3870967741935484,0.03225806451612903,0.6338948903156477,63.389,2025-03-25,0.7093495128574037,70.935,0.7268939393939394,0.9432038834951457,0.9001390416565231,0.018421052631578946,20.3,39.0,0.0,0.0,11.6,11.6,7,0,0,high,128.9406793156077,37.70277774330396,128.95219575661076,37.71164905651522
1120_1974,483,483.0,128.86804091622494,37.762225323498235,0.5436042897717112,0.7225396051996887,0.6949725837133887,0.6630358150808778,0.09553391600907332,31,9,2,0.5285312805474095,0.5472809199900062,0.9691540026319161,0.010271646859083192,0.2903225806451613,0.06451612903225806,0.6338823821384355,63.388,2025-03-24,0.7225396051996887,72.254,0.7909090909090909,0.8446438311334135,0.9691540026319161,0.007894736842105263,24.2,20.0,0.0,6.5,9.4,10.9,6,0,0,high,128.86228323276598,37.757785718872626,128.87379928773734,37.76666463006808
1111_1921,185,185.0,128.75784174478025,37.285760890283406,0.5242727065747544,0.7220988567767936,0.7152869022223789,0.6367286092573037,0.108070999195314,31,8,3,0.5511608015640274,0.5796065480316844,0.786830009561799,0.010271646859083192,0.25806451612903225,0.0967741935483871,0.6337460085775645,63.375,2025-03-25,0.7220988567767936,72.21,0.7799242424242425,1.0,0.786830009561799,0.018421052631578946,18.9,26.0,0.0,0.0,12.9,12.9,7,0,0,high,128.7521277655809,37.28131477117135,128.76355639613894,37.29020671780915
1125_1974,478,478.0,128.9247903009493,37.76155277507175,0.5432083401646464,0.722143655592624,0.694576634106324,0.662639865473813,0.09553391600907331,31,9,1,0.5285312805474095,0.5472809199900062,0.9671742545965923,0.010271646859083192,0.2903225806451613,0.03225806451612903,0.6335260274920772,63.353,2025-03-24,0.722143655592624,72.214,0.7909090909090909,0.8446438311334135,0.9671742545965923,0.007894736842105263,24.2,20.0,0.0,6.5,9.4,10.9,6,0,0,high,128.9190293661628,37.757116010204186,128.93055192369988,37.76598924101714
1097_1929,391,391.0,128.60098639216673,37.35943192726876,0.5417615963713744,0.7458266145068752,0.6621981805517114,0.6320143955862583,0.08554391298430462,31,10,1,0.6177859237536657,0.42925711792298465,0.9289610018014975,0.010271646859083192,0.3225806451612903,0.03225806451612903,0.6334190620609091,63.342,2025-03-25,0.7458266145068752,74.583,0.8337121212121212,0.8951456310679612,0.9289610018014975,0.018421052631578946,22.1,22.0,0.0,0.0,10.5,10.5,7,0,0,high,128.5952757653619,37.354978225464265,128.6066976937334,37.36388533915821
1103_1923,264,264.0,128.6678894374184,37.30470966961641,0.5439711172416809,0.7424260443658283,0.6825236934900272,0.6622473931849839,0.09000025889386905,31,8,1,0.6116935483870968,0.5075588453674998,0.8543161975805236,0.010271646859083192,0.25806451612903225,0.03225806451612903,0.6333330833107887,63.333,2025-03-25,0.7424260443658283,74.243,0.8352272727272727,0.9388349514563107,0.8543161975805236,0.018421052631578946,22.5,18.0,0.0,0.0,11.5,11.5,7,0,0,high,128.66217917165687,37.3002591538557,128.6736003760581,37.309159894980176
1116_1913,182,182.0,128.81298223802207,37.21305471658173,0.5236526993445859,0.7214788495466252,0.7146668949922106,0.6361086020271354,0.108070999195314,31,8,3,0.5511608015640274,0.5796065480316844,0.7837299734109571,0.010271646859083192,0.25806451612903225,0.0967741935483871,0.6331880020704128,63.319,2025-03-25,0.7214788495466252,72.148,0.7799242424242425,1.0,0.7837299734109571,0.018421052631578946,18.9,26.0,0.0,0.0,12.9,12.9,7,0,0,high,128.80727071325433,37.208611162911815,128.81869443248226,37.21749797854513
1125_1975,465,465.0,128.924963210057,37.77056323996711,0.5421592054961322,0.7210945209241097,0.6935274994378097,0.6615907308052987,0.0955339160090733,31,9,1,0.5285312805474095,0.5472809199900062,0.9619285812540209,0.010271646859083192,0.2903225806451613,0.03225806451612903,0.6325818062904144,63.258,2025-03-24,0.7210945209241097,72.109,0.7909090909090909,0.8446438311334135,0.9619285812540209,0.007894736842105263,24.2,20.0,0.0,6.5,9.4,10.9,6,0,0,high,128.9192015487789,37.766126504449204,128.93072555960566,37.774999676469044
1097_1906,258,258.0,128.59797353185343,37.15214728512809,0.5430978820265655,0.741552809150713,0.6816504582749119,0.6613741579698686,0.09000025889386909,31,8,1,0.6116935483870968,0.5075588453674998,0.8499500215049468,0.010271646859083192,0.25806451612903225,0.03225806451612903,0.632547171617185,63.255,2025-03-25,0.741552809150713,74.155,0.8352272727272727,0.9388349514563107,0.8499500215049468,0.018421052631578946,22.5,18.0,0.0,0.0,11.5,11.5,7,0,0,high,128.5922790124584,37.14769303105428,128.60366871914104,37.15660125138819
1094_1903,258,258.0,128.56381642890855,37.12541744807066,0.5430978820265655,0.741552809150713,0.6816504582749119,0.6613741579698686,0.09000025889386909,31,8,1,0.6116935483870968,0.5075588453674998,0.8499500215049468,0.010271646859083192,0.25806451612903225,0.03225806451612903,0.632547171617185,63.255,2025-03-25,0.741552809150713,74.155,0.8352272727272727,0.9388349514563107,0.8499500215049468,0.018421052631578946,22.5,18.0,0.0,0.0,11.5,11.5,7,0,0,high,128.55812591389113,37.12096146986892,128.56950761096778,37.12987313924553
1092_1910,257,257.0,128.54217093158348,37.18870620847497,0.5429503785369195,0.7414053056610669,0.6815029547852658,0.6612266544802226,0.09000025889386906,31,8,1,0.6116935483870968,0.5075588453674998,0.8492125040567169,0.010271646859083192,0.25806451612903225,0.03225806451612903,0.6324144184765035,63.241,2025-03-25,0.7414053056610669,74.141,0.8352272727272727,0.9388349514563107,0.8492125040567169,0.018421052631578946,22.5,18.0,0.0,0.0,11.5,11.5,7,0,0,high,128.53647682683692,37.18424929109447,128.5478657054779,37.193162838534725
1118_1967,321,321.0,128.84419975310587,37.69941092572091,0.5288886748692353,0.7076134191613216,0.6862294196843124,0.6750077422733649,0.12533963804003395,31,12,1,0.5467741935483871,0.5213861431431819,0.8914585731761123,0.010271646859083192,0.3870967741935484,0.03225806451612903,0.6323324059891738,63.233,2025-03-25,0.7076134191613216,70.761,0.7268939393939394,0.9432038834951457,0.8914585731761123,0.018421052631578946,20.3,39.0,0.0,0.0,11.6,11.6,7,0,0,high,128.83844843468572,37.6949699899508,128.84995175747252,37.70385156443598
1103_1924,256,256.0,128.66802885788675,37.31372175011706,0.5428023022167504,0.7412572293408979,0.6813548784650969,0.6610785781600536,0.09000025889386903,31,8,1,0.6116935483870968,0.5075588453674998,0.8484721224558716,0.010271646859083192,0.25806451612903225,0.03225806451612903,0.6322811497883514,63.228,2025-03-25,0.7412572293408979,74.126,0.8352272727272727,0.9388349514563107,0.8484721224558716,0.018421052631578946,22.5,18.0,0.0,0.0,11.5,11.5,7,0,0,high,128.66231788821815,37.30927125946643,128.673740500733,37.318171950279016
1094_1910,256,256.0,128.56470084636516,37.18850586771131,0.5428023022167504,0.7412572293408979,0.6813548784650969,0.6610785781600536,0.09000025889386903,31,8,1,0.6116935483870968,0.5075588453674998,0.8484721224558716,0.010271646859083192,0.25806451612903225,0.03225806451612903,0.6322811497883514,63.228,2025-03-25,0.7412572293408979,74.126,0.8352272727272727,0.9388349514563107,0.8484721224558716,0.018421052631578946,22.5,18.0,0.0,0.0,11.5,11.5,7,0,0,high,128.5590054590514,37.18405005350507,128.5703969028008,37.1929613942537
1089_1915,256,256.0,128.5089755681122,37.234062222206944,0.5428023022167504,0.7412572293408979,0.6813548784650969,0.6610785781600536,0.09000025889386903,31,8,1,0.6116935483870968,0.5075588453674998,0.8484721224558716,0.010271646859083192,0.25806451612903225,0.03225806451612903,0.6322811497883514,63.228,2025-03-25,0.7412572293408979,74.126,0.8352272727272727,0.9388349514563107,0.8484721224558716,0.018421052631578946,22.5,18.0,0.0,0.0,11.5,11.5,7,0,0,high,128.50327990714504,37.22960376414278,128.51467189975537,37.23852039301057
1118_1913,177,177.0,128.83551716639613,37.21280274120015,0.52259641006514,0.7204225602671792,0.7136106057127645,0.6350523127476893,0.108070999195314,31,8,3,0.5511608015640274,0.5796065480316844,0.7784485270137269,0.010271646859083192,0.25806451612903225,0.0967741935483871,0.6322373417189114,63.224,2025-03-25,0.7204225602671792,72.042,0.7799242424242425,1.0,0.7784485270137269,0.018421052631578946,18.9,26.0,0.0,0.0,12.9,12.9,7,0,0,high,128.8298043723552,37.20836029966819,128.84123063009676,37.21724489068361
1120_1970,320,320.0,128.8673775456634,37.726182451094466,0.528770075692677,0.7074948199847633,0.6861108205077542,0.6748891430968067,0.12533963804003395,31,12,1,0.5467741935483871,0.5213861431431819,0.8908655772933212,0.010271646859083192,0.3870967741935484,0.03225806451612903,0.6322256667302714,63.223,2025-03-25,0.7074948199847633,70.749,0.7268939393939394,0.9432038834951457,0.8908655772933212,0.018421052631578946,20.3,39.0,0.0,0.0,11.6,11.6,7,0,0,high,128.86162275916166,37.72174273275745,128.873133018994,37.730621871749875
1120_1977,459,459.0,128.86853922073857,37.789257326245114,0.5416650784359655,0.720600393863943,0.693033372377643,0.6610966037451321,0.09553391600907331,31,9,1,0.5285312805474095,0.5472809199900062,0.9594579459531878,0.010271646859083192,0.2903225806451613,0.03225806451612903,0.6321370919362643,63.214,2025-03-24,0.720600393863943,72.06,0.7909090909090909,0.8446438311334135,0.9594579459531878,0.007894736842105263,24.2,20.0,0.0,6.5,9.4,10.9,6,0,0,high,128.86277936116153,37.78481780696387,128.87429976928897,37.7936965471897
1113_1919,176,176.0,128.7800935464553,37.26749549866465,0.5223815948235918,0.7202077450256311,0.7133957904712165,0.6348374975061412,0.108070999195314,31,8,3,0.5511608015640274,0.5796065480316844,0.7773744508059863,0.010271646859083192,0.25806451612903225,0.0967741935483871,0.6320440080015183,63.204,2025-03-25,0.7202077450256311,72.021,0.7799242424242425,1.0,0.7773744508059863,0.018421052631578946,18.9,26.0,0.0,0.0,12.9,12.9,7,0,0,high,128.77437970161455,37.26305043915446,128.78580806282625,37.27194026642973
1098_1915,254,254.0,128.61042020459308,37.23315439851993,0.5425044131662713,0.7409593402904188,0.6810569894146177,0.6607806891095744,0.09000025889386905,31,8,1,0.6116935483870968,0.5075588453674998,0.846982677203476,0.010271646859083192,0.25806451612903225,0.03225806451612903,0.6320130496429203,63.201,2025-03-25,0.7409593402904188,74.096,0.8352272727272727,0.9388349514563107,0.8469826772034761,0.018421052631578946,22.5,18.0,0.0,0.0,11.5,11.5,7,0,0,high,128.60471876065355,37.22870091347774,128.61612231909064,37.23760759475595
1124_1973,457,457.0,128.91326911919626,37.752678946547974,0.541498936105464,0.7204342515334416,0.6928672300471416,0.6609304614146307,0.09553391600907331,31,9,1,0.5285312805474095,0.5472809199900062,0.9586272343006808,0.010271646859083192,0.2903225806451613,0.03225806451612903,0.631987563838813,63.199,2025-03-24,0.7204342515334416,72.043,0.7909090909090909,0.8446438311334135,0.9586272343006808,0.007894736842105263,24.2,20.0,0.0,6.5,9.4,10.9,6,0,0,high,128.90750955990563,37.748241584236546,128.9190293661628,37.757116010204186
1129_1904,175,175.0,128.9578948658711,37.13023911133502,0.522165562492029,0.7199917126940683,0.7131797581396535,0.6346214651745783,0.108070999195314,31,8,3,0.5511608015640274,0.5796065480316844,0.7762942891481722,0.010271646859083192,0.25806451612903225,0.0967741935483871,0.6318495789031116,63.185,2025-03-25,0.7199917126940683,71.999,0.7799242424242425,1.0,0.7762942891481722,0.018421052631578946,18.9,26.0,0.0,0.0,12.9,12.9,7,0,0,high,128.9521814720351,37.12580253116765,128.9636089265036,37.13467539840688
1121_1920,175,175.0,128.87046097620026,37.27549706521412,0.522165562492029,0.7199917126940683,0.7131797581396535,0.6346214651745783,0.108070999195314,31,8,3,0.5511608015640274,0.5796065480316844,0.7762942891481722,0.010271646859083192,0.25806451612903225,0.0967741935483871,0.6318495789031116,63.185,2025-03-25,0.7199917126940683,71.999,0.7799242424242425,1.0,0.7762942891481722,0.018421052631578946,18.9,26.0,0.0,0.0,12.9,12.9,7,0,0,high,128.86474133299222,37.2710564911367,128.87618129110575,37.27993734608427
1106_1912,252,252.0,128.70016076357382,37.20523817660643,0.5422041785085743,0.7406591056327217,0.6807567547569207,0.6604804544518774,0.09000025889386909,31,8,1,0.6116935483870968,0.5075588453674998,0.8454815039149907,0.010271646859083192,0.25806451612903225,0.03225806451612903,0.6317428384509928,63.174,2025-03-25,0.7406591056327217,74.066,0.8352272727272727,0.9388349514563107,0.8454815039149907,0.018421052631578946,22.5,18.0,0.0,0.0,11.5,11.5,7,0,0,high,128.69445630530333,37.20078904648271,128.70586589139407,37.20968701682686
1076_1958,379,379.0,128.3668945872349,37.62276821519493,0.5381823853407661,0.7188654601803633,0.6956237885856462,0.6762575358752183,0.10592534644055247,31,9,2,0.6067448680351906,0.43734785010750343,0.9230336428547579,0.010271646859083192,0.2903225806451613,0.06451612903225806,0.6317399722007727,63.174,2025-03-25,0.7188654601803633,71.887,0.7848484848484849,0.8702247191011236,0.9230336428547579,0.018421052631578946,19.1,23.0,0.0,0.0,8.4,13.4,7,0,0,high,128.3611772144942,37.61830347283396,128.3726126437674,37.62723266862133
1126_1969,313,313.0,128.93526968662465,37.71636266800525,0.5279293889399567,0.706654133232043,0.685270133755034,0.6740484563440864,0.12533963804003395,31,12,1,0.5467741935483871,0.5213861431431819,0.8866621435297196,0.010271646859083192,0.3870967741935484,0.03225806451612903,0.631469048652823,63.147,2025-03-25,0.706654133232043,70.665,0.7268939393939394,0.9432038834951457,0.8866621435297196,0.018421052631578946,20.3,39.0,0.0,0.0,11.6,11.6,7,0,0,high,128.9295117315776,37.711926324019046,128.94102832808747,37.720798713365
1112_1917,173,173.0,128.76851539851648,37.24959326094176,0.5217297908400681,0.7195559410421073,0.7127439864876925,0.6341856935226174,0.10807099919531399,31,8,3,0.5511608015640274,0.5796065480316844,0.7741154308883675,0.010271646859083192,0.25806451612903225,0.0967741935483871,0.6314573844163467,63.146,2025-03-25,0.7195559410421073,71.956,0.7799242424242425,1.0,0.7741154308883675,0.018421052631578946,18.9,26.0,0.0,0.0,12.9,12.9,7,0,0,high,128.76280360088958,37.24514759165025,128.77422786709218,37.25403863884344
1122_1912,173,173.0,128.88042198580487,37.20327444414749,0.5217297908400681,0.7195559410421073,0.7127439864876925,0.6341856935226174,0.10807099919531399,31,8,3,0.5511608015640274,0.5796065480316844,0.7741154308883675,0.010271646859083192,0.25806451612903225,0.0967741935483871,0.6314573844163467,63.146,2025-03-25,0.7195559410421073,71.956,0.7799242424242425,1.0,0.7741154308883675,0.018421052631578946,18.9,26.0,0.0,0.0,12.9,12.9,7,0,0,high,128.8747073628126,37.19883420040584,128.88613727809212,37.20771439524923
1096_1934,368,368.0,128.5903484062216,37.40459754533498,0.5394560823700629,0.7435211005055636,0.6598926665503999,0.6297088815849468,0.08554391298430462,31,10,1,0.6177859237536657,0.42925711792298465,0.9174334317949402,0.010271646859083192,0.3225806451612903,0.03225806451612903,0.6313440994597288,63.134,2025-03-25,0.7435211005055636,74.352,0.8337121212121212,0.8951456310679612,0.9174334317949402,0.018421052631578946,22.1,22.0,0.0,0.0,10.5,10.5,7,0,0,high,128.58463490294662,37.40014340747372,128.59606258577523,37.409051392995245
1102_1915,249,249.0,128.65550520599507,37.23272303609091,0.5417493468189646,0.740204273943112,0.6803019230673109,0.6600256227622676,0.09000025889386905,31,8,1,0.6116935483870968,0.5075588453674998,0.843207345466942,0.010271646859083192,0.25806451612903225,0.03225806451612903,0.6313334899303441,63.133,2025-03-25,0.740204273943112,74.02,0.8352272727272727,0.9388349514563107,0.843207345466942,0.018421052631578946,22.5,18.0,0.0,0.0,11.5,11.5,7,0,0,high,128.6498011999511,37.22827176558154,128.66120988254107,37.237174017107876
1103_1931,367,367.0,128.66900654082042,37.37680591581297,0.5393526098383891,0.7434176279738898,0.6597891940187259,0.6296054090532729,0.08554391298430458,31,10,1,0.6177859237536657,0.42925711792298465,0.9169160691365705,0.010271646859083192,0.3225806451612903,0.03225806451612903,0.6312509741812222,63.125,2025-03-25,0.7434176279738898,74.342,0.8337121212121212,0.8951456310679612,0.9169160691365705,0.018421052631578946,22.1,22.0,0.0,0.0,10.5,10.5,7,0,0,high,128.66329063500274,37.37235560107123,128.67472312191572,37.38125593942324
1103_1908,248,248.0,128.66580555938972,37.16952675851428,0.5415965225481593,0.7400514496723066,0.6801490987965055,0.6598727984914623,0.09000025889386906,31,8,1,0.6116935483870968,0.5075588453674998,0.8424432241129156,0.010271646859083192,0.25806451612903225,0.03225806451612903,0.6311959480866193,63.12,2025-03-25,0.7400514496723066,74.005,0.8352272727272727,0.9388349514563107,0.8424432241129156,0.018421052631578946,22.5,18.0,0.0,0.0,11.5,11.5,7,0,0,high,128.66010581466162,37.16507586669398,128.67150597252115,37.173977361310996
1101_1902,248,248.0,128.64246840175076,37.11567174480801,0.5415965225481593,0.7400514496723066,0.6801490987965055,0.6598727984914623,0.09000025889386906,31,8,1,0.6116935483870968,0.5075588453674998,0.8424432241129156,0.010271646859083192,0.25806451612903225,0.03225806451612903,0.6311959480866193,63.12,2025-03-25,0.7400514496723066,74.005,0.8352272727272727,0.9388349514563107,0.8424432241129156,0.018421052631578946,22.5,18.0,0.0,0.0,11.5,11.5,7,0,0,high,128.6367741182202,37.1112195995704,128.6481633519318,37.12012360191189
1118_1963,310,310.0,128.84354941350264,37.66336731261748,0.5275633419252838,0.70628808621737,0.6849040867403611,0.6736824093294135,0.12533963804003395,31,12,1,0.5467741935483871,0.5213861431431819,0.8848319084563551,0.010271646859083192,0.3870967741935484,0.03225806451612903,0.6311396063396174,63.114,2025-03-25,0.70628808621737,70.629,0.7268939393939394,0.9432038834951457,0.8848319084563551,0.018421052631578946,20.3,39.0,0.0,0.0,11.6,11.6,7,0,0,high,128.83780098069212,37.6589262647451,128.84929853103895,37.667808063808
1126_1919,171,171.0,128.9266728277381,37.26581958101409,0.521288981253962,0.7191151314560011,0.7123031769015864,0.6337448839365112,0.108070999195314,31,8,3,0.5511608015640274,0.5796065480316844,0.7719113829578367,0.010271646859083192,0.25806451612903225,0.0967741935483871,0.6310606557888513,63.106,2025-03-25,0.7191151314560011,71.912,0.7799242424242425,1.0,0.7719113829578367,0.018421052631578946,18.9,26.0,0.0,0.0,12.9,12.9,7,0,0,high,128.920950720891,37.26138176964393,128.9323956058974,37.270257098414106
1077_1956,371,371.0,128.37801336309923,37.60465955992365,0.5373710865527067,0.7180541613923038,0.6948124897975867,0.6754462370871588,0.10592534644055247,31,9,2,0.6067448680351906,0.43734785010750343,0.9189771489144606,0.010271646859083192,0.2903225806451613,0.06451612903225806,0.6310098032915192,63.101,2025-03-25,0.7180541613923038,71.805,0.7848484848484849,0.8702247191011236,0.9189771489144606,0.018421052631578946,19.1,23.0,0.0,0.0,8.4,13.4,7,0,0,high,128.3722967439006,37.600195333728514,128.3837306654698,37.60912349719319
1091_1923,246,246.0,128.5325033638083,37.30596840893314,0.5412890240709379,0.7397439511950853,0.6798416003192842,0.659565300014241,0.09000025889386906,31,8,1,0.6116935483870968,0.5075588453674998,0.8409057317268089,0.010271646859083192,0.25806451612903225,0.03225806451612903,0.63091919945712,63.092,2025-03-25,0.7397439511950853,73.974,0.8352272727272727,0.9388349514563107,0.8409057317268089,0.018421052631578946,22.5,18.0,0.0,0.0,11.5,11.5,7,0,0,high,128.52680082296843,37.30151123843116,128.53820657769037,37.310425291101645
1125_1917,169,169.0,128.91506070977672,37.24793237620877,0.5208430158833138,0.718669166085353,0.7118572115309383,0.6332989185658631,0.108070999195314,31,8,3,0.5511608015640274,0.5796065480316844,0.7696815561045961,0.010271646859083192,0.25806451612903225,0.0967741935483871,0.6306592869552679,63.066,2025-03-25,0.718669166085353,71.867,0.7799242424242425,1.0,0.7696815561045961,0.018421052631578946,18.9,26.0,0.0,0.0,12.9,12.9,7,0,0,high,128.90934065337422,37.24349394828306,128.92078143691222,37.25237051052029
1087_1906,244,244.0,128.48537691176617,37.15313699369445,0.5409790255786668,0.7394339527028142,0.6795316018270132,0.6592553015219699,0.09000025889386903,31,8,1,0.6116935483870968,0.5075588453674998,0.8393557392654531,0.010271646859083192,0.25806451612903225,0.03225806451612903,0.6306402008140761,63.064,2025-03-25,0.7394339527028142,73.943,0.8352272727272727,0.9388349514563107,0.8393557392654531,0.018421052631578946,22.5,18.0,0.0,0.0,11.5,11.5,7,0,0,high,128.4796887969245,37.148677232506294,128.4910656946285,37.15759646878313
1091_1902,244,244.0,128.52992741483368,37.11670288960551,0.5409790255786668,0.7394339527028142,0.6795316018270132,0.6592553015219699,0.09000025889386903,31,8,1,0.6116935483870968,0.5075588453674998,0.8393557392654531,0.010271646859083192,0.25806451612903225,0.03225806451612903,0.6306402008140761,63.064,2025-03-25,0.7394339527028142,73.943,0.8352272727272727,0.9388349514563107,0.8393557392654531,0.018421052631578946,22.5,18.0,0.0,0.0,11.5,11.5,7,0,0,high,128.5242395121137,37.11224523773775,128.53561598433737,37.12116025505105
1101_1908,243,243.0,128.6432820454257,37.16974623023356,0.5408230760585239,0.7392780031826712,0.6793756523068701,0.6590993520018269,0.09000025889386906,31,8,1,0.6116935483870968,0.5075588453674998,0.8385759916647386,0.010271646859083192,0.25806451612903225,0.03225806451612903,0.6304998462459473,63.05,2025-03-25,0.7392780031826712,73.928,0.8352272727272727,0.9388349514563107,0.8385759916647386,0.018421052631578946,22.5,18.0,0.0,0.0,11.5,11.5,7,0,0,high,128.63758357653114,37.16529423297808,128.64898118275207,37.17419793880788
1108_1942,359,359.0,128.72708573723918,37.47536307678529,0.5385145628173685,0.7425795809528692,0.6589511469977054,0.6287673620322524,0.08554391298430458,31,10,1,0.6177859237536657,0.42925711792298465,0.912725834031468,0.010271646859083192,0.3225806451612903,0.03225806451612903,0.6304967318623038,63.05,2025-03-25,0.7425795809528692,74.258,0.8337121212121212,0.8951456310679612,0.912725834031468,0.018421052631578946,22.1,22.0,0.0,0.0,10.5,10.5,7,0,0,high,128.72135881087232,37.47091583580025,128.73281334212228,37.47981002476414
1104_1940,359,359.0,128.68157279517538,37.45780060335976,0.5385145628173685,0.7425795809528692,0.6589511469977054,0.6287673620322524,0.08554391298430458,31,10,1,0.6177859237536657,0.42925711792298465,0.912725834031468,0.010271646859083192,0.3225806451612903,0.03225806451612903,0.6304967318623038,63.05,2025-03-25,0.7425795809528692,74.258,0.8337121212121212,0.8951456310679612,0.912725834031468,0.018421052631578946,22.1,22.0,0.0,0.0,10.5,10.5,7,0,0,high,128.67584987362505,37.45335107382106,128.68729639469873,37.46224984076649
1112_1922,167,167.0,128.7692717197987,37.29465225361683,0.520391772693497,0.7182179228955363,0.7114059683411216,0.6328476753760464,0.108070999195314,31,8,3,0.5511608015640274,0.5796065480316844,0.7674253401555123,0.010271646859083192,0.25806451612903225,0.0967741935483871,0.6302531680844328,63.025,2025-03-25,0.7182179228955363,71.822,0.7799242424242425,1.0,0.7674253401555123,0.018421052631578946,18.9,26.0,0.0,0.0,12.9,12.9,7,0,0,high,128.76355639613894,37.29020671780915,128.77498771590115,37.2990974975747
1100_1909,240,240.0,128.6321546789291,37.17886676089059,0.5403513635946622,0.7388062907188095,0.6789039398430086,0.6586276395379652,0.09000025889386905,31,8,1,0.6116935483870968,0.5075588453674998,0.8362174293454301,0.010271646859083192,0.25806451612903225,0.03225806451612903,0.6300753050284719,63.008,2025-03-25,0.7388062907188095,73.881,0.8352272727272727,0.9388349514563107,0.8362174293454301,0.018421052631578946,22.5,18.0,0.0,0.0,11.5,11.5,7,0,0,high,128.62645615005226,37.17441423566736,128.6378538765491,37.18331899751263
1124_1966,299,299.0,128.91207106102107,37.68960487684499,0.5261902781838539,0.7049150224759401,0.6835310229989311,0.6723093455879835,0.12533963804003395,31,12,1,0.5467741935483871,0.5213861431431819,0.8779665897492049,0.010271646859083192,0.3870967741935484,0.03225806451612903,0.6299038489723304,62.99,2025-03-25,0.7049150224759401,70.492,0.7268939393939394,0.9432038834951457,0.8779665897492049,0.018421052631578946,20.3,39.0,0.0,0.0,11.6,11.6,7,0,0,high,128.90631657381283,37.68516731056558,128.91782623376508,37.694042145124705
1118_1907,165,165.0,128.83456525483987,37.15873258241307,0.5199351252652017,0.717761275467241,0.7109493209128264,0.632391027947751,0.10807099919531399,31,8,3,0.5511608015640274,0.5796065480316844,0.7651421030140356,0.010271646859083192,0.25806451612903225,0.0967741935483871,0.6298421853989671,62.984,2025-03-25,0.717761275467241,71.776,0.7799242424242425,1.0,0.7651421030140356,0.018421052631578946,18.9,26.0,0.0,0.0,12.9,12.9,7,0,0,high,128.82885668428654,37.154289974582696,128.8402744932686,37.16317489874712
1110_1922,165,165.0,128.7467118116159,37.29489207033381,0.5199351252652017,0.717761275467241,0.7109493209128264,0.632391027947751,0.10807099919531399,31,8,3,0.5511608015640274,0.5796065480316844,0.7651421030140356,0.010271646859083192,0.25806451612903225,0.0967741935483871,0.6298421853989671,62.984,2025-03-25,0.717761275467241,71.776,0.7799242424242425,1.0,0.7651421030140356,0.018421052631578946,18.9,26.0,0.0,0.0,12.9,12.9,7,0,0,high,128.7409977660872,37.29044542113907,128.75242652961856,37.29933842802176
1120_1916,165,165.0,128.85853676274985,37.23958111666618,0.5199351252652017,0.717761275467241,0.7109493209128264,0.632391027947751,0.10807099919531399,31,8,3,0.5511608015640274,0.5796065480316844,0.7651421030140356,0.010271646859083192,0.25806451612903225,0.0967741935483871,0.6298421853989671,62.984,2025-03-25,0.717761275467241,71.776,0.7799242424242425,1.0,0.7651421030140356,0.018421052631578946,18.9,26.0,0.0,0.0,12.9,12.9,7,0,0,high,128.85282058302064,37.235139872221986,128.86425361299953,37.24402206844339
1077_1958,358,358.0,128.3782253299594,37.622684422682944,0.5360147606300495,0.7166978354696466,0.6934561638749295,0.6740899111645016,0.10592534644055247,31,9,2,0.6067448680351906,0.43734785010750343,0.9121955193011742,0.010271646859083192,0.2903225806451613,0.06451612903225806,0.6297891099611277,62.979,2025-03-25,0.7166978354696466,71.67,0.7848484848484849,0.8702247191011236,0.9121955193011742,0.018421052631578946,19.1,23.0,0.0,0.0,8.4,13.4,7,0,0,high,128.37250729689467,37.618220237707924,128.3839440468049,37.62714831854948
1130_1969,297,297.0,128.98064001140798,37.715801498772734,0.5259352297110093,0.7046599740030955,0.6832759745260866,0.6720542971151389,0.12533963804003395,31,12,1,0.5467741935483871,0.5213861431431819,0.8766913473849821,0.010271646859083192,0.3870967741935484,0.03225806451612903,0.6296743053467704,62.967,2025-03-25,0.7046599740030955,70.466,0.7268939393939394,0.9432038834951457,0.8766913473849822,0.018421052631578946,20.3,39.0,0.0,0.0,11.6,11.6,7,0,0,high,128.97487946818603,37.71136742658899,128.98640124097128,37.72023527163836
1117_1914,164,164.0,128.8244072967757,37.22194094867051,0.5197047342045961,0.7175308844066354,0.7107189298522207,0.6321606368871455,0.108070999195314,31,8,3,0.5511608015640274,0.5796065480316844,0.7639901477110078,0.010271646859083192,0.25806451612903225,0.0967741935483871,0.6296348334444221,62.963,2025-03-25,0.7175308844066354,71.753,0.7799242424242425,1.0,0.7639901477110078,0.018421052631578946,18.9,26.0,0.0,0.0,12.9,12.9,7,0,0,high,128.81869443248226,37.21749797854513,128.8301208310432,37.22638362682628
1121_1921,164,164.0,128.87062440234843,37.28450848241758,0.5197047342045961,0.7175308844066354,0.7107189298522207,0.6321606368871455,0.108070999195314,31,8,3,0.5511608015640274,0.5796065480316844,0.7639901477110078,0.010271646859083192,0.25806451612903225,0.0967741935483871,0.6296348334444221,62.963,2025-03-25,0.7175308844066354,71.753,0.7799242424242425,1.0,0.7639901477110078,0.018421052631578946,18.9,26.0,0.0,0.0,12.9,12.9,7,0,0,high,128.8649040510769,37.280067936651946,128.8763454256163,37.28894873488351
1122_1921,164,164.0,128.8819022778496,37.28437733361533,0.5197047342045961,0.7175308844066354,0.7107189298522207,0.6321606368871455,0.108070999195314,31,8,3,0.5511608015640274,0.5796065480316844,0.7639901477110078,0.010271646859083192,0.25806451612903225,0.0967741935483871,0.6296348334444221,62.963,2025-03-25,0.7175308844066354,71.753,0.7799242424242425,1.0,0.7639901477110078,0.018421052631578946,18.9,26.0,0.0,0.0,12.9,12.9,7,0,0,high,128.87618129110575,37.27993734608427,128.8876239365727,37.28881702767555
1109_1920,163,163.0,128.73513709343447,37.27698658022758,0.5194729425818306,0.7172990927838698,0.7104871382294551,0.6319288452643799,0.108070999195314,31,8,3,0.5511608015640274,0.5796065480316844,0.76283118959718,0.010271646859083192,0.25806451612903225,0.0967741935483871,0.629426220983933,62.943,2025-03-25,0.7172990927838698,71.73,0.7799242424242425,1.0,0.76283118959718,0.018421052631578946,18.9,26.0,0.0,0.0,12.9,12.9,7,0,0,high,128.72942509709884,37.27253932224838,128.74084976166142,37.28143354705539
1120_1914,163,163.0,128.85821339032685,37.221558040041735,0.5194729425818306,0.7172990927838698,0.7104871382294551,0.6319288452643799,0.108070999195314,31,8,3,0.5511608015640274,0.5796065480316844,0.76283118959718,0.010271646859083192,0.25806451612903225,0.0967741935483871,0.629426220983933,62.943,2025-03-25,0.7172990927838698,71.73,0.7799242424242425,1.0,0.76283118959718,0.018421052631578946,18.9,26.0,0.0,0.0,12.9,12.9,7,0,0,high,128.85249862269373,37.21711673939423,128.86392882788434,37.22599904820668
1118_1915,161,161.0,128.8358350354255,37.23082601288092,0.519005088803852,0.7168312390058913,0.7100192844514766,0.6314609914864013,0.108070999195314,31,8,3,0.5511608015640274,0.5796065480316844,0.7604919207072874,0.010271646859083192,0.25806451612903225,0.0967741935483871,0.6290051525837523,62.901,2025-03-25,0.7168312390058913,71.683,0.7799242424242425,1.0,0.7604919207072874,0.018421052631578946,18.9,26.0,0.0,0.0,12.9,12.9,7,0,0,high,128.8301208310432,37.22638362682628,128.8415499100635,37.235268106702826
1130_1970,291,291.0,128.98081940110362,37.72481181041686,0.5251596855949383,0.7038844298870245,0.6825004304100155,0.6712787529990679,0.12533963804003398,31,12,1,0.5467741935483871,0.5213861431431819,0.8728136268046274,0.010271646859083192,0.3870967741935484,0.03225806451612903,0.6289763156423064,62.898,2025-03-25,0.7038844298870245,70.388,0.7268939393939394,0.9432038834951457,0.8728136268046274,0.018421052631578946,20.3,39.0,0.0,0.0,11.6,11.6,7,0,0,high,128.97505813157537,37.720377768459834,128.98658135727888,37.72924555296191
1092_2003,280,280.0,128.55393231157402,38.026821238967976,0.546317285215698,0.7021674062476522,0.6903331704243005,0.6870456834012102,0.10822058342076973,31,10,1,0.5373655913978495,0.6269268800782611,0.8654929080406524,0.010271646859083192,0.3225806451612903,0.03225806451612903,0.628896723394452,62.89,2025-03-24,0.7021674062476522,70.217,0.7515151515151515,0.9091142140285808,0.8654929080406524,0.007894736842105263,21.8,22.0,0.0,11.0,9.1,12.8,6,0,0,high,128.54817206414248,38.02236648825083,128.55969325644966,38.0312756938042
1115_1915,159,159.0,128.80202449853073,37.231202613128715,0.518531423029136,0.7163575732311753,0.7095456186767606,0.6309873257116854,0.108070999195314,31,8,3,0.5511608015640274,0.5796065480316844,0.7581235918337076,0.010271646859083192,0.25806451612903225,0.0967741935483871,0.6285788533865079,62.858,2025-03-25,0.7163575732311753,71.636,0.7799242424242425,1.0,0.7581235918337076,0.018421052631578946,18.9,26.0,0.0,0.0,12.9,12.9,7,0,0,high,128.79631220021923,37.226758558040906,128.80773746714675,37.23564637649703
1126_1918,158,158.0,128.926502834921,37.25680835108593,0.5182923651644196,0.7161185153664588,0.7093065608120441,0.6307482678469689,0.108070999195314,31,8,3,0.5511608015640274,0.5796065480316844,0.7569283025101248,0.010271646859083192,0.25806451612903225,0.0967741935483871,0.628363701308263,62.836,2025-03-25,0.7161185153664588,71.612,0.7799242424242425,1.0,0.7569283025101248,0.018421052631578946,18.9,26.0,0.0,0.0,12.9,12.9,7,0,0,high,128.92078143691222,37.25237051052029,128.9322249039435,37.26124589777396
1112_1925,158,158.0,128.76972632111196,37.321687477856464,0.5182923651644196,0.7161185153664588,0.7093065608120441,0.6307482678469689,0.108070999195314,31,8,3,0.5511608015640274,0.5796065480316844,0.7569283025101248,0.010271646859083192,0.25806451612903225,0.0967741935483871,0.628363701308263,62.836,2025-03-25,0.7161185153664588,71.612,0.7799242424242425,1.0,0.7569283025101248,0.018421052631578946,18.9,26.0,0.0,0.0,12.9,12.9,7,0,0,high,128.76400887805588,37.31724202220296,128.77544443750875,37.32613264138387
1124_1918,158,158.0,128.90395566047548,37.25707790479507,0.5182923651644196,0.7161185153664588,0.7093065608120441,0.6307482678469689,0.108070999195314,31,8,3,0.5511608015640274,0.5796065480316844,0.7569283025101248,0.010271646859083192,0.25806451612903225,0.0967741935483871,0.628363701308263,62.836,2025-03-25,0.7161185153664588,71.612,0.7799242424242425,1.0,0.7569283025101248,0.018421052631578946,18.9,26.0,0.0,0.0,12.9,12.9,7,0,0,high,128.89823552951194,37.252638947693185,128.90967646248774,37.26151656836128
1109_1922,156,156.0,128.7354317579208,37.295010366658346,0.5178097054978061,0.7156358556998453,0.7088239011454307,0.6302656081803555,0.10807099919531399,31,8,3,0.5511608015640274,0.5796065480316844,0.7545150041770577,0.010271646859083192,0.25806451612903225,0.0967741935483871,0.627929307608311,62.793,2025-03-25,0.7156358556998453,71.564,0.7799242424242425,1.0,0.7545150041770577,0.018421052631578946,18.9,26.0,0.0,0.0,12.9,12.9,7,0,0,high,128.72971835192948,37.29056316101664,128.74114583640144,37.29945728096484
1117_1917,156,156.0,128.8248803962322,37.24897591496924,0.5178097054978061,0.7156358556998453,0.7088239011454307,0.6302656081803555,0.10807099919531399,31,8,3,0.5511608015640274,0.5796065480316844,0.7545150041770577,0.010271646859083192,0.25806451612903225,0.0967741935483871,0.627929307608311,62.793,2025-03-25,0.7156358556998453,71.564,0.7799242424242425,1.0,0.7545150041770577,0.018421052631578946,18.9,26.0,0.0,0.0,12.9,12.9,7,0,0,high,128.8191654158565,37.244533027548904,128.83059604747652,37.25341851014366
1092_2004,270,270.0,128.55406144589293,38.03583256206979,0.5449356266446135,0.7007857476765676,0.688951511853216,0.6856640248301257,0.10822058342076969,31,10,1,0.5373655913978495,0.6269268800782611,0.8585846151852299,0.010271646859083192,0.3225806451612903,0.03225806451612903,0.627653230680476,62.765,2025-03-24,0.7007857476765676,70.079,0.7515151515151515,0.9091142140285808,0.8585846151852299,0.007894736842105263,21.8,22.0,0.0,11.0,9.1,12.8,6,0,0,high,128.54830047221463,38.03137783486349,128.5598231173264,38.040286993302054
1124_1906,153,153.0,128.90195375956907,37.14894097419753,0.5170740632999373,0.7149002135019766,0.7080882589475619,0.6295299659824868,0.10807099919531399,31,8,3,0.5511608015640274,0.5796065480316844,0.7508367931877141,0.010271646859083192,0.25806451612903225,0.0967741935483871,0.6272672296302292,62.727,2025-03-25,0.7149002135019766,71.49,0.7799242424242425,1.0,0.7508367931877142,0.018421052631578946,18.9,26.0,0.0,0.0,12.9,12.9,7,0,0,high,128.89624210333713,37.14450167150238,128.9076660832785,37.153379984464664
1119_1919,152,152.0,128.84774702783056,37.26674454087477,0.51682566108901,0.7146518112910493,0.7078398567366346,0.6292815637715594,0.108070999195314,31,8,3,0.5511608015640274,0.5796065480316844,0.7495947821330773,0.010271646859083192,0.25806451612903225,0.0967741935483871,0.6270436676403945,62.704,2025-03-25,0.7146518112910493,71.465,0.7799242424242425,1.0,0.7495947821330773,0.018421052631578946,18.9,26.0,0.0,0.0,12.9,12.9,7,0,0,high,128.8420293631347,37.26230282322812,128.85346536395892,37.2711859657488
1110_1920,152,152.0,128.7464144583992,37.27686836060473,0.51682566108901,0.7146518112910493,0.7078398567366346,0.6292815637715594,0.108070999195314,31,8,3,0.5511608015640274,0.5796065480316844,0.7495947821330773,0.010271646859083192,0.25806451612903225,0.0967741935483871,0.6270436676403945,62.704,2025-03-25,0.7146518112910493,71.465,0.7799242424242425,1.0,0.7495947821330773,0.018421052631578946,18.9,26.0,0.0,0.0,12.9,12.9,7,0,0,high,128.7407018230934,37.27242165871525,128.7521277655809,37.28131477117135
1114_1923,152,152.0,128.7919855150182,37.30341981480383,0.51682566108901,0.7146518112910493,0.7078398567366346,0.6292815637715594,0.108070999195314,31,8,3,0.5511608015640274,0.5796065480316844,0.7495947821330773,0.010271646859083192,0.25806451612903225,0.0967741935483871,0.6270436676403945,62.704,2025-03-25,0.7146518112910493,71.465,0.7799242424242425,1.0,0.7495947821330773,0.018421052631578946,18.9,26.0,0.0,0.0,12.9,12.9,7,0,0,high,128.78626820776972,37.29897542011043,128.7977034949768,37.30786391721233
1122_1975,427,427.0,128.89090967656426,37.77097017833732,0.5389158083547484,0.7178511237827261,0.690284102296426,0.6583473336639152,0.09553391600907334,31,8,1,0.5285312805474095,0.5472809199900062,0.9457115955471027,0.010271646859083192,0.25806451612903225,0.03225806451612903,0.6264369424115561,62.644,2025-03-24,0.7178511237827261,71.785,0.7909090909090909,0.8446438311334135,0.9457115955471027,0.007894736842105263,24.2,20.0,0.0,6.5,9.4,10.9,6,0,0,high,128.88514996597544,37.76653173792471,128.89667007547772,37.77540832025383
1121_1918,149,149.0,128.87013434201518,37.25747418771481,0.5160705947417031,0.7138967449437424,0.7070847903893278,0.6285264974242526,0.108070999195314,31,8,3,0.5511608015640274,0.5796065480316844,0.7458194503965432,0.010271646859083192,0.25806451612903225,0.0967741935483871,0.6263641079278184,62.636,2025-03-25,0.7138967449437424,71.39,0.7799242424242425,1.0,0.7458194503965432,0.018421052631578946,18.9,26.0,0.0,0.0,12.9,12.9,7,0,0,high,128.86441611398735,37.253033557030896,128.87585324114326,37.26191452537613
1125_1919,149,149.0,128.91539793568924,37.26595493826007,0.5160705947417031,0.7138967449437424,0.7070847903893278,0.6285264974242526,0.108070999195314,31,8,3,0.5511608015640274,0.5796065480316844,0.7458194503965432,0.010271646859083192,0.25806451612903225,0.0967741935483871,0.6263641079278184,62.636,2025-03-25,0.7138967449437424,71.39,0.7799242424242425,1.0,0.7458194503965432,0.018421052631578946,18.9,26.0,0.0,0.0,12.9,12.9,7,0,0,high,128.90967646248774,37.26151656836128,128.92112008022056,37.27039301435971
1091_2001,260,260.0,128.5422848888123,38.008900057545816,0.5435020140050172,0.6993521350369712,0.6875178992136196,0.6842304121905293,0.10822058342076973,31,10,0,0.5373655913978495,0.6269268800782611,0.8514165519872477,0.010271646859083192,0.3225806451612903,0.0,0.6263629793048392,62.636,2025-03-24,0.6993521350369712,69.935,0.7515151515151515,0.9091142140285808,0.8514165519872477,0.007894736842105263,21.8,22.0,0.0,11.0,9.1,12.8,6,0,0,high,128.53652676112338,38.00444469214934,128.54804371333725,38.013355127422834
1122_1977,426,426.0,128.8912474627848,37.78899132742105,0.5388266162567164,0.7177619316846939,0.690194910198394,0.658258141565883,0.09553391600907331,31,8,1,0.5285312805474095,0.5472809199900062,0.9452656350569423,0.010271646859083192,0.25806451612903225,0.03225806451612903,0.6263566695233271,62.636,2025-03-24,0.7177619316846939,71.776,0.7909090909090909,0.8446438311334135,0.9452656350569423,0.007894736842105263,24.2,20.0,0.0,6.5,9.4,10.9,6,0,0,high,128.88548629997032,37.78455294463639,128.89700931453723,37.79342941152216
1111_1922,148,148.0,128.75799179910797,37.294772699313405,0.5158155462688586,0.7136416964708979,0.7068297419164833,0.628271448951408,0.108070999195314,31,8,3,0.5511608015640274,0.5796065480316844,0.7445442080323205,0.010271646859083192,0.25806451612903225,0.0967741935483871,0.6261345643022583,62.613,2025-03-25,0.7136416964708979,71.364,0.7799242424242425,1.0,0.7445442080323205,0.018421052631578946,18.9,26.0,0.0,0.0,12.9,12.9,7,0,0,high,128.75227711435642,37.29032660673005,128.76370715631793,37.299218500218466
1114_1915,148,148.0,128.79075418083394,37.23132600225318,0.5158155462688586,0.7136416964708979,0.7068297419164833,0.628271448951408,0.108070999195314,31,8,3,0.5511608015640274,0.5796065480316844,0.7445442080323205,0.010271646859083192,0.25806451612903225,0.0967741935483871,0.6261345643022583,62.613,2025-03-25,0.7136416964708979,71.364,0.7799242424242425,1.0,0.7445442080323205,0.018421052631578946,18.9,26.0,0.0,0.0,12.9,12.9,7,0,0,high,128.78504251850788,37.22688139114823,128.79646651348057,37.23577032180979
1121_1916,148,148.0,128.86980799841888,37.23945125276903,0.5158155462688586,0.7136416964708979,0.7068297419164833,0.628271448951408,0.108070999195314,31,8,3,0.5511608015640274,0.5796065480316844,0.7445442080323205,0.010271646859083192,0.25806451612903225,0.0967741935483871,0.6261345643022583,62.613,2025-03-25,0.7136416964708979,71.364,0.7799242424242425,1.0,0.7445442080323205,0.018421052631578946,18.9,26.0,0.0,0.0,12.9,12.9,7,0,0,high,128.86409118430979,37.23501056550148,128.87552548303157,37.243891647198595
1122_1910,146,146.0,128.88009383632524,37.18525142179526,0.5153002735014054,0.7131264237034447,0.70631446914903,0.6277561761839547,0.108070999195314,31,8,3,0.5511608015640274,0.5796065480316844,0.7419678441950542,0.010271646859083192,0.25806451612903225,0.0967741935483871,0.6256708188115504,62.567,2025-03-25,0.7131264237034447,71.313,0.7799242424242425,1.0,0.7419678441950542,0.018421052631578946,18.9,26.0,0.0,0.0,12.9,12.9,7,0,0,high,128.87438062403567,37.18081112118114,128.88580771731486,37.1896914299539
1113_1920,146,146.0,128.7802461540552,37.27650725781931,0.5153002735014054,0.7131264237034447,0.70631446914903,0.6277561761839547,0.108070999195314,31,8,3,0.5511608015640274,0.5796065480316844,0.7419678441950542,0.010271646859083192,0.25806451612903225,0.0967741935483871,0.6256708188115504,62.567,2025-03-25,0.7131264237034447,71.313,0.7799242424242425,1.0,0.7419678441950542,0.018421052631578946,18.9,26.0,0.0,0.0,12.9,12.9,7,0,0,high,128.77453160372502,37.27206222518456,128.7859613762143,37.28095199861693
1121_1981,417,417.0,128.88056433901187,37.8251671708261,0.5380143572791725,0.71694967270715,0.68938265122085,0.6574458825883391,0.09553391600907334,31,8,1,0.5285312805474095,0.5472809199900062,0.9412043401692225,0.010271646859083192,0.25806451612903225,0.03225806451612903,0.6256256364435376,62.563,2025-03-24,0.71694967270715,71.695,0.7909090909090909,0.8446438311334135,0.9412043401692225,0.007894736842105263,24.2,20.0,0.0,6.5,9.4,10.9,6,0,0,high,128.87480092046343,37.820728334310544,128.8863284477447,37.82960570845655
1112_1923,145,145.0,128.76942318612808,37.30366400931342,0.5150400021527877,0.712866152354827,0.7060541978004122,0.627495904835337,0.108070999195314,31,8,3,0.5511608015640274,0.5796065480316844,0.7406664874519656,0.010271646859083192,0.25806451612903225,0.0967741935483871,0.6254365745977944,62.544,2025-03-25,0.712866152354827,71.287,0.7799242424242425,1.0,0.7406664874519656,0.018421052631578946,18.9,26.0,0.0,0.0,12.9,12.9,7,0,0,high,128.76370715631793,37.299218500218466,128.77513988868017,37.308109226466485
1074_1956,315,315.0,128.34402919755544,37.60490751347048,0.5311501790161682,0.7118332538557653,0.6885915822610482,0.6692253295506202,0.10592534644055243,31,9,1,0.6067448680351906,0.43734785010750343,0.8878726112317677,0.010271646859083192,0.2903225806451613,0.03225806451612903,0.6254109865086345,62.541,2025-03-25,0.7118332538557653,71.183,0.7848484848484849,0.8702247191011236,0.8878726112317677,0.018421052631578946,19.1,23.0,0.0,0.0,8.4,13.4,7,0,0,high,128.3383145585143,37.60044161669795,128.3497445198013,37.6093731218391
1072_1955,314,314.0,128.32127377717418,37.596054795608815,0.5310293243840165,0.7117123992236137,0.6884707276288966,0.6691044749184687,0.10592534644055247,31,9,1,0.6067448680351906,0.43734785010750343,0.8872683380710098,0.010271646859083192,0.2903225806451613,0.03225806451612903,0.625302217339698,62.53,2025-03-25,0.7117123992236137,71.171,0.7848484848484849,0.8702247191011236,0.8872683380710098,0.018421052631578946,19.1,23.0,0.0,0.0,8.4,13.4,7,0,0,high,128.3155611648055,37.59158776625285,128.32698707246442,37.60052153699998
1126_1970,284,284.0,128.9354435840677,37.72537316088788,0.524234485154208,0.7029592294462943,0.6815752299692852,0.6703535525583376,0.12533963804003392,31,11,1,0.5467741935483871,0.5213861431431819,0.8681876246009762,0.010271646859083192,0.3548387096774194,0.03225806451612903,0.6249178287940363,62.492,2025-03-25,0.7029592294462943,70.296,0.7268939393939394,0.9432038834951457,0.8681876246009762,0.018421052631578946,20.3,39.0,0.0,0.0,11.6,11.6,7,0,0,high,128.92968490386266,37.720936846402594,128.94120295099424,37.72980917665294
1121_1977,406,406.0,128.87989337910756,37.7891248737074,0.5369975075646253,0.7159328229926029,0.6883658015063028,0.656429032873792,0.09553391600907331,31,8,1,0.5285312805474095,0.5472809199900062,0.9361200915964869,0.010271646859083192,0.25806451612903225,0.03225806451612903,0.6247104717004452,62.471,2025-03-24,0.7159328229926029,71.593,0.7909090909090909,0.8446438311334135,0.9361200915964869,0.007894736842105263,24.2,20.0,0.0,6.5,9.4,10.9,6,0,0,high,128.87413286774955,37.78468592259178,128.8856545794213,37.79356352631293
1104_1930,333,333.0,128.68015790390243,37.367681796599896,0.535656251806582,0.7397212699420826,0.6560928359869189,0.6259090510214658,0.0855439129843046,31,9,1,0.6177859237536657,0.42925711792298465,0.8984342789775354,0.010271646859083192,0.2903225806451613,0.03225806451612903,0.6246984455009831,62.47,2025-03-25,0.7397212699420826,73.972,0.8337121212121212,0.8951456310679612,0.8984342789775354,0.018421052631578946,22.1,22.0,0.0,0.0,10.5,10.5,7,0,0,high,128.6744420604892,37.363232013601085,128.68587442227815,37.372131288387045
1126_1967,280,280.0,128.93492212410035,37.698341638773094,0.5236955418421434,0.7024202861342296,0.6810362866572206,0.6698146092462729,0.12533963804003395,31,11,1,0.5467741935483871,0.5213861431431819,0.8654929080406524,0.010271646859083192,0.3548387096774194,0.03225806451612903,0.6244327798131781,62.443,2025-03-25,0.7024202861342296,70.242,0.7268939393939394,0.9432038834951457,0.8654929080406524,0.018421052631578946,20.3,39.0,0.0,0.0,11.6,11.6,7,0,0,high,128.92916561839778,37.69390523580314,128.9406793156077,37.70277774330396
1029_1924,510,510.0,127.83294547041348,37.31901824945109,0.5420758326500821,0.722081704176038,0.68728738308219,0.6165825118021723,0.08470161531717631,31,7,2,0.6148460410557184,0.39478406063826416,0.979503270196831,0.010271646859083192,0.22580645161290322,0.06451612903225806,0.6242749922316865,62.427,2025-03-25,0.722081704176038,72.208,0.7886363636363635,0.8318533871495583,0.979503270196831,0.018421052631578946,23.4,27.0,0.0,0.0,9.9,9.9,7,0,0,high,127.8272828704761,37.314527092910325,127.83860874421914,37.323509128293225
1098_1993,242,242.0,128.62091209084414,37.93607665049948,0.540777311968801,0.6966274330007551,0.6847931971774035,0.6815057101543132,0.10822058342076966,31,10,0,0.5373655913978495,0.6269268800782611,0.8377930418061675,0.010271646859083192,0.3225806451612903,0.0,0.6239107474722446,62.391,2025-03-24,0.6966274330007551,69.663,0.7515151515151515,0.9091142140285808,0.8377930418061675,0.007894736842105263,21.8,22.0,0.0,11.0,9.1,12.8,6,0,0,high,128.61515509973432,37.93162506579188,128.62666977621095,37.94052793920692
1081_1956,301,301.0,128.42332492024607,37.604313735198126,0.5294223285057502,0.7101054033453474,0.6868637317506303,0.6674974790402024,0.10592534644055247,31,9,1,0.6067448680351906,0.43734785010750343,0.8792333586796784,0.010271646859083192,0.2903225806451613,0.03225806451612903,0.6238559210492584,62.386,2025-03-25,0.7101054033453474,71.011,0.7848484848484849,0.8702247191011236,0.8792333586796784,0.018421052631578946,19.1,23.0,0.0,0.0,8.4,13.4,7,0,0,high,128.4176056652529,37.599851738801576,128.42904485836556,37.60877544197391
1071_1955,300,300.0,128.30994690768563,37.59613307269994,0.5292958620398227,0.7099789368794198,0.6867372652847027,0.6673710125742748,0.10592534644055247,31,9,1,0.6067448680351906,0.43734785010750343,0.8786010263500403,0.010271646859083192,0.2903225806451613,0.03225806451612903,0.6237421012299236,62.374,2025-03-25,0.7099789368794198,70.998,0.7848484848484849,0.8702247191011236,0.8786010263500403,0.018421052631578946,19.1,23.0,0.0,0.0,8.4,13.4,7,0,0,high,128.304234956335,37.59166548733981,128.3156595419681,37.600600370269206
1122_1976,394,394.0,128.89107853203964,37.77998076010808,0.5358563868550049,0.7147917022829825,0.6872246807966824,0.6552879121641716,0.09553391600907332,31,8,1,0.5285312805474095,0.5472809199900062,0.9304144880483849,0.010271646859083192,0.25806451612903225,0.03225806451612903,0.6236834630617868,62.368,2025-03-24,0.7147917022829825,71.479,0.7909090909090909,0.8446438311334135,0.9304144880483849,0.007894736842105263,24.2,20.0,0.0,6.5,9.4,10.9,6,0,0,high,128.88531809550022,37.77554234850651,128.89683965721028,37.784418873119854
1082_1956,298,298.0,128.43465268697975,37.60422456125526,0.5290416637348624,0.7097247385744595,0.6864830669797424,0.6671168142693145,0.10592534644055247,31,9,1,0.6067448680351906,0.43734785010750343,0.8773300348252389,0.010271646859083192,0.2903225806451613,0.03225806451612903,0.6235133227554592,62.351,2025-03-25,0.7097247385744595,70.972,0.7848484848484849,0.8702247191011236,0.8773300348252389,0.018421052631578946,19.1,23.0,0.0,0.0,8.4,13.4,7,0,0,high,128.42893277382726,37.59976312272951,128.44037328324677,37.6086857099865
1098_2001,239,239.0,128.6220089468923,38.0081663470037,0.5403036461940851,0.6961537672260392,0.6843195314026876,0.6810320443795972,0.10822058342076966,31,10,0,0.5373655913978495,0.6269268800782611,0.8354247129325878,0.010271646859083192,0.3225806451612903,0.0,0.6234844482750004,62.348,2025-03-24,0.6961537672260392,69.615,0.7515151515151515,0.9091142140285808,0.8354247129325878,0.007894736842105263,21.8,22.0,0.0,11.0,9.1,12.8,6,0,0,high,128.61624614845843,38.003714958853934,128.62777244206356,38.012617438407524
1091_2002,238,238.0,128.54241251400632,38.017911441786985,0.5401444409334696,0.6959945619654236,0.684160326142072,0.6808728391189817,0.10822058342076966,31,10,0,0.5373655913978495,0.6269268800782611,0.8346286866295101,0.010271646859083192,0.3225806451612903,0.0,0.6233411635404464,62.334,2025-03-24,0.6959945619654236,69.599,0.7515151515151515,0.9091142140285808,0.8346286866295101,0.007894736842105263,21.8,22.0,0.0,11.0,9.1,12.8,6,0,0,high,128.53665366101694,38.01345609971066,128.54817206414248,38.02236648825083
1086_1907,238,238.0,128.47423260888516,37.16224296536364,0.5400336150514782,0.7384885421756255,0.6785861912998246,0.6583098909947812,0.09000025889386905,31,6,1,0.6116935483870968,0.5075588453674998,0.8346286866295101,0.010271646859083192,0.1935483870967742,0.03225806451612903,0.6233377184363806,62.334,2025-03-25,0.7384885421756255,73.849,0.8352272727272727,0.9388349514563107,0.8346286866295101,0.018421052631578946,22.5,18.0,0.0,0.0,11.5,11.5,7,0,0,high,128.46854444243687,37.157782676384784,128.4799214436634,37.16670296832391
1120_1976,390,390.0,128.86837304520276,37.78024667309961,0.5354682959268197,0.7144036113547972,0.6868365898684972,0.6548998212359863,0.09553391600907331,31,8,1,0.5285312805474095,0.5472809199900062,0.9284740334074588,0.010271646859083192,0.25806451612903225,0.03225806451612903,0.6233341812264201,62.333,2025-03-24,0.7144036113547972,71.44,0.7909090909090909,0.8446438311334135,0.9284740334074588,0.007894736842105263,24.2,20.0,0.0,6.5,9.4,10.9,6,0,0,high,128.86261391132254,37.775807125364445,128.87413286774955,37.78468592259178
1118_1977,390,390.0,128.8458306823803,37.789518949986594,0.5354682959268197,0.7144036113547972,0.6868365898684972,0.6548998212359863,0.09553391600907331,31,8,1,0.5285312805474095,0.5472809199900062,0.9284740334074588,0.010271646859083192,0.25806451612903225,0.03225806451612903,0.6233341812264201,62.333,2025-03-24,0.7144036113547972,71.44,0.7909090909090909,0.8446438311334135,0.9284740334074588,0.007894736842105263,24.2,20.0,0.0,6.5,9.4,10.9,6,0,0,high,128.84007212733806,37.78507829487057,128.8515899264307,37.793959307112964
1078_1959,296,296.0,128.38966344757793,37.63161192517481,0.5287857593882448,0.7094688342278419,0.6862271626331248,0.6668609099226969,0.10592534644055247,31,9,1,0.6067448680351906,0.43734785010750343,0.876050513092151,0.010271646859083192,0.2903225806451613,0.03225806451612903,0.6232830088435034,62.328,2025-03-25,0.7094688342278419,70.947,0.7848484848484849,0.8702247191011236,0.876050513092151,0.018421052631578946,19.1,23.0,0.0,0.0,8.4,13.4,7,0,0,high,128.3839440468049,37.62714831854948,128.39538353242511,37.63607524242622
1088_1906,236,236.0,128.49663681778893,37.15304283547519,0.5397131963211734,0.7381681234453208,0.6782657725695198,0.6579894722644765,0.09000025889386903,31,6,1,0.6116935483870968,0.5075588453674998,0.8330265929779861,0.010271646859083192,0.1935483870967742,0.03225806451612903,0.6230493415791064,62.305,2025-03-25,0.7381681234453208,73.817,0.8352272727272727,0.9388349514563107,0.8330265929779861,0.018421052631578946,22.5,18.0,0.0,0.0,11.5,11.5,7,0,0,high,128.49094806109832,37.148583624253234,128.50232624248798,37.15750176042614
1140_1954,593,593.0,129.0911736792755,37.57917296320795,0.5378665186003788,0.715353923189222,0.66476376674602,0.6418856321710095,0.09917284428832064,31,10,1,0.5494379276637341,0.4662024020240907,1.0,0.010271646859083192,0.3225806451612903,0.03225806451612903,0.6228725597135394,62.287,2025-03-25,0.715353923189222,71.535,0.8340909090909091,0.7158176066324862,1.0,0.018421052631578946,24.5,22.0,0.0,0.0,8.8,8.8,7,0,0,high,129.08541758683725,37.57474410215682,129.0969304532935,37.58360152462553
1097_1908,233,233.0,128.59823429719995,37.170172333594714,0.5392274623062799,0.7376823894304274,0.6777800385546264,0.6575037382495831,0.09000025889386903,31,6,1,0.6116935483870968,0.5075588453674998,0.8305979229035191,0.010271646859083192,0.1935483870967742,0.03225806451612903,0.6226121809657023,62.261,2025-03-25,0.7376823894304274,73.768,0.8352272727272727,0.9388349514563107,0.8305979229035191,0.018421052631578946,22.5,18.0,0.0,0.0,11.5,11.5,7,0,0,high,128.5925383837071,37.1657181274464,128.60393087917979,37.17462625174709
1118_1973,380,380.0,128.84517743839393,37.75347591322229,0.5344804270842668,0.7134157425122445,0.6858487210259444,0.6539119523934336,0.09553391600907334,31,8,1,0.5285312805474095,0.5472809199900062,0.9235346891946948,0.010271646859083192,0.25806451612903225,0.03225806451612903,0.6224450992681226,62.245,2025-03-24,0.7134157425122445,71.342,0.7909090909090909,0.8446438311334135,0.9235346891946948,0.007894736842105263,24.2,20.0,0.0,6.5,9.4,10.9,6,0,0,high,128.83942178188073,37.74903514577624,128.85093378268888,37.757916383052816
1075_1956,288,288.0,128.35535729891802,37.604825949458686,0.5277446133521204,0.7084276881917175,0.6851860165970004,0.6658197638865725,0.10592534644055247,31,9,1,0.6067448680351906,0.43734785010750343,0.8708447829115289,0.010271646859083192,0.2903225806451613,0.03225806451612903,0.6223459774109914,62.235,2025-03-25,0.7084276881917175,70.843,0.7848484848484849,0.8702247191011236,0.8708447829115289,0.018421052631578946,19.1,23.0,0.0,0.0,8.4,13.4,7,0,0,high,128.34964199950923,37.60036060937637,128.3610732815207,37.60929100096313
1089_1909,231,231.0,128.50825582347596,37.179985939234456,0.5389001675540059,0.7373550946781534,0.6774527438023523,0.6571764434973091,0.09000025889386903,31,6,1,0.6116935483870968,0.5075588453674998,0.8289614491421491,0.010271646859083192,0.1935483870967742,0.03225806451612903,0.6223176156886557,62.232,2025-03-25,0.7373550946781534,73.736,0.8352272727272727,0.9388349514563107,0.8289614491421491,0.018421052631578946,22.5,18.0,0.0,0.0,11.5,11.5,7,0,0,high,128.50256434045733,37.175527345780964,128.51394797538276,37.184444245972955
1097_1903,231,231.0,128.59758281868062,37.12510960645617,0.5389001675540059,0.7373550946781534,0.6774527438023523,0.6571764434973091,0.09000025889386903,31,6,1,0.6116935483870968,0.5075588453674998,0.8289614491421491,0.010271646859083192,0.1935483870967742,0.03225806451612903,0.6223176156886557,62.232,2025-03-25,0.7373550946781534,73.736,0.8352272727272727,0.9388349514563107,0.8289614491421491,0.018421052631578946,22.5,18.0,0.0,0.0,11.5,11.5,7,0,0,high,128.5918903881039,37.120655280529014,128.60327591625932,37.12956364484286
1096_1903,230,230.0,128.58632741253982,37.12521328867941,0.538735460582895,0.7371903877070424,0.6772880368312413,0.657011736526198,0.09000025889386905,31,6,1,0.6116935483870968,0.5075588453674998,0.8281379142865942,0.010271646859083192,0.1935483870967742,0.03225806451612903,0.6221693794146558,62.217,2025-03-25,0.7371903877070424,73.719,0.8352272727272727,0.9388349514563107,0.8281379142865942,0.018421052631578946,22.5,18.0,0.0,0.0,11.5,11.5,7,0,0,high,128.58063562017298,37.12075841182901,128.59201987192205,37.1296678781605
1122_1978,376,376.0,128.89141646883542,37.79800188027477,0.5340780000820237,0.7130133155100014,0.6854462940237013,0.6535095253911904,0.09553391600907334,31,8,1,0.5285312805474095,0.5472809199900062,0.9215225541834792,0.010271646859083192,0.25806451612903225,0.03225806451612903,0.6220829149661038,62.208,2025-03-24,0.7130133155100014,71.301,0.7909090909090909,0.8446438311334135,0.9215225541834792,0.007894736842105263,24.2,20.0,0.0,6.5,9.4,10.9,6,0,0,high,128.8856545794213,37.79356352631293,128.89717904749443,37.80243993545931
1088_1913,228,228.0,128.49746621967338,37.216132295256436,0.53840389671518,0.7368588238393273,0.6769564729635262,0.656680172658483,0.09000025889386905,31,6,1,0.6116935483870968,0.5075588453674998,0.826480094948019,0.010271646859083192,0.1935483870967742,0.03225806451612903,0.6218709719337122,62.187,2025-03-25,0.7368588238393273,73.686,0.8352272727272727,0.9388349514563107,0.826480094948019,0.018421052631578946,22.5,18.0,0.0,0.0,11.5,11.5,7,0,0,high,128.49177259613384,37.211673240671594,128.50316051330486,37.22059106293446
1077_1955,281,281.0,128.37790745047369,37.59564710746444,0.5268096900462242,0.7074927648858214,0.6842510932911042,0.6648848405806763,0.10592534644055247,31,9,1,0.6067448680351906,0.43734785010750343,0.866170166382048,0.010271646859083192,0.2903225806451613,0.03225806451612903,0.621504546435685,62.15,2025-03-25,0.7074927648858214,70.749,0.7848484848484849,0.8702247191011236,0.866170166382048,0.018421052631578946,19.1,23.0,0.0,0.0,8.4,13.4,7,0,0,high,128.37219153773503,37.59118286066502,128.3836240460801,37.60011106542965
1120_1973,368,368.0,128.8678749627128,37.75321462704526,0.5332601756043159,0.7121954910322935,0.6846284695459934,0.6526917009134826,0.09553391600907331,31,8,1,0.5285312805474095,0.5472809199900062,0.9174334317949402,0.010271646859083192,0.25806451612903225,0.03225806451612903,0.6213468729361667,62.135,2025-03-24,0.7121954910322935,71.22,0.7909090909090909,0.8446438311334135,0.9174334317949402,0.007894736842105263,24.2,20.0,0.0,6.5,9.4,10.9,6,0,0,high,128.86211800397854,37.74877499398311,128.8736326091941,37.75765396214521
1162_1910,490,490.0,129.3305527781278,37.179146782132094,0.5200255478791307,0.734437336769222,0.6606263222415206,0.6467266215085851,0.10846673906387123,31,9,1,0.5641739980449657,0.3937475587397995,0.9718915597366604,0.010271646859083192,0.2903225806451613,0.03225806451612903,0.6213096482941021,62.131,2025-03-25,0.734437336769222,73.444,0.8299242424242423,0.8213046798298245,0.9718915597366604,0.018421052631578946,25.6,19.0,0.0,0.0,9.8,9.8,7,0,0,high,129.32481452968776,37.174728864763466,129.33629169447696,37.183564400239725
1087_1909,224,224.0,128.4857280426184,37.180175509768546,0.5377319920246608,0.7361869191488083,0.6762845682730072,0.656008267967964,0.09000025889386909,31,6,1,0.6116935483870968,0.5075588453674998,0.8231205714954234,0.010271646859083192,0.1935483870967742,0.03225806451612903,0.6212662577122451,62.127,2025-03-25,0.7361869191488083,73.619,0.8352272727272727,0.9388349514563107,0.8231205714954234,0.018421052631578946,22.5,18.0,0.0,0.0,11.5,11.5,7,0,0,high,128.4800378446988,37.17571581515321,128.4914189094508,37.184634918012165
1087_1910,223,223.0,128.4858451904418,37.18918832034364,0.537562149407435,0.7360170765315823,0.6761147256557813,0.655838425350738,0.09000025889386905,31,6,1,0.6116935483870968,0.5075588453674998,0.8222713584092939,0.010271646859083192,0.1935483870967742,0.03225806451612903,0.6211133993567417,62.111,2025-03-25,0.7360170765315823,73.602,0.8352272727272727,0.9388349514563107,0.822271358409294,0.018421052631578946,22.5,18.0,0.0,0.0,11.5,11.5,7,0,0,high,128.48015429754375,37.184728647927706,128.49153675255025,37.193647706297064
1163_1916,487,487.0,129.34312700069358,37.23302889646215,0.5197918621352787,0.7342036510253699,0.6603926364976687,0.6464929357647331,0.10846673906387123,31,9,1,0.5641739980449657,0.3937475587397995,0.9707231310174005,0.010271646859083192,0.2903225806451613,0.03225806451612903,0.6210993311246353,62.11,2025-03-25,0.7342036510253699,73.42,0.8299242424242423,0.8213046798298245,0.9707231310174005,0.018421052631578946,25.6,19.0,0.0,0.0,9.8,9.8,7,0,0,high,129.33738382868506,37.22861175678967,129.3488708423717,37.23744573614098
1119_1974,364,364.0,128.8566908149102,37.76235655513438,0.5328445899695768,0.7117799053975544,0.6842128839112543,0.6522761152787435,0.09553391600907334,31,8,1,0.5285312805474095,0.5472809199900062,0.9153555036212446,0.010271646859083192,0.25806451612903225,0.03225806451612903,0.6209728458649016,62.097,2025-03-24,0.7117799053975544,71.178,0.7909090909090909,0.8446438311334135,0.9153555036212446,0.007894736842105263,24.2,20.0,0.0,6.5,9.4,10.9,6,0,0,high,128.85093378268888,37.757916383052816,128.86244853520236,37.76679642933354
1090_1998,222,222.0,128.53051714908838,37.98196612719058,0.537502372747446,0.6933524937794,0.6815182579560484,0.678230770932958,0.10822058342076966,31,10,0,0.5373655913978495,0.6269268800782611,0.8214183456993919,0.010271646859083192,0.3225806451612903,0.0,0.6209633021730251,62.096,2025-03-24,0.6933524937794,69.335,0.7515151515151515,0.9091142140285808,0.8214183456993919,0.007894736842105263,21.8,22.0,0.0,11.0,9.1,12.8,6,0,0,high,128.52476186301223,37.97751012490282,128.53627313108248,37.986421834413065
1098_1906,222,222.0,128.60923288472887,37.15204243245914,0.5373915468654545,0.7358464739896019,0.6759441231138008,0.6556678228087576,0.09000025889386905,31,6,1,0.6116935483870968,0.5075588453674998,0.8214183456993919,0.010271646859083192,0.1935483870967742,0.03225806451612903,0.6209598570689593,62.096,2025-03-25,0.7358464739896019,73.585,0.8352272727272727,0.9388349514563107,0.8214183456993919,0.018421052631578946,22.5,18.0,0.0,0.0,11.5,11.5,7,0,0,high,128.60353772658408,37.147588730005936,128.6149287107526,37.156495846927385
1088_1909,222,222.0,128.49699195940434,37.18008125978135,0.5373915468654545,0.7358464739896019,0.6759441231138008,0.6556678228087576,0.09000025889386905,31,6,1,0.6116935483870968,0.5075588453674998,0.8214183456993919,0.010271646859083192,0.1935483870967742,0.03225806451612903,0.6209598570689593,62.096,2025-03-25,0.7358464739896019,73.585,0.8352272727272727,0.9388349514563107,0.8214183456993919,0.018421052631578946,22.5,18.0,0.0,0.0,11.5,11.5,7,0,0,high,128.4913011187803,37.17562211566396,128.5026834689289,37.184540117355375
1128_1972,277,277.0,128.95848517353977,37.74311543029302,0.5232862756103529,0.7020110199024392,0.6806270204254301,0.6694053430144825,0.12533963804003392,31,10,1,0.5467741935483871,0.5213861431431819,0.8634465768817006,0.010271646859083192,0.3225806451612903,0.03225806451612903,0.6208386337529538,62.084,2025-03-25,0.7020110199024392,70.201,0.7268939393939394,0.9432038834951457,0.8634465768817006,0.018421052631578946,20.3,39.0,0.0,0.0,11.6,11.6,7,0,0,high,128.95272374558655,37.738680311488935,128.96424728878932,37.747550249843265
1097_1993,221,221.0,128.60953424657237,37.93618449620357,0.5373310034498923,0.6931811244818463,0.6813468886584947,0.6780594016354043,0.10822058342076966,31,10,0,0.5373655913978495,0.6269268800782611,0.8205614992116235,0.010271646859083192,0.3225806451612903,0.0,0.6208090698052268,62.081,2025-03-24,0.6931811244818463,69.318,0.7515151515151515,0.9091142140285808,0.8205614992116235,0.007894736842105263,21.8,22.0,0.0,11.0,9.1,12.8,6,0,0,high,128.60377791937276,37.93173234426402,128.61529126804336,37.940636352317746
1129_1907,139,139.0,128.95841391379054,37.15727296272277,0.5134399238370444,0.7112660740390837,0.704454119484669,0.6258958265195937,0.108070999195314,31,7,3,0.5511608015640274,0.5796065480316844,0.7326660958732494,0.010271646859083192,0.22580645161290322,0.0967741935483871,0.6207706976620126,62.077,2025-03-25,0.7112660740390837,71.127,0.7799242424242425,1.0,0.7326660958732494,0.018421052631578946,18.9,26.0,0.0,0.0,12.9,12.9,7,0,0,high,128.95269840321745,37.152836471518626,128.96413009205,37.16170916055433
1135_1958,532,532.0,129.03530778623775,37.61596368472303,0.5353744053986131,0.7128618099874564,0.6622716535442543,0.6393935189692438,0.09917284428832063,31,10,1,0.5494379276637341,0.4662024020240907,0.9875394339911717,0.010271646859083192,0.3225806451612903,0.03225806451612903,0.6206296578319503,62.063,2025-03-25,0.7128618099874564,71.286,0.8340909090909091,0.7158176066324862,0.9875394339911717,0.018421052631578946,24.5,22.0,0.0,0.0,8.8,8.8,7,0,0,high,129.02955199879784,37.61153211392978,129.04106425657073,37.620394956367726
1102_1938,324,324.0,128.65868517537737,37.44000073373576,0.5346147107494059,0.7386797288849066,0.6550512949297429,0.6248675099642897,0.0855439129843046,31,8,1,0.6177859237536657,0.42925711792298465,0.8932265736916548,0.010271646859083192,0.25806451612903225,0.03225806451612903,0.6205352520979116,62.054,2025-03-25,0.7386797288849066,73.868,0.8337121212121212,0.8951456310679612,0.8932265736916548,0.018421052631578946,22.1,22.0,0.0,0.0,10.5,10.5,7,0,0,high,128.6529649642843,37.435550036991756,128.6644060638695,37.4444511388768
1111_1916,138,138.0,128.75709247407013,37.24070163110056,0.5131665921682023,0.7109927423702416,0.7041807878158268,0.6256224948507516,0.108070999195314,31,7,3,0.5511608015640274,0.5796065480316844,0.7312994375290388,0.010271646859083192,0.22580645161290322,0.0967741935483871,0.6205246991600547,62.052,2025-03-25,0.7109927423702416,71.099,0.7799242424242425,1.0,0.7312994375290388,0.018421052631578946,18.9,26.0,0.0,0.0,12.9,12.9,7,0,0,high,128.7513820179167,37.23625537942427,128.76280360088958,37.24514759165025
1089_1918,219,219.0,128.50933616178835,37.26110017360969,0.536875110918534,0.7353300380426815,0.6754276871668805,0.6551513868618372,0.09000025889386908,31,6,1,0.6116935483870968,0.5075588453674998,0.8188361659647896,0.010271646859083192,0.1935483870967742,0.03225806451612903,0.620495064716731,62.05,2025-03-25,0.7353300380426815,73.533,0.8352272727272727,0.9388349514563107,0.8188361659647896,0.018421052631578946,22.5,18.0,0.0,0.0,11.5,11.5,7,0,0,high,128.50363840765314,37.25664178329851,128.51503458749534,37.265558276387246
1098_1921,219,219.0,128.6112143972468,37.28722840584378,0.536875110918534,0.7353300380426815,0.6754276871668805,0.6551513868618372,0.09000025889386908,31,6,1,0.6116935483870968,0.5075588453674998,0.8188361659647896,0.010271646859083192,0.1935483870967742,0.03225806451612903,0.620495064716731,62.05,2025-03-25,0.7353300380426815,73.533,0.8352272727272727,0.9388349514563107,0.8188361659647896,0.018421052631578946,22.5,18.0,0.0,0.0,11.5,11.5,7,0,0,high,128.6055087487457,37.28277506595405,128.61692071809833,37.291681456378875
1105_1911,218,218.0,128.688752516441,37.196339626587154,0.5367013994357454,0.7351563265598927,0.6752539756840916,0.6549776753790484,0.09000025889386909,31,6,1,0.6116935483870968,0.5075588453674998,0.8179676085508458,0.010271646859083192,0.1935483870967742,0.03225806451612903,0.620338724382221,62.034,2025-03-25,0.7351563265598927,73.516,0.8352272727272727,0.9388349514563107,0.8179676085508458,0.018421052631578946,22.5,18.0,0.0,0.0,11.5,11.5,7,0,0,high,128.6830493968455,37.191889917051135,128.69445630530333,37.20078904648271
1124_1912,137,137.0,128.90295337388534,37.20300969838232,0.5128912869684199,0.7107174371704592,0.7039054826160445,0.6253471896509694,0.10807099919531399,31,7,3,0.5511608015640274,0.5796065480316844,0.7299229115301271,0.010271646859083192,0.22580645161290322,0.0967741935483871,0.6202769244802505,62.028,2025-03-25,0.7107174371704592,71.072,0.7799242424242425,1.0,0.7299229115301271,0.018421052631578946,18.9,26.0,0.0,0.0,12.9,12.9,7,0,0,high,128.89723748595472,37.19857056837891,128.90866993107656,37.20744853540425
1080_1955,271,271.0,128.41188709323964,37.59538945291686,0.5254330204979427,0.7061160953375398,0.6828744237428227,0.6635081710323948,0.10592534644055247,31,9,1,0.6067448680351906,0.43734785010750343,0.8592868186406406,0.010271646859083192,0.2903225806451613,0.03225806451612903,0.6202655438422315,62.027,2025-03-25,0.7061160953375398,70.612,0.7848484848484849,0.8702247191011236,0.8592868186406406,0.018421052631578946,19.1,23.0,0.0,0.0,8.4,13.4,7,0,0,high,128.40616920406015,37.59092687767666,128.4176056652529,37.599851738801576
1119_1979,356,356.0,128.85751480447584,37.80741003279016,0.5319995780011404,0.710934893429118,0.683367871942818,0.6514311033103071,0.09553391600907331,31,8,1,0.5285312805474095,0.5472809199900062,0.9111304437790625,0.010271646859083192,0.25806451612903225,0.03225806451612903,0.6202123350933089,62.021,2025-03-24,0.710934893429118,71.093,0.7909090909090909,0.8446438311334135,0.9111304437790625,0.007894736842105263,24.2,20.0,0.0,6.5,9.4,10.9,6,0,0,high,128.85175414521632,37.80297000207097,128.86327615334028,37.81184976515891
1099_1999,217,217.0,128.6331204912621,37.990034852036025,0.536637718813951,0.6924878398459051,0.6806536040225535,0.6773661169994631,0.10822058342076966,31,10,0,0.5373655913978495,0.6269268800782611,0.8170950760319173,0.010271646859083192,0.3225806451612903,0.0,0.6201851136328796,62.019,2025-03-24,0.6924878398459051,69.249,0.7515151515151515,0.9091142140285808,0.8170950760319173,0.007894736842105263,21.8,22.0,0.0,11.0,9.1,12.8,6,0,0,high,128.62735848124908,37.98558398320703,128.63888319737688,37.994485424130644
1081_1910,217,217.0,128.41825258688831,37.18973151397968,0.5365268929319597,0.734981820056107,0.6750794691803059,0.6548031688752627,0.09000025889386909,31,6,1,0.6116935483870968,0.5075588453674998,0.8170950760319173,0.010271646859083192,0.1935483870967742,0.03225806451612903,0.6201816685288138,62.018,2025-03-25,0.734981820056107,73.498,0.8352272727272727,0.9388349514563107,0.8170950760319173,0.018421052631578946,22.5,18.0,0.0,0.0,11.5,11.5,7,0,0,high,128.41256555843037,37.18526854100331,128.4239402846271,37.19419420152434
1099_1905,217,217.0,128.62035921242298,37.14292403344885,0.5365268929319597,0.734981820056107,0.6750794691803059,0.6548031688752627,0.09000025889386909,31,6,1,0.6116935483870968,0.5075588453674998,0.8170950760319173,0.010271646859083192,0.1935483870967742,0.03225806451612903,0.6201816685288138,62.018,2025-03-25,0.734981820056107,73.498,0.8352272727272727,0.9388349514563107,0.8170950760319173,0.018421052631578946,22.5,18.0,0.0,0.0,11.5,11.5,7,0,0,high,128.61466411298892,37.138470858470335,128.62605497942528,37.14737692036235
1123_1917,136,136.0,128.89251606945663,37.24819969718731,0.5126139795314159,0.7104401297334552,0.7036281751790405,0.6250698822139653,0.10807099919531399,31,7,3,0.5511608015640274,0.5796065480316844,0.7285363743451069,0.010271646859083192,0.22580645161290322,0.0967741935483871,0.620027347786947,62.003,2025-03-25,0.7104401297334552,71.044,0.7799242424242425,1.0,0.7285363743451069,0.018421052631578946,18.9,26.0,0.0,0.0,12.9,12.9,7,0,0,high,128.88679728016902,37.24376015340914,128.89823552951194,37.252638947693185
1126_1912,136,136.0,128.92548446504682,37.20274066891329,0.5126139795314159,0.7104401297334552,0.7036281751790405,0.6250698822139653,0.10807099919531399,31,7,3,0.5511608015640274,0.5796065480316844,0.7285363743451069,0.010271646859083192,0.22580645161290322,0.0967741935483871,0.620027347786947,62.003,2025-03-25,0.7104401297334552,71.044,0.7799242424242425,1.0,0.7285363743451069,0.018421052631578946,18.9,26.0,0.0,0.0,12.9,12.9,7,0,0,high,128.91976731343726,37.198302653299116,128.9312022858821,37.207178391204586
1098_1926,216,216.0,128.6118778465476,37.332289689252875,0.5363515840966007,0.734806511220748,0.674904160344947,0.6546278600399037,0.09000025889386908,31,6,1,0.6116935483870968,0.5075588453674998,0.8162185318551224,0.010271646859083192,0.1935483870967742,0.03225806451612903,0.6200238905769909,62.002,2025-03-25,0.734806511220748,73.481,0.8352272727272727,0.9388349514563107,0.8162185318551224,0.018421052631578946,22.5,18.0,0.0,0.0,11.5,11.5,7,0,0,high,128.60616868564284,37.327836470453235,128.6175876813002,37.336742618240194
1082_1910,216,216.0,128.4295181457142,37.189643659152054,0.5363515840966007,0.734806511220748,0.674904160344947,0.6546278600399037,0.09000025889386908,31,6,1,0.6116935483870968,0.5075588453674998,0.8162185318551224,0.010271646859083192,0.1935483870967742,0.03225806451612903,0.6200238905769909,62.002,2025-03-25,0.734806511220748,73.481,0.8352272727272727,0.9388349514563107,0.8162185318551224,0.018421052631578946,22.5,18.0,0.0,0.0,11.5,11.5,7,0,0,high,128.42383047240963,37.18518123585302,128.43520648828826,37.194105796847516
1083_1956,269,269.0,128.4459804034752,37.60413430023711,0.5251516199253519,0.705834694764949,0.6825930231702318,0.6632267704598039,0.10592534644055247,31,9,1,0.6067448680351906,0.43734785010750343,0.8578798157776863,0.010271646859083192,0.2903225806451613,0.03225806451612903,0.6200122833268998,62.001,2025-03-25,0.705834694764949,70.583,0.7848484848484849,0.8702247191011236,0.8578798157776863,0.018421052631578946,19.1,23.0,0.0,0.0,8.4,13.4,7,0,0,high,128.44025983247943,37.59967341975045,128.45170165757355,37.60859489075555
1071_1954,268,268.0,128.30984923521146,37.5871204490646,0.5250101370004132,0.7056932118400103,0.6824515402452932,0.6630852875348653,0.10592534644055247,31,9,1,0.6067448680351906,0.43734785010750343,0.8571724011529929,0.010271646859083192,0.2903225806451613,0.03225806451612903,0.619884948694455,61.988,2025-03-25,0.7056932118400103,70.569,0.7848484848484849,0.8702247191011236,0.8571724011529929,0.018421052631578946,19.1,23.0,0.0,0.0,8.4,13.4,7,0,0,high,128.30413798824517,37.58265284417665,128.3155611648055,37.59158776625285
1108_1910,215,215.0,128.722403676345,37.186983559343055,0.53617546551779,0.7346303926419374,0.6747280417661363,0.6544517414610931,0.09000025889386909,31,6,1,0.6116935483870968,0.5075588453674998,0.8153379389610692,0.010271646859083192,0.1935483870967742,0.03225806451612903,0.6198653838560613,61.987,2025-03-25,0.7346303926419374,73.463,0.8352272727272727,0.9388349514563107,0.8153379389610692,0.018421052631578946,22.5,18.0,0.0,0.0,11.5,11.5,7,0,0,high,128.71669934591785,37.18253548584561,128.7281086756967,37.19143134277805
1120_1971,269,269.0,128.86754327746698,37.73519319084193,0.5221729233895501,0.7008976676816363,0.6795136682046272,0.6682919907936797,0.12533963804003392,31,10,1,0.5467741935483871,0.5213861431431819,0.8578798157776863,0.010271646859083192,0.3225806451612903,0.03225806451612903,0.6198366167542312,61.984,2025-03-25,0.7008976676816363,70.09,0.7268939393939394,0.9432038834951457,0.8578798157776863,0.018421052631578946,20.3,39.0,0.0,0.0,11.6,11.6,7,0,0,high,128.8617877672112,37.730753500924074,128.87329947485753,37.739632582984655
1122_1918,135,135.0,128.88140818827836,37.25734316645663,0.5123346405199903,0.7101607907220296,0.703348836167615,0.6247905432025397,0.10807099919531402,31,7,3,0.5511608015640274,0.5796065480316844,0.7271396792879788,0.010271646859083192,0.22580645161290322,0.0967741935483871,0.619775942676664,61.978,2025-03-25,0.7101607907220296,71.016,0.7799242424242425,1.0,0.7271396792879788,0.018421052631578946,18.9,26.0,0.0,0.0,12.9,12.9,7,0,0,high,128.8756893256231,37.25290309347027,128.88712772201683,37.26178294624932
1118_1923,135,135.0,128.8371093444722,37.302918526375834,0.5123346405199903,0.7101607907220296,0.703348836167615,0.6247905432025397,0.10807099919531402,31,7,3,0.5511608015640274,0.5796065480316844,0.7271396792879788,0.010271646859083192,0.22580645161290322,0.0967741935483871,0.619775942676664,61.978,2025-03-25,0.7101607907220296,71.016,0.7799242424242425,1.0,0.7271396792879788,0.018421052631578946,18.9,26.0,0.0,0.0,12.9,12.9,7,0,0,high,128.83138948613083,37.298476362453556,128.84282987545836,37.30736039732756
1136_1958,517,517.0,129.04663470018932,37.61581573899156,0.5342859507719004,0.7117733553607437,0.6611831989175418,0.6383050643425311,0.09917284428832066,31,10,1,0.5494379276637341,0.4662024020240907,0.9820971608576086,0.010271646859083192,0.3225806451612903,0.03225806451612903,0.6196500486679091,61.965,2025-03-25,0.7117733553607437,71.177,0.8340909090909091,0.7158176066324862,0.9820971608576086,0.018421052631578946,24.5,22.0,0.0,0.0,8.8,8.8,7,0,0,high,129.0408782712766,37.61138473538339,129.05239181197555,37.620246443278916
1127_1906,134,134.0,128.9357262231468,37.14853661204137,0.5120532399473995,0.7098793901494388,0.7030674355950242,0.6245091426299488,0.10807099919531402,31,7,3,0.5511608015640274,0.5796065480316844,0.7257326764250246,0.010271646859083192,0.22580645161290322,0.0967741935483871,0.6195226821613322,61.952,2025-03-25,0.7098793901494388,70.988,0.7799242424242425,1.0,0.7257326764250246,0.018421052631578946,18.9,26.0,0.0,0.0,12.9,12.9,7,0,0,high,128.9300126769035,37.14409897795772,128.9414404368153,37.1529739531856
1120_1918,134,134.0,128.8588604231048,37.257604135895775,0.5120532399473995,0.7098793901494388,0.7030674355950242,0.6245091426299488,0.10807099919531402,31,7,3,0.5511608015640274,0.5796065480316844,0.7257326764250246,0.010271646859083192,0.22580645161290322,0.0967741935483871,0.6195226821613322,61.952,2025-03-25,0.7098793901494388,70.988,0.7799242424242425,1.0,0.7257326764250246,0.018421052631578946,18.9,26.0,0.0,0.0,12.9,12.9,7,0,0,high,128.85314283001978,37.25316294767753,128.864578687307,37.2620450312625
1116_1912,134,134.0,128.81282608766946,37.2040429774911,0.5120532399473995,0.7098793901494388,0.7030674355950242,0.6245091426299488,0.10807099919531402,31,7,3,0.5511608015640274,0.5796065480316844,0.7257326764250246,0.010271646859083192,0.22580645161290322,0.0967741935483871,0.6195226821613322,61.952,2025-03-25,0.7098793901494388,70.988,0.7799242424242425,1.0,0.7257326764250246,0.018421052631578946,18.9,26.0,0.0,0.0,12.9,12.9,7,0,0,high,128.8071152670382,37.19959939644793,128.81853757769545,37.20848626691977
1098_1903,212,212.0,128.6088381669138,37.12500485590386,0.5356421756425394,0.7340971027666867,0.6741947518908857,0.6539184515858424,0.09000025889386909,31,6,1,0.6116935483870968,0.5075588453674998,0.8126714895848156,0.010271646859083192,0.1935483870967742,0.03225806451612903,0.6193854229683357,61.939,2025-03-25,0.7340971027666867,73.41,0.8352272727272727,0.9388349514563107,0.8126714895848156,0.018421052631578946,22.5,18.0,0.0,0.0,11.5,11.5,7,0,0,high,128.60314509843727,37.12055108106485,128.61453190237876,37.12945834303126
1115_1924,133,133.0,128.80342214778707,37.31230772720412,0.5117697471580382,0.7095958973600774,0.7027839428056628,0.6242256498405876,0.10807099919531399,31,7,2,0.5511608015640274,0.5796065480316844,0.7243152124782183,0.010271646859083192,0.22580645161290322,0.06451612903225806,0.619267538650907,61.927,2025-03-25,0.7095958973600774,70.96,0.7799242424242425,1.0,0.7243152124782183,0.018421052631578946,18.9,26.0,0.0,0.0,12.9,12.9,7,0,0,high,128.7977034949768,37.30786391721233,128.80914147359067,37.31675124464733
1126_1976,342,342.0,128.93648859756894,37.779435813821486,0.5304741904135357,0.7094095058415134,0.6818424843552133,0.6499057157227025,0.09553391600907334,31,8,1,0.5285312805474095,0.5472809199900062,0.9035035058410393,0.010271646859083192,0.25806451612903225,0.03225806451612903,0.6188394862644646,61.884,2025-03-24,0.7094095058415134,70.941,0.7909090909090909,0.8446438311334135,0.9035035058410393,0.007894736842105263,24.2,20.0,0.0,6.5,9.4,10.9,6,0,0,high,128.93072555960566,37.774999676469044,128.942252324091,37.783871651890856
1128_1918,131,131.0,128.9490497068402,37.25653450550681,0.5111963588412727,0.709022509043312,0.7022105544888972,0.623652261523822,0.108070999195314,31,7,2,0.5511608015640274,0.5796065480316844,0.7214482708943907,0.010271646859083192,0.22580645161290322,0.06451612903225806,0.618751489165818,61.875,2025-03-25,0.709022509043312,70.902,0.7799242424242425,1.0,0.7214482708943907,0.018421052631578946,18.9,26.0,0.0,0.0,12.9,12.9,7,0,0,high,128.94332704305015,37.25209778212848,128.95477304160838,37.260970934665735
1113_1918,131,131.0,128.77994100675807,37.258483725223705,0.5111963588412727,0.709022509043312,0.7022105544888972,0.623652261523822,0.108070999195314,31,7,2,0.5511608015640274,0.5796065480316844,0.7214482708943907,0.010271646859083192,0.22580645161290322,0.06451612903225806,0.618751489165818,61.875,2025-03-25,0.709022509043312,70.902,0.7799242424242425,1.0,0.7214482708943907,0.018421052631578946,18.9,26.0,0.0,0.0,12.9,12.9,7,0,0,high,128.77422786709218,37.25403863884344,128.78565481765546,37.26292851995087
1103_1913,208,208.0,128.66649864034028,37.21458808366649,0.5349193178888884,0.7333742450130357,0.6734718941372346,0.6531955938321914,0.09000025889386909,31,6,1,0.6116935483870968,0.5075588453674998,0.8090572008165607,0.010271646859083192,0.1935483870967742,0.03225806451612903,0.6187348509900498,61.873,2025-03-25,0.7333742450130357,73.337,0.8352272727272727,0.9388349514563107,0.8090572008165607,0.018421052631578946,22.5,18.0,0.0,0.0,11.5,11.5,7,0,0,high,128.6607953964151,37.210137317076324,128.67220255415694,37.21903856077583
1097_2002,207,207.0,128.61075596315317,38.01728565376863,0.5348472676192517,0.6906973886512058,0.6788631528278541,0.6755756658047638,0.10822058342076968,31,10,0,0.5373655913978495,0.6269268800782611,0.8081428200584205,0.010271646859083192,0.3225806451612903,0.0,0.6185737075576503,61.857,2025-03-24,0.6906973886512058,69.07,0.7515151515151515,0.9091142140285808,0.8081428200584205,0.007894736842105263,21.8,22.0,0.0,11.0,9.1,12.8,6,0,0,high,128.60499310391327,38.01283372134437,128.61651951945575,38.02173728952877
1126_1975,339,339.0,128.9363142345586,37.77042540790686,0.5301392283367794,0.7090745437647571,0.681507522278457,0.6495707536459462,0.09553391600907332,31,8,1,0.5285312805474095,0.5472809199900062,0.9018286954572579,0.010271646859083192,0.25806451612903225,0.03225806451612903,0.618538020395384,61.854,2025-03-24,0.7090745437647571,70.907,0.7909090909090909,0.8446438311334135,0.9018286954572579,0.007894736842105263,24.2,20.0,0.0,6.5,9.4,10.9,6,0,0,high,128.93055192369988,37.76598924101714,128.9420772336695,37.7748612756074
1064_1952,386,386.0,128.2303934151872,37.56961216428862,0.5524223960895107,0.7357350503280334,0.6513122270344394,0.6271883572021288,0.07089881892871053,31,7,1,0.6420576735092863,0.43502341850325676,0.9265136251555971,0.010271646859083192,0.22580645161290322,0.03225806451612903,0.6185316714560579,61.853,2025-03-25,0.7357350503280334,73.574,0.8015151515151515,0.9082524271844661,0.9265136251555971,0.018421052631578946,21.9,27.0,0.0,0.0,10.8,10.8,8,0,0,high,128.22468820578908,37.565140636819315,128.23609930667345,37.57408340545803
1119_1915,130,130.0,128.84710507367123,37.23069833524244,0.5109063984741633,0.7087325486762026,0.7019205941217879,0.6233623011567127,0.108070999195314,31,7,2,0.5511608015640274,0.5796065480316844,0.719998469058844,0.010271646859083192,0.22580645161290322,0.06451612903225806,0.6184905248354197,61.849,2025-03-25,0.7087325486762026,70.873,0.7799242424242425,1.0,0.719998469058844,0.018421052631578946,18.9,26.0,0.0,0.0,12.9,12.9,7,0,0,high,128.84139023456083,37.22625650585912,128.85282058302064,37.235139872221986
1076_1957,257,257.0,128.366789947464,37.6137557637571,0.523418157581158,0.7041012324207551,0.6808595608260379,0.6614933081156101,0.10592534644055246,31,9,1,0.6067448680351906,0.43734785010750343,0.8492125040567169,0.010271646859083192,0.2903225806451613,0.03225806451612903,0.6184521672171253,61.845,2025-03-25,0.7041012324207551,70.41,0.7848484848484849,0.8702247191011236,0.8492125040567169,0.018421052631578946,19.1,23.0,0.0,0.0,8.4,13.4,7,0,0,high,128.3610732815207,37.60929100096313,128.37250729689467,37.618220237707924
1129_1971,258,258.0,128.969653661265,37.733964127664734,0.5205869645350022,0.6993117088270885,0.6779277093500793,0.6667060319391318,0.12533963804003392,31,10,0,0.5467741935483871,0.5213861431431819,0.8499500215049468,0.010271646859083192,0.3225806451612903,0.0,0.6184092537851382,61.841,2025-03-25,0.6993117088270885,69.931,0.7268939393939394,0.9432038834951457,0.8499500215049468,0.018421052631578946,20.3,39.0,0.0,0.0,11.6,11.6,7,0,0,high,128.96389231223714,37.72952954738044,128.9754156972645,37.73839840861608
1097_2003,206,206.0,128.610892012417,38.02629682221827,0.534663510133369,0.690513631165323,0.6786793953419715,0.6753919083188811,0.1082205834207697,31,10,0,0.5373655913978495,0.6269268800782611,0.8072240326290072,0.010271646859083192,0.3225806451612903,0.0,0.6184083258203559,61.841,2025-03-24,0.690513631165323,69.051,0.7515151515151515,0.9091142140285808,0.8072240326290072,0.007894736842105263,21.8,22.0,0.0,11.0,9.1,12.8,6,0,0,high,128.60512842577094,38.02184491420865,128.6166562964366,38.03074843347047
1122_1966,257,257.0,128.8893933585543,37.68987429204017,0.5204394610453562,0.6991642053374424,0.6777802058604334,0.6665585284494858,0.12533963804003398,31,10,0,0.5467741935483871,0.5213861431431819,0.8492125040567169,0.010271646859083192,0.3225806451612903,0.0,0.6182765006444567,61.828,2025-03-25,0.6991642053374424,69.916,0.7268939393939394,0.9432038834951457,0.8492125040567169,0.018421052631578946,20.3,39.0,0.0,0.0,11.6,11.6,7,0,0,high,128.88364016694618,37.6854355925928,128.89514723573387,37.69431269383374
1082_1902,205,205.0,128.4286358651669,37.11753959950347,0.5343680368952656,0.7328229640194129,0.6729206131436118,0.6526443128385686,0.09000025889386905,31,6,1,0.6116935483870968,0.5075588453674998,0.806300795848447,0.010271646859083192,0.1935483870967742,0.03225806451612903,0.6182386980957892,61.824,2025-03-25,0.7328229640194129,73.282,0.8352272727272727,0.9388349514563107,0.806300795848447,0.018421052631578946,22.5,18.0,0.0,0.0,11.5,11.5,7,0,0,high,128.42295373161153,37.11307700581048,128.43431866561417,37.12200190831698
1080_1909,205,205.0,128.40687919911008,37.180805282726446,0.5343680368952656,0.7328229640194129,0.6729206131436118,0.6526443128385686,0.09000025889386905,31,6,1,0.6116935483870968,0.5075588453674998,0.806300795848447,0.010271646859083192,0.1935483870967742,0.03225806451612903,0.6182386980957892,61.824,2025-03-25,0.7328229640194129,73.282,0.8352272727272727,0.9388349514563107,0.806300795848447,0.018421052631578946,22.5,18.0,0.0,0.0,11.5,11.5,7,0,0,high,128.4011935087842,37.176341739280296,128.41256555843037,37.18526854100331
1085_1905,205,205.0,128.46274267622013,37.14430917460704,0.5343680368952656,0.7328229640194129,0.6729206131436118,0.6526443128385686,0.09000025889386905,31,6,1,0.6116935483870968,0.5075588453674998,0.806300795848447,0.010271646859083192,0.1935483870967742,0.03225806451612903,0.6182386980957892,61.824,2025-03-25,0.7328229640194129,73.282,0.8352272727272727,0.9388349514563107,0.806300795848447,0.018421052631578946,22.5,18.0,0.0,0.0,11.5,11.5,7,0,0,high,128.4570565391743,37.139848292156145,128.46842948101352,37.14876977139224
1125_1973,336,336.0,128.9246174688785,37.75254229569011,0.5298012975766325,0.7087366130046101,0.68116959151831,0.6492328228857992,0.09553391600907331,31,8,1,0.5285312805474095,0.5472809199900062,0.9001390416565231,0.010271646859083192,0.25806451612903225,0.03225806451612903,0.6182338827112517,61.823,2025-03-24,0.7087366130046101,70.874,0.7909090909090909,0.8446438311334135,0.9001390416565231,0.007894736842105263,24.2,20.0,0.0,6.5,9.4,10.9,6,0,0,high,128.91885726025907,37.748105501478925,128.9303783651557,37.756978791072925
1104_1913,203,203.0,128.67776699660274,37.214476562001,0.5339960378029479,0.7324509649270953,0.6725486140512942,0.6522723137462509,0.09000025889386906,31,6,1,0.6116935483870968,0.5075588453674998,0.8044408003868588,0.010271646859083192,0.1935483870967742,0.03225806451612903,0.6179038989127034,61.79,2025-03-25,0.7324509649270953,73.245,0.8352272727272727,0.9388349514563107,0.8044408003868588,0.018421052631578946,22.5,18.0,0.0,0.0,11.5,11.5,7,0,0,high,128.67206311381221,37.21002634926509,128.68347154927025,37.21892648508472
1103_1938,300,300.0,128.66998727529045,37.43988938499916,0.531689601281083,0.7357546194165837,0.65212618546142,0.6219424004959668,0.08554391298430462,31,8,1,0.6177859237536657,0.42925711792298465,0.8786010263500403,0.010271646859083192,0.25806451612903225,0.03225806451612903,0.617902653576421,61.79,2025-03-25,0.7357546194165837,73.575,0.8337121212121212,0.8951456310679612,0.8786010263500403,0.018421052631578946,22.1,22.0,0.0,0.0,10.5,10.5,7,0,0,high,128.66426641788803,37.43543924640895,128.67570881007737,37.444339231814006
1128_1904,127,127.0,128.9466402736308,37.13037701546018,0.5100230476658126,0.7078491978678519,0.7010372433134373,0.622478950348362,0.108070999195314,31,7,2,0.5511608015640274,0.5796065480316844,0.7155817150170904,0.010271646859083192,0.22580645161290322,0.06451612903225806,0.617695509107904,61.77,2025-03-25,0.7078491978678519,70.785,0.7799242424242425,1.0,0.7155817150170904,0.018421052631578946,18.9,26.0,0.0,0.0,12.9,12.9,7,0,0,high,128.94092750829824,37.125939878959414,128.95235370577768,37.134813859035724
1128_1906,126,126.0,128.94698356019134,37.14839968707325,0.5097239904110251,0.7075501406130644,0.7007381860586497,0.6221798930935745,0.108070999195314,31,7,2,0.5511608015640274,0.5796065480316844,0.7140864287431529,0.010271646859083192,0.22580645161290322,0.06451612903225806,0.6174263575785953,61.743,2025-03-25,0.7075501406130644,70.755,0.7799242424242425,1.0,0.7140864287431529,0.018421052631578946,18.9,26.0,0.0,0.0,12.9,12.9,7,0,0,high,128.94126938457273,37.14396260951806,128.95269840321745,37.152836471518626
1122_1979,328,328.0,128.89158555022715,37.807012418667796,0.5288852269804022,0.7078205424083798,0.6802535209220797,0.6483167522895689,0.09553391600907331,31,8,1,0.5285312805474095,0.5472809199900062,0.8955586886753715,0.010271646859083192,0.25806451612903225,0.03225806451612903,0.6174094191746444,61.741,2025-03-24,0.7078205424083798,70.782,0.7909090909090909,0.8446438311334135,0.8955586886753715,0.007894736842105263,24.2,20.0,0.0,6.5,9.4,10.9,6,0,0,high,128.88582293388862,37.80257409353466,128.89734885611767,37.81145044492987
1096_1905,200,200.0,128.58658516081408,37.14323848929796,0.5334311444409959,0.7318860715651433,0.6719837206893422,0.651707420384299,0.09000025889386909,31,6,1,0.6116935483870968,0.5075588453674998,0.8016163335770985,0.010271646859083192,0.1935483870967742,0.03225806451612903,0.6173954948869466,61.74,2025-03-25,0.7318860715651433,73.189,0.8352272727272727,0.9388349514563107,0.8016163335770985,0.018421052631578946,22.5,18.0,0.0,0.0,11.5,11.5,7,0,0,high,128.58089197677873,37.1387836599903,128.5922790124584,37.14769303105428
1096_1911,200,200.0,128.5873597833182,37.19731375220996,0.5334311444409959,0.7318860715651433,0.6719837206893422,0.651707420384299,0.09000025889386909,31,6,1,0.6116935483870968,0.5075588453674998,0.8016163335770985,0.010271646859083192,0.1935483870967742,0.03225806451612903,0.6173954948869466,61.74,2025-03-25,0.7318860715651433,73.189,0.8352272727272727,0.9388349514563107,0.8016163335770985,0.018421052631578946,22.5,18.0,0.0,0.0,11.5,11.5,7,0,0,high,128.58166241682724,37.19285906564108,128.59305781920222,37.201768150680806
1117_1975,327,327.0,128.83415229090238,37.771626548242985,0.5287691550352962,0.7077044704632739,0.6801374489769738,0.648200680344463,0.09553391600907332,31,8,1,0.5285312805474095,0.5472809199900062,0.8949783289498418,0.010271646859083192,0.25806451612903225,0.03225806451612903,0.6173049544240491,61.73,2025-03-24,0.7077044704632739,70.77,0.7909090909090909,0.8446438311334135,0.8949783289498418,0.007894736842105263,24.2,20.0,0.0,6.5,9.4,10.9,6,0,0,high,128.82839583794657,37.76718526964429,128.83990943226996,37.776067529212625
1135_1957,482,482.0,129.03512252509537,37.60695343258746,0.5316184574553773,0.7091058620442205,0.6585157056010185,0.6356375710260079,0.09917284428832067,31,10,1,0.5494379276637341,0.4662024020240907,0.9687596942749924,0.010271646859083192,0.3225806451612903,0.03225806451612903,0.6172493046830381,61.725,2025-03-25,0.7091058620442205,70.911,0.8340909090909091,0.7158176066324862,0.9687596942749924,0.018421052631578946,24.5,22.0,0.0,0.0,8.8,8.8,7,0,0,high,129.02936746150334,37.60252183073679,129.0408782712766,37.61138473538339
1119_1921,125,125.0,128.84806843369665,37.28476755763639,0.5094225690427406,0.7072487192447799,0.7004367646903653,0.6218784717252901,0.10807099919531399,31,7,2,0.5511608015640274,0.5796065480316844,0.7125793219017308,0.010271646859083192,0.22580645161290322,0.06451612903225806,0.6171550783471392,61.716,2025-03-25,0.7072487192447799,70.725,0.7799242424242425,1.0,0.7125793219017308,0.018421052631578946,18.9,26.0,0.0,0.0,12.9,12.9,7,0,0,high,128.84234935431707,37.28032589589179,128.85378818510625,37.28920892642376
1072_1957,247,247.0,128.32147198563726,37.61407995019995,0.5219108623329307,0.7025939371725278,0.6793522655778107,0.6599860128673828,0.10592534644055247,31,9,1,0.6067448680351906,0.43734785010750343,0.8416760278155806,0.010271646859083192,0.2903225806451613,0.03225806451612903,0.6170956014937208,61.71,2025-03-25,0.7025939371725278,70.259,0.7848484848484849,0.8702247191011236,0.8416760278155806,0.018421052631578946,19.1,23.0,0.0,0.0,8.4,13.4,7,0,0,high,128.31575796296866,37.609612960267924,128.327186691836,37.618546651984744
1101_1938,293,293.0,128.64738301358628,37.4401110020398,0.5307923927206181,0.7348574108561189,0.6512289769009552,0.621045191935502,0.08554391298430461,31,8,1,0.6177859237536657,0.42925711792298465,0.874114983547716,0.010271646859083192,0.25806451612903225,0.03225806451612903,0.6170951658720026,61.71,2025-03-25,0.7348574108561189,73.486,0.8337121212121212,0.8951456310679612,0.874114983547716,0.018421052631578946,22.1,22.0,0.0,0.0,10.5,10.5,7,0,0,high,128.64166344911857,37.43565974730772,128.65310325546758,37.44456196534135
1117_1976,325,325.0,128.83431426115922,37.78063734189847,0.5285359457179525,0.7074712611459301,0.67990423965963,0.6479674710271192,0.09553391600907331,31,8,1,0.5285312805474095,0.5472809199900062,0.8938122823631229,0.010271646859083192,0.25806451612903225,0.03225806451612903,0.6170950660384397,61.71,2025-03-24,0.7074712611459301,70.747,0.7909090909090909,0.8446438311334135,0.8938122823631229,0.007894736842105263,24.2,20.0,0.0,6.5,9.4,10.9,6,0,0,high,128.8285570836989,37.7761960912038,128.84007212733806,37.78507829487057
1122_1970,248,248.0,128.89006652698782,37.7259170526676,0.519085605056596,0.6978103493486821,0.6764263498716732,0.6652046724607256,0.12533963804003398,31,10,0,0.5467741935483871,0.5213861431431819,0.8424432241129156,0.010271646859083192,0.3225806451612903,0.0,0.6170580302545725,61.706,2025-03-25,0.6978103493486821,69.781,0.7268939393939394,0.9432038834951457,0.8424432241129156,0.018421052631578946,20.3,39.0,0.0,0.0,11.6,11.6,7,0,0,high,128.88431044129058,37.721478468288055,128.89582329947868,37.73035533901922
1089_1917,198,198.0,128.50921591039582,37.25208753722599,0.5330498452182577,0.7315047723424051,0.6716024214666041,0.6513261211615607,0.09000025889386909,31,6,1,0.6116935483870968,0.5075588453674998,0.7997098374634074,0.010271646859083192,0.1935483870967742,0.03225806451612903,0.6170523255864823,61.705,2025-03-25,0.7315047723424051,73.15,0.8352272727272727,0.9388349514563107,0.7997098374634074,0.018421052631578946,22.5,18.0,0.0,0.0,11.5,11.5,7,0,0,high,128.50351885429436,37.24762912432616,128.51491363777038,37.25654566268325
1095_1903,198,198.0,128.57507194908467,37.12531590255652,0.5330498452182577,0.7315047723424051,0.6716024214666041,0.6513261211615607,0.09000025889386909,31,6,1,0.6116935483870968,0.5075588453674998,0.7997098374634074,0.010271646859083192,0.1935483870967742,0.03225806451612903,0.6170523255864823,61.705,2025-03-25,0.7315047723424051,73.15,0.8352272727272727,0.9388349514563107,0.7997098374634074,0.018421052631578946,22.5,18.0,0.0,0.0,11.5,11.5,7,0,0,high,128.56938079523766,37.12086047494791,128.58076376996038,37.12977104296705
1091_2000,197,197.0,128.5421573205336,37.99988865909513,0.5329685820062218,0.6888187030381758,0.6769844672148242,0.6736969801917339,0.10822058342076968,31,10,0,0.5373655913978495,0.6269268800782611,0.7987493919932709,0.010271646859083192,0.3225806451612903,0.0,0.6168828905059234,61.688,2025-03-24,0.6888187030381758,68.882,0.7515151515151515,0.9091142140285808,0.7987493919932709,0.007894736842105263,21.8,22.0,0.0,11.0,9.1,12.8,6,0,0,high,128.53639991782086,37.99543327038306,128.54791541977167,38.00434375238077
1129_1909,124,124.0,128.95876033080586,37.17529545818518,0.5091187458852506,0.7069448960872898,0.7001329415328752,0.6215746485678,0.10807099919531396,31,7,2,0.5511608015640274,0.5796065480316844,0.7110602061142803,0.010271646859083192,0.22580645161290322,0.06451612903225806,0.6168816375053982,61.688,2025-03-25,0.7069448960872898,70.694,0.7799242424242425,1.0,0.7110602061142803,0.018421052631578946,18.9,26.0,0.0,0.0,12.9,12.9,7,0,0,high,128.95304340750144,37.17085902632001,128.96447792239067,37.17973159649296
1078_1907,197,197.0,128.38414045034065,37.1629493992377,0.5328577561242304,0.7313126832483777,0.6714103323725766,0.6511340320675334,0.09000025889386909,31,6,1,0.6116935483870968,0.5075588453674998,0.7987493919932709,0.010271646859083192,0.1935483870967742,0.03225806451612903,0.6168794454018576,61.688,2025-03-25,0.7313126832483777,73.131,0.8352272727272727,0.9388349514563107,0.7987493919932709,0.018421052631578946,22.5,18.0,0.0,0.0,11.5,11.5,7,0,0,high,128.3784574345601,37.15848471642591,128.3898241345427,37.16741379740478
1098_1916,197,197.0,128.6105524228023,37.24216676845872,0.5328577561242304,0.7313126832483777,0.6714103323725766,0.6511340320675334,0.09000025889386909,31,6,1,0.6116935483870968,0.5075588453674998,0.7987493919932709,0.010271646859083192,0.1935483870967742,0.03225806451612903,0.6168794454018576,61.688,2025-03-25,0.7313126832483777,73.131,0.8352272727272727,0.9388349514563107,0.7987493919932709,0.018421052631578946,22.5,18.0,0.0,0.0,11.5,11.5,7,0,0,high,128.6048502788833,37.237713307596835,128.61625523757772,37.24661994042307
1082_1903,197,197.0,128.4287459785542,37.12655265602638,0.5328577561242304,0.7313126832483777,0.6714103323725766,0.6511340320675334,0.09000025889386909,31,6,1,0.6116935483870968,0.5075588453674998,0.7987493919932709,0.010271646859083192,0.1935483870967742,0.03225806451612903,0.6168794454018576,61.688,2025-03-25,0.7313126832483777,73.131,0.8352272727272727,0.9388349514563107,0.7987493919932709,0.018421052631578946,22.5,18.0,0.0,0.0,11.5,11.5,7,0,0,high,128.4230631536096,37.12209008361861,128.43442947068738,37.13101494346425
1101_1937,291,291.0,128.64724543044693,37.43109904877699,0.5305321213720005,0.7345971395075012,0.6509687055523374,0.6207849205868843,0.08554391298430461,31,8,1,0.6177859237536657,0.42925711792298465,0.8728136268046274,0.010271646859083192,0.25806451612903225,0.03225806451612903,0.6168609216582467,61.686,2025-03-25,0.7345971395075012,73.46,0.8337121212121212,0.8951456310679612,0.8728136268046274,0.018421052631578946,22.1,22.0,0.0,0.0,10.5,10.5,7,0,0,high,128.64152657372162,37.426647769223685,128.6529649642843,37.435550036991756
1118_1964,246,246.0,128.8437118897635,37.67237823749455,0.5187781065793746,0.6975028508714608,0.6761188513944518,0.6648971739835042,0.12533963804003398,31,10,0,0.5467741935483871,0.5213861431431819,0.8409057317268089,0.010271646859083192,0.3225806451612903,0.0,0.6167812816250733,61.678,2025-03-25,0.6975028508714608,69.75,0.7268939393939394,0.9432038834951457,0.8409057317268089,0.018421052631578946,20.3,39.0,0.0,0.0,11.6,11.6,7,0,0,high,128.8379627360338,37.66793721763919,128.84946172852395,37.676818960574764
1097_1933,290,290.0,128.60151352373,37.395480665971206,0.5304013164254598,0.7344663345609606,0.6508379006057967,0.6206541156403437,0.08554391298430458,31,8,1,0.6177859237536657,0.42925711792298465,0.8721596020719244,0.010271646859083192,0.25806451612903225,0.03225806451612903,0.6167431972063602,61.674,2025-03-25,0.7344663345609606,73.447,0.8337121212121212,0.8951456310679612,0.8721596020719244,0.018421052631578946,22.1,22.0,0.0,0.0,10.5,10.5,7,0,0,high,128.5958000787355,37.391027060466136,128.60722764468855,37.39993398119457
1097_1909,196,196.0,128.5983647669237,37.179184836629425,0.53266469442305,0.7311196215471973,0.6712172706713964,0.650940970366353,0.09000025889386905,31,6,1,0.6116935483870968,0.5075588453674998,0.7977840834873691,0.010271646859083192,0.1935483870967742,0.03225806451612903,0.6167056898707952,61.671,2025-03-25,0.7311196215471973,73.112,0.8352272727272727,0.9388349514563107,0.7977840834873691,0.018421052631578946,22.5,18.0,0.0,0.0,11.5,11.5,7,0,0,high,128.5926681559158,37.174730654450826,128.604062046716,37.18363873072093
1083_1958,244,244.0,128.44620877294437,37.6221588232497,0.5214468046229053,0.7021298794625024,0.6788882078677853,0.6595219551573573,0.10592534644055247,31,9,1,0.6067448680351906,0.43734785010750343,0.8393557392654531,0.010271646859083192,0.2903225806451613,0.03225806451612903,0.6166779495546979,61.668,2025-03-25,0.7021298794625024,70.213,0.7848484848484849,0.8702247191011236,0.8393557392654531,0.018421052631578946,19.1,23.0,0.0,0.0,8.4,13.4,7,0,0,high,128.44048678456846,37.61769798613238,128.45193144503165,37.62661937021543
1081_1955,244,244.0,128.42321354364307,37.5953013945419,0.5214468046229053,0.7021298794625024,0.6788882078677853,0.6595219551573573,0.10592534644055247,31,9,1,0.6067448680351906,0.43734785010750343,0.8393557392654531,0.010271646859083192,0.2903225806451613,0.03225806451612903,0.6166779495546979,61.668,2025-03-25,0.7021298794625024,70.213,0.7848484848484849,0.8702247191011236,0.8393557392654531,0.018421052631578946,19.1,23.0,0.0,0.0,8.4,13.4,7,0,0,high,128.41749499628096,37.59083937682508,128.42893277382726,37.59976312272951
1103_1933,289,289.0,128.66928643884984,37.39482983524536,0.5302700612028282,0.7343350793383289,0.6507066453831651,0.620522860417712,0.08554391298430458,31,8,1,0.6177859237536657,0.42925711792298465,0.8715033259587663,0.010271646859083192,0.25806451612903225,0.03225806451612903,0.6166250675059917,61.663,2025-03-25,0.7343350793383289,73.434,0.8337121212121212,0.8951456310679612,0.8715033259587663,0.018421052631578946,22.1,22.0,0.0,0.0,10.5,10.5,7,0,0,high,128.663569119871,37.39037957080783,128.67500443370753,37.39927980836753
1032_1926,448,448.0,127.86689137386243,37.33694562867817,0.5371438940389571,0.7171497655649129,0.6823554444710649,0.6116505731910472,0.0847016153171763,31,6,2,0.6148460410557184,0.39478406063826416,0.9548435771412055,0.010271646859083192,0.1935483870967742,0.06451612903225806,0.6166104410300611,61.661,2025-03-25,0.7171497655649129,71.715,0.7886363636363635,0.8318533871495583,0.9548435771412055,0.018421052631578946,23.4,27.0,0.0,0.0,9.9,9.9,7,0,0,high,127.86122541271425,37.33245612776248,127.87255800946609,37.34143485119608
1026_1919,447,447.0,127.79890866595576,37.274039398874166,0.5370588781631072,0.717064749689063,0.682270428595215,0.6115655573151972,0.08470161531717631,31,6,2,0.6148460410557184,0.39478406063826416,0.9544184977619558,0.010271646859083192,0.1935483870967742,0.06451612903225806,0.6165339267417963,61.653,2025-03-25,0.717064749689063,71.706,0.7886363636363635,0.8318533871495583,0.9544184977619558,0.018421052631578946,23.4,27.0,0.0,0.0,9.9,9.9,7,0,0,high,127.79325146705649,37.26954655595565,127.80456653723681,37.278531965058505
1107_1926,195,195.0,128.7134508011364,37.33129143978273,0.5324706502153433,0.7309255773394907,0.6710232264636897,0.6507469261586464,0.09000025889386908,31,6,1,0.6116935483870968,0.5075588453674998,0.7968138624488358,0.010271646859083192,0.1935483870967742,0.03225806451612903,0.6165310500838593,61.653,2025-03-25,0.7309255773394907,73.093,0.8352272727272727,0.9388349514563107,0.7968138624488358,0.018421052631578946,22.5,18.0,0.0,0.0,11.5,11.5,7,0,0,high,128.7077358543513,37.32684322504838,128.71916642163907,37.335739363157444
1074_1957,242,242.0,128.3441310573331,37.61392003205861,0.5211342651310481,0.7018173399706452,0.6785756683759281,0.6592094156655002,0.10592534644055247,31,9,1,0.6067448680351906,0.43734785010750343,0.8377930418061675,0.010271646859083192,0.2903225806451613,0.03225806451612903,0.6163966640120264,61.64,2025-03-25,0.7018173399706452,70.182,0.7848484848484849,0.8702247191011236,0.8377930418061675,0.018421052631578946,19.1,23.0,0.0,0.0,8.4,13.4,7,0,0,high,128.338415712397,37.60945415535747,128.34984708577826,37.61838562026449
1079_1959,242,242.0,128.40099546304543,37.63152592918104,0.5211342651310481,0.7018173399706452,0.6785756683759281,0.6592094156655002,0.10592534644055247,31,9,1,0.6067448680351906,0.43734785010750343,0.8377930418061675,0.010271646859083192,0.2903225806451613,0.03225806451612903,0.6163966640120264,61.64,2025-03-25,0.7018173399706452,70.182,0.7848484848484849,0.8702247191011236,0.8377930418061675,0.018421052631578946,19.1,23.0,0.0,0.0,8.4,13.4,7,0,0,high,128.39527540228647,37.627062880458304,128.4067162078672,37.63598868835591
1098_1905,194,194.0,128.60910125357748,37.14302992107685,0.5322756134498273,0.7307305405739748,0.6708281896981738,0.6505518893931305,0.09000025889386909,31,6,1,0.6116935483870968,0.5075588453674998,0.795838678621256,0.010271646859083192,0.1935483870967742,0.03225806451612903,0.6163555169948949,61.636,2025-03-25,0.7307305405739748,73.073,0.8352272727272727,0.9388349514563107,0.795838678621256,0.018421052631578946,22.5,18.0,0.0,0.0,11.5,11.5,7,0,0,high,128.6034067922992,37.13857619449036,128.61479638243773,37.14748335976952
1082_1909,194,194.0,128.42940768880464,37.18063070077223,0.5322756134498273,0.7307305405739748,0.6708281896981738,0.6505518893931305,0.09000025889386909,31,6,1,0.6116935483870968,0.5075588453674998,0.795838678621256,0.010271646859083192,0.1935483870967742,0.03225806451612903,0.6163555169948949,61.636,2025-03-25,0.7307305405739748,73.073,0.8352272727272727,0.9388349514563107,0.795838678621256,0.018421052631578946,22.5,18.0,0.0,0.0,11.5,11.5,7,0,0,high,128.42372070904918,37.17616825615989,128.4350953375319,37.18509285987156
1114_1916,122,122.0,128.79090785796876,37.24033777885143,0.5085037389310743,0.7063298891331135,0.6995179345786988,0.6209596416136236,0.10807099919531402,31,7,2,0.5511608015640274,0.5796065480316844,0.7079851713433982,0.010271646859083192,0.22580645161290322,0.06451612903225806,0.6163281312466394,61.633,2025-03-25,0.7063298891331135,70.633,0.7799242424242425,1.0,0.7079851713433982,0.018421052631578946,18.9,26.0,0.0,0.0,12.9,12.9,7,0,0,high,128.78519549112806,37.235893194779024,128.79662089542828,37.244782071283524
1118_1972,242,242.0,128.84501430926497,37.74446511799565,0.5181555685952464,0.6968803128873325,0.6754963134103236,0.664274635999376,0.12533963804003392,31,10,0,0.5467741935483871,0.5213861431431819,0.8377930418061675,0.010271646859083192,0.3225806451612903,0.0,0.6162209974393579,61.622,2025-03-25,0.6968803128873325,69.688,0.7268939393939394,0.9432038834951457,0.8377930418061675,0.018421052631578946,20.3,39.0,0.0,0.0,11.6,11.6,7,0,0,high,128.83925937657497,37.740024322481375,128.85076992943044,37.7489056159879
1080_1908,193,193.0,128.40677146668114,37.17179225364657,0.532079573920185,0.7305345010443324,0.6706321501685313,0.650355849863488,0.09000025889386905,31,6,1,0.6116935483870968,0.5075588453674998,0.7948584809730442,0.010271646859083192,0.1935483870967742,0.03225806451612903,0.6161790814182168,61.618,2025-03-25,0.7305345010443324,73.053,0.8352272727272727,0.9388349514563107,0.7948584809730442,0.018421052631578946,22.5,18.0,0.0,0.0,11.5,11.5,7,0,0,high,128.40108646902289,37.167328689245245,128.41245713303624,37.17625553296909
1101_1931,285,285.0,128.64642121677696,37.377027030923834,0.5297404748489754,0.7338054929844761,0.6501770590293123,0.6199932740638592,0.08554391298430458,31,8,1,0.6177859237536657,0.42925711792298465,0.8688553941895023,0.010271646859083192,0.25806451612903225,0.03225806451612903,0.6161484397875242,61.615,2025-03-25,0.7338054929844761,73.381,0.8337121212121212,0.8951456310679612,0.8688553941895023,0.018421052631578946,22.1,22.0,0.0,0.0,10.5,10.5,7,0,0,high,128.64070659988278,37.37257560254543,128.65213650897766,37.381478168515045
1119_1980,316,316.0,128.85767982285145,37.816420685032746,0.5274684842760177,0.7064037997039954,0.6788367782176953,0.6469000095851843,0.09553391600907332,31,8,1,0.5285312805474095,0.5472809199900062,0.888474975153449,0.010271646859083192,0.25806451612903225,0.03225806451612903,0.6161343507406983,61.613,2025-03-24,0.7064037997039954,70.64,0.7909090909090909,0.8446438311334135,0.888474975153449,0.007894736842105263,24.2,20.0,0.0,6.5,9.4,10.9,6,0,0,high,128.85191843721134,37.81198068260329,128.86344189840378,37.82086038901807
1112_1924,121,121.0,128.76957471988865,37.312675750727124,0.5081924751248099,0.7060186253268492,0.6992066707724345,0.6206483778073593,0.10807099919531402,31,7,2,0.5511608015640274,0.5796065480316844,0.7064288523120769,0.010271646859083192,0.22580645161290322,0.06451612903225806,0.6160479938210016,61.605,2025-03-25,0.7060186253268492,70.602,0.7799242424242425,1.0,0.7064288523120769,0.018421052631578946,18.9,26.0,0.0,0.0,12.9,12.9,7,0,0,high,128.76385798361315,37.30823026835022,128.77529212920547,37.31712094107003
1119_1978,315,315.0,128.85734985963416,37.798399366116136,0.5273480114916814,0.7062833269196591,0.678716305433359,0.6467795368008481,0.09553391600907332,31,8,1,0.5285312805474095,0.5472809199900062,0.8878726112317677,0.010271646859083192,0.25806451612903225,0.03225806451612903,0.6160259252347958,61.603,2025-03-24,0.7062833269196591,70.628,0.7909090909090909,0.8446438311334135,0.8878726112317677,0.007894736842105263,24.2,20.0,0.0,6.5,9.4,10.9,6,0,0,high,128.8515899264307,37.793959307112964,128.86311048213543,37.80283912686254
1140_1955,464,464.0,129.0913655108521,37.58818301664498,0.5301703237465945,0.7076577283354376,0.6570675718922356,0.634189437317225,0.09917284428832066,31,10,1,0.5494379276637341,0.4662024020240907,0.9615190257310778,0.010271646859083192,0.3225806451612903,0.03225806451612903,0.6159459843451335,61.595,2025-03-25,0.7076577283354376,70.766,0.8340909090909091,0.7158176066324862,0.9615190257310778,0.018421052631578946,24.5,22.0,0.0,0.0,8.8,8.8,7,0,0,high,129.0856086941168,37.58375418753755,129.0971230094705,37.592611546024905
1127_1974,314,314.0,128.94748951987035,37.76127610733821,0.5272271568595299,0.7061624722875075,0.6785954508012074,0.6466586821686966,0.09553391600907332,31,8,1,0.5285312805474095,0.5472809199900062,0.8872683380710098,0.010271646859083192,0.25806451612903225,0.03225806451612903,0.6159171560658594,61.592,2025-03-24,0.7061624722875075,70.616,0.7909090909090909,0.8446438311334135,0.8872683380710098,0.007894736842105263,24.2,20.0,0.0,6.5,9.4,10.9,6,0,0,high,128.94172728682364,37.75684047952861,128.95325244084438,37.7657114358793
1099_1910,191,191.0,128.62102463745995,37.18798627691577,0.5316844449487702,0.7301393720729177,0.6702370211971167,0.6499607208920734,0.09000025889386903,31,6,1,0.6116935483870968,0.5075588453674998,0.7928828361159705,0.010271646859083192,0.1935483870967742,0.03225806451612903,0.6158234653439435,61.582,2025-03-25,0.7301393720729177,73.014,0.8352272727272727,0.9388349514563107,0.7928828361159705,0.018421052631578946,22.5,18.0,0.0,0.0,11.5,11.5,7,0,0,high,128.6153260491679,37.18353322353891,128.6267238948066,37.19243904177151
1090_1922,191,191.0,128.52109895502744,37.297053779727406,0.5316844449487702,0.7301393720729177,0.6702370211971167,0.6499607208920734,0.09000025889386903,31,6,1,0.6116935483870968,0.5075588453674998,0.7928828361159705,0.010271646859083192,0.1935483870967742,0.03225806451612903,0.6158234653439435,61.582,2025-03-25,0.7301393720729177,73.014,0.8352272727272727,0.9388349514563107,0.7928828361159705,0.018421052631578946,22.5,18.0,0.0,0.0,11.5,11.5,7,0,0,high,128.515397759842,37.29259603295352,128.52680082296843,37.30151123843116
1083_1910,191,191.0,128.44078365537396,37.189554733326716,0.5316844449487702,0.7301393720729177,0.6702370211971167,0.6499607208920734,0.09000025889386903,31,6,1,0.6116935483870968,0.5075588453674998,0.7928828361159705,0.010271646859083192,0.1935483870967742,0.03225806451612903,0.6158234653439435,61.582,2025-03-25,0.7301393720729177,73.014,0.8352272727272727,0.9388349514563107,0.7928828361159705,0.018421052631578946,22.5,18.0,0.0,0.0,11.5,11.5,7,0,0,high,128.4350953375319,37.18509285987156,128.446472642474,37.194016321006465
1118_1917,120,120.0,128.83615318748323,37.24884922725085,0.507878649447713,0.7057047996497523,0.6988928450953376,0.6203345521302623,0.10807099919531402,31,7,2,0.5511608015640274,0.5796065480316844,0.7048597239265925,0.010271646859083192,0.22580645161290322,0.06451612903225806,0.6157655507116143,61.577,2025-03-25,0.7057047996497523,70.57,0.7799242424242425,1.0,0.7048597239265925,0.018421052631578946,18.9,26.0,0.0,0.0,12.9,12.9,7,0,0,high,128.83043757150136,37.244406896695835,128.8418694743172,37.253291265388825
1100_1914,190,190.0,128.63282798437797,37.223928547388105,0.5314853342899312,0.7299402614140785,0.6700379105382774,0.6497616102332342,0.09000025889386909,31,6,1,0.6116935483870968,0.5075588453674998,0.7918872828217747,0.010271646859083192,0.1935483870967742,0.03225806451612903,0.6156442657509883,61.564,2025-03-25,0.7299402614140785,72.994,0.8352272727272727,0.9388349514563107,0.7918872828217747,0.018421052631578946,22.5,18.0,0.0,0.0,11.5,11.5,7,0,0,high,128.62712595899802,37.21947614475065,128.63853067999,37.22838066096764
1103_1919,190,190.0,128.66733237568863,37.26866120559574,0.5314853342899312,0.7299402614140785,0.6700379105382774,0.6497616102332342,0.09000025889386909,31,6,1,0.6116935483870968,0.5075588453674998,0.7918872828217747,0.010271646859083192,0.1935483870967742,0.03225806451612903,0.6156442657509883,61.564,2025-03-25,0.7299402614140785,72.994,0.8352272727272727,0.9388349514563107,0.7918872828217747,0.018421052631578946,22.5,18.0,0.0,0.0,11.5,11.5,7,0,0,high,128.66162492241895,37.2642105894441,128.6730405006401,37.27311153171715
1082_1951,415,415.0,128.4340894761905,37.559162861285394,0.5161434811923781,0.7136940239951853,0.6854369634428853,0.6662029840869367,0.10343353186341377,31,7,1,0.6010630498533724,0.3444780893598004,0.9402899594110823,0.010271646859083192,0.22580645161290322,0.03225806451612903,0.6155051870030906,61.551,2025-03-26,0.7136940239951853,71.369,0.8946969696969697,0.6662921348314607,0.9402899594110823,0.007894736842105263,21.2,12.0,0.0,0.0,5.1,13.4,8,0,0,high,128.4283730994985,37.55470131530361,128.43980653447758,37.56362411793051
1116_1911,119,119.0,128.81267000678426,37.19503122409641,0.5075622193783798,0.705388369580419,0.6985764150260043,0.6200181220609291,0.10807099919531396,31,7,2,0.5511608015640274,0.5796065480316844,0.7032775735799259,0.010271646859083192,0.22580645161290322,0.06451612903225806,0.6154807636492143,61.548,2025-03-25,0.705388369580419,70.539,0.7799242424242425,1.0,0.7032775735799259,0.018421052631578946,18.9,26.0,0.0,0.0,12.9,12.9,7,0,0,high,128.8069598899756,37.19058761568546,128.81838079268996,37.19947454098483
1118_1921,119,119.0,128.83679034174162,37.28489548401028,0.5075622193783798,0.705388369580419,0.6985764150260043,0.6200181220609291,0.10807099919531396,31,7,2,0.5511608015640274,0.5796065480316844,0.7032775735799259,0.010271646859083192,0.22580645161290322,0.06451612903225806,0.6154807636492143,61.548,2025-03-25,0.705388369580419,70.539,0.7799242424242425,1.0,0.7032775735799259,0.018421052631578946,18.9,26.0,0.0,0.0,12.9,12.9,7,0,0,high,128.83107189878143,37.28045326452142,128.8425094567485,37.289337410713166
1125_1976,310,310.0,128.9251361962381,37.77957369037475,0.5267398709365989,0.7056751863645765,0.6781081648782765,0.6461713962457656,0.09553391600907331,31,8,1,0.5285312805474095,0.5472809199900062,0.8848319084563551,0.010271646859083192,0.25806451612903225,0.03225806451612903,0.6154785987352215,61.548,2025-03-24,0.7056751863645765,70.568,0.7909090909090909,0.8446438311334135,0.8848319084563551,0.007894736842105263,24.2,20.0,0.0,6.5,9.4,10.9,6,0,0,high,128.91937380814363,37.77513698421252,128.93089927290964,37.784010097427185
1097_1998,189,189.0,128.61021237253317,37.98124083738891,0.5313960043079867,0.6872461253399409,0.6754118895165893,0.6721244024934989,0.10822058342076968,31,10,0,0.5373655913978495,0.6269268800782611,0.7908865035020961,0.010271646859083192,0.3225806451612903,0.0,0.6154675705775119,61.547,2025-03-24,0.6872461253399409,68.725,0.7515151515151515,0.9091142140285808,0.7908865035020961,0.007894736842105263,21.8,22.0,0.0,11.0,9.1,12.8,6,0,0,high,128.60445241966735,37.976788807354225,128.61597302121962,37.985692571132454
1103_1940,278,278.0,128.67026804702837,37.45791310534046,0.5287956221432107,0.7328606402787115,0.6492322063235476,0.6190484213580946,0.08554391298430458,31,8,1,0.6177859237536657,0.42925711792298465,0.864131130660679,0.010271646859083192,0.25806451612903225,0.03225806451612903,0.6152980723523359,61.53,2025-03-25,0.7328606402787115,73.286,0.8337121212121212,0.8951456310679612,0.864131130660679,0.018421052631578946,22.1,22.0,0.0,0.0,10.5,10.5,7,0,0,high,128.66454577204507,37.45346301712392,128.6759909999994,37.46236290159746
1024_1919,431,431.0,127.77634977070359,37.274094209258166,0.5356721942734621,0.7156780657994181,0.68088374470557,0.6101788734255523,0.08470161531717632,31,6,1,0.6148460410557184,0.39478406063826416,0.9474850783137309,0.010271646859083192,0.1935483870967742,0.03225806451612903,0.6152859112411156,61.529,2025-03-25,0.7156780657994181,71.568,0.7886363636363635,0.8318533871495583,0.947485078313731,0.018421052631578946,23.4,27.0,0.0,0.0,9.9,9.9,7,0,0,high,127.77069390131267,37.26960028294788,127.78200631248345,37.278587859181705
1089_1913,188,188.0,128.50873543966398,37.21603685086141,0.5310839663256984,0.7295388934498458,0.6696365425740447,0.6493602422690015,0.09000025889386909,31,6,1,0.6116935483870968,0.5075588453674998,0.789880443000611,0.010271646859083192,0.1935483870967742,0.03225806451612903,0.6152830345831788,61.528,2025-03-25,0.7295388934498458,72.954,0.8352272727272727,0.9388349514563107,0.789880443000611,0.018421052631578946,22.5,18.0,0.0,0.0,11.5,11.5,7,0,0,high,128.50304117258793,37.211578347650196,128.51443037681955,37.220495066994
1090_1916,188,188.0,128.52036890221754,37.2429782764222,0.5310839663256984,0.7295388934498458,0.6696365425740447,0.6493602422690015,0.09000025889386909,31,6,1,0.6116935483870968,0.5075588453674998,0.789880443000611,0.010271646859083192,0.1935483870967742,0.03225806451612903,0.6152830345831788,61.528,2025-03-25,0.7295388934498458,72.954,0.8352272727272727,0.9388349514563107,0.789880443000611,0.018421052631578946,22.5,18.0,0.0,0.0,11.5,11.5,7,0,0,high,128.51467189975537,37.23852039301057,128.5260665756416,37.2474358723104
1093_1924,188,188.0,128.5551942444359,37.31478179626249,0.5310839663256984,0.7295388934498458,0.6696365425740447,0.6493602422690015,0.09000025889386909,31,6,1,0.6116935483870968,0.5075588453674998,0.789880443000611,0.010271646859083192,0.1935483870967742,0.03225806451612903,0.6152830345831788,61.528,2025-03-25,0.7295388934498458,72.954,0.8352272727272727,0.9388349514563107,0.789880443000611,0.018421052631578946,22.5,18.0,0.0,0.0,11.5,11.5,7,0,0,high,128.54948971193022,37.31032575655321,128.56089945025738,37.31923754720275
1123_1976,308,308.0,128.9024311628601,37.77984616354072,0.5264938726347934,0.705429188062771,0.6778621665764709,0.6459253979439601,0.09553391600907332,31,8,1,0.5285312805474095,0.5472809199900062,0.8836019169473273,0.010271646859083192,0.25806451612903225,0.03225806451612903,0.6152572002635965,61.526,2025-03-24,0.705429188062771,70.543,0.7909090909090909,0.8446438311334135,0.8836019169473273,0.007894736842105263,24.2,20.0,0.0,6.5,9.4,10.9,6,0,0,high,128.89667007547772,37.77540832025383,128.90819293885582,37.78428370806444
1121_1906,118,118.0,128.86818062978904,37.14933571676788,0.5072431413278987,0.7050692915299379,0.6982573369755232,0.6196990440104481,0.10807099919531399,31,7,2,0.5511608015640274,0.5796065480316844,0.7016821833275206,0.010271646859083192,0.22580645161290322,0.06451612903225806,0.6151935934037814,61.519,2025-03-25,0.7050692915299379,70.507,0.7799242424242425,1.0,0.7016821833275206,0.018421052631578946,18.9,26.0,0.0,0.0,12.9,12.9,7,0,0,high,128.8624708663939,37.14489474692401,128.87389106071277,37.15377639469542
1115_1911,118,118.0,128.8014051156608,37.19515552392171,0.5072431413278987,0.7050692915299379,0.6982573369755232,0.6196990440104481,0.10807099919531399,31,7,2,0.5511608015640274,0.5796065480316844,0.7016821833275206,0.010271646859083192,0.22580645161290322,0.06451612903225806,0.6151935934037814,61.519,2025-03-25,0.7050692915299379,70.507,0.7799242424242425,1.0,0.7016821833275206,0.018421052631578946,18.9,26.0,0.0,0.0,12.9,12.9,7,0,0,high,128.7956956333966,37.190711360043935,128.8071152670382,37.19959939644793
1123_1907,118,118.0,128.89086120473291,37.15808515697882,0.5072431413278987,0.7050692915299379,0.6982573369755232,0.6196990440104481,0.10807099919531399,31,7,2,0.5511608015640274,0.5796065480316844,0.7016821833275206,0.010271646859083192,0.22580645161290322,0.06451612903225806,0.6151935934037814,61.519,2025-03-25,0.7050692915299379,70.507,0.7799242424242425,1.0,0.7016821833275206,0.018421052631578946,18.9,26.0,0.0,0.0,12.9,12.9,7,0,0,high,128.8851494749151,37.15364532699371,128.89657360234227,37.162524694614326
1106_1930,277,277.0,128.70274015209432,37.36745428746885,0.528658711387415,0.7327237295229158,0.649095295567752,0.6189115106022989,0.08554391298430458,31,8,1,0.6177859237536657,0.42925711792298465,0.8634465768817006,0.010271646859083192,0.25806451612903225,0.03225806451612903,0.6151748526721199,61.517,2025-03-25,0.7327237295229158,73.272,0.8337121212121212,0.8951456310679612,0.8634465768817006,0.018421052631578946,22.1,22.0,0.0,0.0,10.5,10.5,7,0,0,high,128.69702302221918,37.363005618740964,128.7084579569023,37.37190266464107
1078_1965,231,231.0,128.39030898648357,37.685685926935285,0.5193679465982445,0.7000510214378416,0.6768093498431245,0.6574430971326966,0.10592534644055247,31,9,1,0.6067448680351906,0.43734785010750343,0.8289614491421491,0.010271646859083192,0.2903225806451613,0.03225806451612903,0.6148069773325031,61.481,2025-03-25,0.7000510214378416,70.005,0.7848484848484849,0.8702247191011236,0.8289614491421491,0.018421052631578946,19.1,23.0,0.0,0.0,8.4,13.4,7,0,0,high,128.3845853328716,37.681222445161524,128.39603332600055,37.69014911878558
1102_1931,274,274.0,128.65771390963627,37.37691701236154,0.5282450045673563,0.732310022702857,0.6486815887476933,0.6184978037822402,0.08554391298430461,31,8,1,0.6177859237536657,0.42925711792298465,0.8613780427814068,0.010271646859083192,0.25806451612903225,0.03225806451612903,0.614802516534067,61.48,2025-03-25,0.732310022702857,73.231,0.8337121212121212,0.8951456310679612,0.8613780427814068,0.018421052631578946,22.1,22.0,0.0,0.0,10.5,10.5,7,0,0,high,128.6519986481229,37.37246614071872,128.6634298464418,37.381367593045
1098_1997,185,185.0,128.62146002968274,37.97212161284219,0.5305847055199274,0.6864348265518815,0.6746005907285298,0.6713131037054395,0.10822058342076968,31,10,0,0.5373655913978495,0.6269268800782611,0.786830009561799,0.010271646859083192,0.3225806451612903,0.0,0.6147374016682584,61.474,2025-03-24,0.6864348265518815,68.643,0.7515151515151515,0.9091142140285808,0.786830009561799,0.007894736842105263,21.8,22.0,0.0,11.0,9.1,12.8,6,0,0,high,128.6157001375072,37.967670126374706,128.62722061735428,37.97657280293681
1097_1911,185,185.0,128.5986258806074,37.19720980029463,0.5304738796379359,0.7289288067620834,0.6690264558862824,0.648750155581239,0.09000025889386903,31,6,1,0.6116935483870968,0.5075588453674998,0.786830009561799,0.010271646859083192,0.1935483870967742,0.03225806451612903,0.6147339565641926,61.473,2025-03-25,0.7289288067620834,72.893,0.8352272727272727,0.9388349514563107,0.786830009561799,0.018421052631578946,22.5,18.0,0.0,0.0,11.5,11.5,7,0,0,high,128.5929278736364,37.19275566606944,128.60432455695795,37.20166364625033
1085_1958,230,230.0,128.46886951994532,37.6219749211747,0.5192032396271334,0.6998863144667306,0.6766446428720134,0.6572783901615855,0.10592534644055247,31,9,0,0.6067448680351906,0.43734785010750343,0.8281379142865942,0.010271646859083192,0.2903225806451613,0.0,0.6146587410585032,61.466,2025-03-25,0.6998863144667306,69.989,0.7848484848484849,0.8702247191011236,0.8281379142865942,0.018421052631578946,19.1,23.0,0.0,0.0,8.4,13.4,7,0,0,high,128.4631462156625,37.617515201357044,128.47459350791513,37.62643435049328
1028_1919,422,422.0,127.82146749774941,37.273980289808726,0.5348694361069015,0.7148753076328574,0.6800809865390094,0.6093761152589917,0.0847016153171763,31,6,1,0.6148460410557184,0.39478406063826416,0.9434712874809281,0.010271646859083192,0.1935483870967742,0.03225806451612903,0.6145634288912112,61.456,2025-03-25,0.7148753076328574,71.488,0.7886363636363635,0.8318533871495583,0.9434712874809281,0.018421052631578946,23.4,27.0,0.0,0.0,9.9,9.9,7,0,0,high,127.81580897055362,37.269488530969895,127.82712669731933,37.278471771566075
1107_1929,272,272.0,128.71388598869814,37.358327068726204,0.5279666850504434,0.7320317031859441,0.6484032692307804,0.6182194842653272,0.08554391298430458,31,8,1,0.6177859237536657,0.42925711792298465,0.8599864451968424,0.010271646859083192,0.25806451612903225,0.03225806451612903,0.6145520289688454,61.455,2025-03-25,0.7320317031859441,73.203,0.8337121212121212,0.8951456310679612,0.8599864451968424,0.018421052631578946,22.1,22.0,0.0,0.0,10.5,10.5,7,0,0,high,128.70816892299962,37.35387893152637,128.71960372901418,37.36277491429047
1097_1907,184,184.0,128.59810388551892,37.16115981642713,0.5302683287114481,0.7287232558355956,0.6688209049597946,0.6485446046547513,0.09000025889386905,31,6,1,0.6116935483870968,0.5075588453674998,0.7858022549293604,0.010271646859083192,0.1935483870967742,0.03225806451612903,0.6145489607303537,61.455,2025-03-25,0.7287232558355956,72.872,0.8352272727272727,0.9388349514563107,0.7858022549293604,0.018421052631578946,22.5,18.0,0.0,0.0,11.5,11.5,7,0,0,high,128.59240866923025,37.15670558631375,128.60379976999724,37.16561375863571
1084_1908,184,184.0,128.45182289891417,37.17143892187896,0.5302683287114481,0.7287232558355956,0.6688209049597946,0.6485446046547513,0.09000025889386905,31,6,1,0.6116935483870968,0.5075588453674998,0.7858022549293604,0.010271646859083192,0.1935483870967742,0.03225806451612903,0.6145489607303537,61.455,2025-03-25,0.7287232558355956,72.872,0.8352272727272727,0.9388349514563107,0.7858022549293604,0.018421052631578946,22.5,18.0,0.0,0.0,11.5,11.5,7,0,0,high,128.44613532477717,37.16697755510302,128.45751114170224,37.17590000288901
1109_1928,271,271.0,128.73631732687616,37.349081383804894,0.527826759739203,0.7318917778747037,0.64826334391954,0.6180795589540868,0.08554391298430455,31,8,1,0.6177859237536657,0.42925711792298465,0.8592868186406406,0.010271646859083192,0.25806451612903225,0.03225806451612903,0.614426096188729,61.443,2025-03-25,0.7318917778747037,73.189,0.8337121212121212,0.8951456310679612,0.8592868186406406,0.018421052631578946,22.1,22.0,0.0,0.0,10.5,10.5,7,0,0,high,128.73059968436667,37.34463433530044,128.74203564367252,37.353528140422085
1026_1922,420,420.0,127.79901565129146,37.301081003858855,0.5346887267424814,0.7146945982684373,0.6799002771745892,0.6091954058945716,0.08470161531717632,31,6,1,0.6148460410557184,0.39478406063826416,0.9425677406588271,0.010271646859083192,0.1935483870967742,0.03225806451612903,0.614400790463233,61.44,2025-03-25,0.7146945982684373,71.469,0.7886363636363635,0.8318533871495583,0.9425677406588271,0.018421052631578946,23.4,27.0,0.0,0.0,9.9,9.9,7,0,0,high,127.79335641053495,37.29658819535576,127.80467556532832,37.30557353536208
1097_1917,183,183.0,128.5994106175001,37.251284351955626,0.5300616636823579,0.7285165908065053,0.6686142399307042,0.648337939625661,0.09000025889386909,31,6,1,0.6116935483870968,0.5075588453674998,0.7847689297839088,0.010271646859083192,0.1935483870967742,0.03225806451612903,0.6143629622041724,61.436,2025-03-25,0.7285165908065053,72.852,0.8352272727272727,0.9388349514563107,0.7847689297839088,0.018421052631578946,22.5,18.0,0.0,0.0,11.5,11.5,7,0,0,high,128.59370841516542,37.2468303617025,128.60511349100344,37.255738053391546
1121_1979,299,299.0,128.88022870953452,37.8071460511704,0.5253668071951689,0.7043021226231465,0.6767351011368464,0.6447983325043356,0.09553391600907332,31,8,1,0.5285312805474095,0.5472809199900062,0.8779665897492049,0.010271646859083192,0.25806451612903225,0.03225806451612903,0.6142428413679345,61.424,2025-03-24,0.7043021226231465,70.43,0.7909090909090909,0.8446438311334135,0.8779665897492049,0.007894736842105263,24.2,20.0,0.0,6.5,9.4,10.9,6,0,0,high,128.87446674523093,37.802707157343114,128.88599136340792,37.81158464630014
1072_1954,227,227.0,128.32117473915073,37.58704219728257,0.5187048063266864,0.6993878811662836,0.6761462095715665,0.6567799568611385,0.10592534644055247,31,9,0,0.6067448680351906,0.43734785010750343,0.8256457477843591,0.010271646859083192,0.2903225806451613,0.0,0.6142101510881008,61.421,2025-03-25,0.6993878811662836,69.939,0.7848484848484849,0.8702247191011236,0.8256457477843591,0.018421052631578946,19.1,23.0,0.0,0.0,8.4,13.4,7,0,0,high,128.31546283146014,37.58257514822009,128.32688732945874,37.59150895847141
1098_1922,182,182.0,128.61134696900814,37.296240690849245,0.5298538724077675,0.728308799531915,0.6684064486561139,0.6481301483510706,0.09000025889386909,31,6,1,0.6116935483870968,0.5075588453674998,0.7837299734109571,0.010271646859083192,0.1935483870967742,0.03225806451612903,0.6141759500570411,61.418,2025-03-25,0.728308799531915,72.831,0.8352272727272727,0.9388349514563107,0.7837299734109571,0.018421052631578946,22.5,18.0,0.0,0.0,11.5,11.5,7,0,0,high,128.60564061865261,37.291787375168084,128.61705399201327,37.30069371708427
1105_1924,182,182.0,128.6905950548786,37.3134968340061,0.5298538724077675,0.728308799531915,0.6684064486561139,0.6481301483510706,0.09000025889386909,31,6,1,0.6116935483870968,0.5075588453674998,0.7837299734109571,0.010271646859083192,0.1935483870967742,0.03225806451612903,0.6141759500570411,61.418,2025-03-25,0.728308799531915,72.831,0.8352272727272727,0.9388349514563107,0.7837299734109571,0.018421052631578946,22.5,18.0,0.0,0.0,11.5,11.5,7,0,0,high,128.68488280154074,37.3090474551517,128.69630798136475,37.31794592202823
1034_1924,416,416.0,127.88937580194883,37.318846018019855,0.534324718206832,0.714330589732788,0.6795362686389399,0.6088313973589222,0.08470161531717631,31,6,1,0.6148460410557184,0.39478406063826416,0.9407476979805808,0.010271646859083192,0.1935483870967742,0.03225806451612903,0.6140731827811486,61.407,2025-03-25,0.714330589732788,71.433,0.7886363636363635,0.8318533871495583,0.9407476979805808,0.018421052631578946,23.4,27.0,0.0,0.0,9.9,9.9,7,0,0,high,127.88370988071803,37.31435757993328,127.89504239702546,37.32333417753904
1093_1902,181,181.0,128.55243606577363,37.11650520477141,0.5296449425451686,0.7280998696693161,0.668197518793515,0.6479212184884717,0.09000025889386909,31,6,1,0.6116935483870968,0.5075588453674998,0.7826853240979623,0.010271646859083192,0.1935483870967742,0.03225806451612903,0.6139879131807021,61.399,2025-03-25,0.7280998696693161,72.81,0.8352272727272727,0.9388349514563107,0.7826853240979623,0.018421052631578946,22.5,18.0,0.0,0.0,11.5,11.5,7,0,0,high,128.5467468844143,37.112048652909145,128.55812591389113,37.12096146986892
1118_1974,296,296.0,128.8453406402355,37.76248669403613,0.5249835918637581,0.7039189072917357,0.6763518858054356,0.6444151171729248,0.09553391600907331,31,8,1,0.5285312805474095,0.5472809199900062,0.876050513092151,0.010271646859083192,0.25806451612903225,0.03225806451612903,0.6138979475696646,61.39,2025-03-24,0.7039189072917357,70.392,0.7909090909090909,0.8446438311334135,0.876050513092151,0.007894736842105263,24.2,20.0,0.0,6.5,9.4,10.9,6,0,0,high,128.83958425957562,37.758045954664034,128.85109770898353,37.766927135699206
1098_1914,180,180.0,128.61028804521294,37.22414201443048,0.5294348615480422,0.7278897886721895,0.6679874377963884,0.6477111374913451,0.09000025889386906,31,6,1,0.6116935483870968,0.5075588453674998,0.7816349191123299,0.010271646859083192,0.1935483870967742,0.03225806451612903,0.6137988402832881,61.38,2025-03-25,0.7278897886721895,72.789,0.8352272727272727,0.9388349514563107,0.7816349191123297,0.018421052631578946,22.5,18.0,0.0,0.0,11.5,11.5,7,0,0,high,128.60458730094098,37.21968850521269,128.61598945974478,37.228595234933415
1082_2010,23,23.0,128.44081601545292,38.090868448990335,0.5215840748985142,0.6962579805812941,0.6856080603261107,0.6699262421442925,0.10596268062166456,31,8,0,0.60661045943304,0.7924434419393547,0.3964414180579854,0.010271646859083192,0.25806451612903225,0.0,0.6137763809101976,61.378,2025-03-11,0.6962579805812941,69.626,0.9174242424242424,1.0,0.3964414180579854,0.0,7.0,11.0,0.0,0.0,14.7,14.7,11,0,0,high,128.43505740112698,38.0864081775177,128.4465753295342,38.09532842568778
1096_2003,179,179.0,128.59950019116343,38.026403912510425,0.5293344425433288,0.6851845635752829,0.6733503277519313,0.6700628407288409,0.10822058342076968,31,10,0,0.5373655913978495,0.6269268800782611,0.7805786946788061,0.010271646859083192,0.3225806451612903,0.0,0.6136121649893197,61.361,2025-03-24,0.6851845635752829,68.518,0.7515151515151515,0.9091142140285808,0.7805786946788061,0.007894736842105263,21.8,22.0,0.0,11.0,9.1,12.8,6,0,0,high,128.59373727171013,38.02195143562161,128.60526380800465,38.03085609281706
1028_1924,410,410.0,127.82165934860102,37.31904946656031,0.5337721055700456,0.7137779770960015,0.6789836560021536,0.6082787847221358,0.08470161531717631,31,6,1,0.6148460410557184,0.39478406063826416,0.9379846347966487,0.010271646859083192,0.1935483870967742,0.03225806451612903,0.6135758314080408,61.358,2025-03-25,0.7137779770960015,71.378,0.7886363636363635,0.8318533871495583,0.9379846347966487,0.018421052631578946,23.4,27.0,0.0,0.0,9.9,9.9,7,0,0,high,127.81599741383509,37.31455776684405,127.82732195723928,37.32354088875172
1123_1977,293,293.0,128.90260147115657,37.78885668740827,0.5245964859548711,0.7035318013828487,0.6759647798965487,0.6440280112640379,0.09553391600907331,31,8,1,0.5285312805474095,0.5472809199900062,0.874114983547716,0.010271646859083192,0.25806451612903225,0.03225806451612903,0.6135495522516664,61.355,2025-03-24,0.7035318013828487,70.353,0.7909090909090909,0.8446438311334135,0.874114983547716,0.007894736842105263,24.2,20.0,0.0,6.5,9.4,10.9,6,0,0,high,128.89683965721028,37.784418873119854,128.90836397402296,37.793294202839725
1096_1908,178,178.0,128.58697221355027,37.17027618431639,0.5290111949168255,0.7274661220409728,0.6675637711651718,0.6472874708601285,0.09000025889386905,31,6,1,0.6116935483870968,0.5075588453674998,0.7795165859562465,0.010271646859083192,0.1935483870967742,0.03225806451612903,0.6134175403151932,61.342,2025-03-25,0.7274661220409728,72.747,0.8352272727272727,0.9388349514563107,0.7795165859562465,0.018421052631578946,22.5,18.0,0.0,0.0,11.5,11.5,7,0,0,high,128.5812769396851,37.16582142635739,128.5926681559158,37.174730654450826
1105_1913,178,178.0,128.68903529051502,37.2143639686578,0.5290111949168255,0.7274661220409728,0.6675637711651718,0.6472874708601285,0.09000025889386905,31,6,1,0.6116935483870968,0.5075588453674998,0.7795165859562465,0.010271646859083192,0.1935483870967742,0.03225806451612903,0.6134175403151932,61.342,2025-03-25,0.7274661220409728,72.747,0.8352272727272727,0.9388349514563107,0.7795165859562465,0.018421052631578946,22.5,18.0,0.0,0.0,11.5,11.5,7,0,0,high,128.6833307691716,37.209914309940764,128.69474048172088,37.218813337551275
1071_1966,221,221.0,128.31102418197017,37.69527100749058,0.5176879566121393,0.6983710314517364,0.6751293598570193,0.6557631071465914,0.10592534644055247,31,9,0,0.6067448680351906,0.43734785010750343,0.8205614992116235,0.010271646859083192,0.2903225806451613,0.0,0.6132949863450085,61.329,2025-03-25,0.6983710314517364,69.837,0.7848484848484849,0.8702247191011236,0.8205614992116235,0.018421052631578946,19.1,23.0,0.0,0.0,8.4,13.4,7,0,0,high,128.30530446161006,37.69080363717425,128.3167445886168,37.69973808901207
1073_1957,221,221.0,128.33280154387634,37.614000534906,0.5176879566121393,0.6983710314517364,0.6751293598570193,0.6557631071465914,0.10592534644055247,31,9,0,0.6067448680351906,0.43734785010750343,0.8205614992116235,0.010271646859083192,0.2903225806451613,0.0,0.6132949863450085,61.329,2025-03-25,0.6983710314517364,69.837,0.7848484848484849,0.8702247191011236,0.8205614992116235,0.018421052631578946,19.1,23.0,0.0,0.0,8.4,13.4,7,0,0,high,128.3270868599165,37.60953410150483,128.33851691135584,37.61846667998591
1095_1909,177,177.0,128.57583786758,37.179391535090154,0.5287975831283215,0.727252510252469,0.667350159376668,0.6470738590716246,0.09000025889386903,31,6,1,0.6116935483870968,0.5075588453674998,0.7784485270137269,0.010271646859083192,0.1935483870967742,0.03225806451612903,0.6132252897055397,61.323,2025-03-25,0.727252510252469,72.725,0.8352272727272727,0.9388349514563107,0.7784485270137269,0.018421052631578946,22.5,18.0,0.0,0.0,11.5,11.5,7,0,0,high,128.5701425367063,37.17493624910016,128.58153386726485,37.18384653333589
1091_1919,177,177.0,128.53201084896324,37.26991831308459,0.5287975831283215,0.727252510252469,0.667350159376668,0.6470738590716246,0.09000025889386903,31,6,1,0.6116935483870968,0.5075588453674998,0.7784485270137269,0.010271646859083192,0.1935483870967742,0.03225806451612903,0.6132252897055397,61.323,2025-03-25,0.727252510252469,72.725,0.8352272727272727,0.9388349514563107,0.7784485270137269,0.018421052631578946,22.5,18.0,0.0,0.0,11.5,11.5,7,0,0,high,128.526311106911,37.26546105074407,128.53771126286088,37.274375287456444
1106_1914,176,176.0,128.70044634293072,37.22326241648973,0.5285827678867735,0.7270376950109209,0.6671353441351198,0.6468590438300765,0.09000025889386909,31,6,1,0.6116935483870968,0.5075588453674998,0.7773744508059863,0.010271646859083192,0.1935483870967742,0.03225806451612903,0.6130319559881464,61.303,2025-03-25,0.7270376950109209,72.704,0.8352272727272727,0.9388349514563107,0.7773744508059863,0.018421052631578946,22.5,18.0,0.0,0.0,11.5,11.5,7,0,0,high,128.69474048172088,37.218813337551275,128.70615287428615,37.227711205341684
1163_1908,422,422.0,129.34137501466196,37.16095323438293,0.5143414934279843,0.7287532823180755,0.6549422677903741,0.6410425670574386,0.10846673906387125,31,8,1,0.5641739980449657,0.3937475587397995,0.9434712874809281,0.010271646859083192,0.25806451612903225,0.03225806451612903,0.6129681928364573,61.297,2025-03-25,0.7287532823180755,72.875,0.8299242424242423,0.8213046798298245,0.9434712874809281,0.018421052631578946,25.6,19.0,0.0,0.0,9.8,9.8,7,0,0,high,129.3356375789989,37.15653580833287,129.34711311761822,37.16537036118998
1120_1980,288,288.0,128.86903819195453,37.8162891990436,0.5239424458276336,0.7028777612556113,0.6753107397693112,0.6433739711368004,0.09553391600907332,31,8,1,0.5285312805474095,0.5472809199900062,0.8708447829115289,0.010271646859083192,0.25806451612903225,0.03225806451612903,0.6129609161371528,61.296,2025-03-24,0.7028777612556113,70.288,0.7909090909090909,0.8446438311334135,0.8708447829115289,0.007894736842105263,24.2,20.0,0.0,6.5,9.4,10.9,6,0,0,high,128.86327615334028,37.81184976515891,128.87480092046343,37.820728334310544
1095_1918,175,175.0,128.57699058650238,37.26050403079289,0.5283667355552105,0.726821662679358,0.666919311803557,0.6466430114985137,0.09000025889386903,31,6,1,0.6116935483870968,0.5075588453674998,0.7762942891481722,0.010271646859083192,0.1935483870967742,0.03225806451612903,0.6128375268897398,61.284,2025-03-25,0.726821662679358,72.682,0.8352272727272727,0.9388349514563107,0.7762942891481722,0.018421052631578946,22.5,18.0,0.0,0.0,11.5,11.5,7,0,0,high,128.57128896910731,37.25604895753938,128.58269287539173,37.26495881548142
1034_1923,400,400.0,127.8893293130925,37.30983227622461,0.532832905265825,0.712838776791781,0.678044455697933,0.6073395844179152,0.08470161531717631,31,6,1,0.6148460410557184,0.39478406063826416,0.9332886332755457,0.010271646859083192,0.1935483870967742,0.03225806451612903,0.6127305511342424,61.273,2025-03-25,0.712838776791781,71.284,0.7886363636363635,0.8318533871495583,0.9332886332755457,0.018421052631578946,23.4,27.0,0.0,0.0,9.9,9.9,7,0,0,high,127.88366407575604,37.30534382525546,127.89499522397486,37.31432044871536
1094_1911,174,174.0,128.56482741675026,37.1975184426507,0.5281494722635496,0.7266043993876969,0.666702048511896,0.6464257482068526,0.09000025889386909,31,6,1,0.6116935483870968,0.5075588453674998,0.7752079726898667,0.010271646859083192,0.1935483870967742,0.03225806451612903,0.612641989927245,61.264,2025-03-25,0.7266043993876969,72.66,0.8352272727272727,0.9388349514563107,0.7752079726898667,0.018421052631578946,22.5,18.0,0.0,0.0,11.5,11.5,7,0,0,high,128.55913133215256,37.19306265189048,128.57052417076758,37.201973945655986
1098_1994,173,173.0,128.62104898393338,37.945087912472594,0.5280417897852411,0.6838919108171951,0.6720576749938435,0.6687701879707532,0.10822058342076968,31,10,0,0.5373655913978495,0.6269268800782611,0.7741154308883675,0.010271646859083192,0.3225806451612903,0.0,0.6124487775070407,61.245,2025-03-24,0.6838919108171951,68.389,0.7515151515151515,0.9091142140285808,0.7741154308883675,0.007894736842105263,21.8,22.0,0.0,11.0,9.1,12.8,6,0,0,high,128.61529126804336,37.940636352317746,128.62680739438989,37.949539176534124
1097_1994,173,173.0,128.60966975082363,37.94519579294135,0.5280417897852411,0.6838919108171951,0.6720576749938435,0.6687701879707532,0.10822058342076968,31,10,0,0.5373655913978495,0.6269268800782611,0.7741154308883675,0.010271646859083192,0.3225806451612903,0.0,0.6124487775070407,61.245,2025-03-24,0.6838919108171951,68.389,0.7515151515151515,0.9091142140285808,0.7741154308883675,0.007894736842105263,21.8,22.0,0.0,11.0,9.1,12.8,6,0,0,high,128.60391269913896,37.94074366537317,128.61542749708926,37.94964762459105
1098_2000,173,173.0,128.62187162576564,37.99915518485986,0.5280417897852411,0.6838919108171951,0.6720576749938435,0.6687701879707532,0.10822058342076968,31,10,0,0.5373655913978495,0.6269268800782611,0.7741154308883675,0.010271646859083192,0.3225806451612903,0.0,0.6124487775070407,61.245,2025-03-24,0.6838919108171951,68.389,0.7515151515151515,0.9091142140285808,0.7741154308883675,0.007894736842105263,21.8,22.0,0.0,11.0,9.1,12.8,6,0,0,high,128.61610955438374,37.99470377212338,128.6276343935744,38.003606300943694
1097_1918,173,173.0,128.59954161082766,37.2602967277315,0.5279309639032496,0.726385891027397,0.666483540151596,0.6462072398465527,0.09000025889386905,31,6,1,0.6116935483870968,0.5075588453674998,0.7741154308883675,0.010271646859083192,0.1935483870967742,0.03225806451612903,0.6124453324029749,61.245,2025-03-25,0.726385891027397,72.639,0.8352272727272727,0.9388349514563107,0.7741154308883675,0.018421052631578946,22.5,18.0,0.0,0.0,11.5,11.5,7,0,0,high,128.59383870817408,37.25584276149005,128.6052451849485,37.264750405064376
1090_1919,173,173.0,128.5207336849173,37.27001609149966,0.5279309639032496,0.726385891027397,0.666483540151596,0.6462072398465527,0.09000025889386905,31,6,1,0.6116935483870968,0.5075588453674998,0.7741154308883675,0.010271646859083192,0.1935483870967742,0.03225806451612903,0.6124453324029749,61.245,2025-03-25,0.726385891027397,72.639,0.8352272727272727,0.9388349514563107,0.7741154308883675,0.018421052631578946,22.5,18.0,0.0,0.0,11.5,11.5,7,0,0,high,128.51503458749534,37.265558276387246,128.52643345419736,37.27447361881542
1029_1925,393,393.0,127.8329852398979,37.32803203328704,0.5321614231787221,0.712167294704678,0.67737297361083,0.6066681023308123,0.08470161531717631,31,6,1,0.6148460410557184,0.39478406063826416,0.9299312228400308,0.010271646859083192,0.1935483870967742,0.03225806451612903,0.6121262172558497,61.213,2025-03-25,0.712167294704678,71.217,0.7886363636363635,0.8318533871495583,0.9299312228400308,0.018421052631578946,23.4,27.0,0.0,0.0,9.9,9.9,7,0,0,high,127.82732195723928,37.32354088875172,127.8386491967249,37.332522900034924
1087_1917,171,171.0,128.48666668658592,37.252277600602184,0.5274901543171434,0.7259450814412909,0.6660427305654899,0.6457664302604466,0.09000025889386903,31,6,1,0.6116935483870968,0.5075588453674998,0.7719113829578367,0.010271646859083192,0.1935483870967742,0.03225806451612903,0.6120486037754794,61.205,2025-03-25,0.7259450814412909,72.595,0.8352272727272727,0.9388349514563107,0.7719113829578367,0.018421052631578946,22.5,18.0,0.0,0.0,11.5,11.5,7,0,0,high,128.4809709201563,37.247818083700516,128.49236312431336,37.256736830405224
1121_1967,235,235.0,128.87822120282604,37.69901811968821,0.5170410540459663,0.6957657983380526,0.6743817988610437,0.6631601214500961,0.12533963804003398,31,9,0,0.5467741935483871,0.5213861431431819,0.8322204690597681,0.010271646859083192,0.2903225806451613,0.0,0.6119921278933931,61.199,2025-03-25,0.6957657983380526,69.577,0.7268939393939394,0.9432038834951457,0.8322204690597681,0.018421052631578946,20.3,39.0,0.0,0.0,11.6,11.6,7,0,0,high,128.8724679367525,37.694578882481196,128.883975154794,37.70345705932096
1101_1914,170,170.0,128.64409786426722,37.22382020571129,0.5272678236316917,0.725722750755839,0.665820399880038,0.6455440995749947,0.09000025889386905,31,6,1,0.6116935483870968,0.5075588453674998,0.7707997295305775,0.010271646859083192,0.1935483870967742,0.03225806451612903,0.6118485061585728,61.185,2025-03-25,0.725722750755839,72.572,0.8352272727272727,0.9388349514563107,0.7707997295305775,0.018421052631578946,22.5,18.0,0.0,0.0,11.5,11.5,7,0,0,high,128.63839519880136,37.21936835661159,128.6498011999511,37.22827176558154
1102_1925,170,170.0,128.65688380185424,37.32284469713133,0.5272678236316917,0.725722750755839,0.665820399880038,0.6455440995749947,0.09000025889386905,31,6,1,0.6116935483870968,0.5075588453674998,0.7707997295305775,0.010271646859083192,0.1935483870967742,0.03225806451612903,0.6118485061585728,61.185,2025-03-25,0.725722750755839,72.572,0.8352272727272727,0.9388349514563107,0.7707997295305775,0.018421052631578946,22.5,18.0,0.0,0.0,11.5,11.5,7,0,0,high,128.65117277055532,37.31839367576671,128.66259550664483,37.32729542808739
1123_1979,278,278.0,128.90294231554293,37.80687769173297,0.5225997153774637,0.7015350308054413,0.6739680093191412,0.6420312406866304,0.09553391600907332,31,8,1,0.5285312805474095,0.5472809199900062,0.864131130660679,0.010271646859083192,0.25806451612903225,0.03225806451612903,0.6117524587319998,61.175,2025-03-24,0.7015350308054413,70.154,0.7909090909090909,0.8446438311334135,0.864131130660679,0.007894736842105263,24.2,20.0,0.0,6.5,9.4,10.9,6,0,0,high,128.89717904749443,37.80243993545931,128.9087062731255,37.81131514896208
1119_1977,278,278.0,128.85718498829155,37.78938868501212,0.5225997153774637,0.7015350308054413,0.6739680093191412,0.6420312406866304,0.09553391600907332,31,8,1,0.5285312805474095,0.5472809199900062,0.864131130660679,0.010271646859083192,0.25806451612903225,0.03225806451612903,0.6117524587319998,61.175,2025-03-24,0.7015350308054413,70.154,0.7909090909090909,0.8446438311334135,0.864131130660679,0.007894736842105263,24.2,20.0,0.0,6.5,9.4,10.9,6,0,0,high,128.85142578081982,37.784948597730725,128.86294488475417,37.79382847413037
1121_1908,117,117.0,128.8685055245024,37.16735893876386,0.5069213706038158,0.7047475208058551,0.6979355662514404,0.6193772732863652,0.10807099919531402,31,6,2,0.5511608015640274,0.5796065480316844,0.7000733297071063,0.010271646859083192,0.1935483870967742,0.06451612903225806,0.6116781933004941,61.168,2025-03-25,0.7047475208058551,70.475,0.7799242424242425,1.0,0.7000733297071063,0.018421052631578946,18.9,26.0,0.0,0.0,12.9,12.9,7,0,0,high,128.86279435347777,37.16291802538972,128.87421736364954,37.17179956003752
1113_1924,117,117.0,128.78085726411592,37.31255415154584,0.5069213706038158,0.7047475208058551,0.6979355662514404,0.6193772732863652,0.10807099919531402,31,6,2,0.5511608015640274,0.5796065480316844,0.7000733297071063,0.010271646859083192,0.1935483870967742,0.06451612903225806,0.6116781933004941,61.168,2025-03-25,0.7047475208058551,70.475,0.7799242424242425,1.0,0.7000733297071063,0.018421052631578946,18.9,26.0,0.0,0.0,12.9,12.9,7,0,0,high,128.77513988868017,37.308109226466485,128.7865753125771,37.31699878441964
1100_1917,169,169.0,128.63323268735465,37.250965449312,0.5270441889464953,0.7254991160706428,0.6655967651948418,0.6453204648897984,0.09000025889386903,31,6,1,0.6116935483870968,0.5075588453674998,0.7696815561045961,0.010271646859083192,0.1935483870967742,0.03225806451612903,0.6116472349418961,61.165,2025-03-25,0.7254991160706428,72.55,0.8352272727272727,0.9388349514563107,0.7696815561045961,0.018421052631578946,22.5,18.0,0.0,0.0,11.5,11.5,7,0,0,high,128.62752856032918,37.24651312028348,128.63893748550734,37.25541748900825
1104_1912,169,169.0,128.67762691754882,37.205464361531625,0.5270441889464953,0.7254991160706428,0.6655967651948418,0.6453204648897984,0.09000025889386903,31,6,1,0.6116935483870968,0.5075588453674998,0.7696815561045961,0.010271646859083192,0.1935483870967742,0.03225806451612903,0.6116472349418961,61.165,2025-03-25,0.7254991160706428,72.55,0.8352272727272727,0.9388349514563107,0.7696815561045961,0.018421052631578946,22.5,18.0,0.0,0.0,11.5,11.5,7,0,0,high,128.67192373550515,37.201014123561784,128.6833307691716,37.209914309940764
1120_1979,277,277.0,128.86887179407933,37.80727858921855,0.522462804621668,0.7013981200496456,0.6738310985633456,0.6418943299308347,0.09553391600907332,31,8,1,0.5285312805474095,0.5472809199900062,0.8634465768817006,0.010271646859083192,0.25806451612903225,0.03225806451612903,0.6116292390517837,61.163,2025-03-24,0.7013981200496456,70.14,0.7909090909090909,0.8446438311334135,0.8634465768817006,0.007894736842105263,24.2,20.0,0.0,6.5,9.4,10.9,6,0,0,high,128.86311048213543,37.80283912686254,128.87463379561063,37.81171775305054
1090_2005,168,168.0,128.53140076784823,38.045046043280195,0.5269300607569853,0.6827801817889394,0.6709459459655878,0.6676584589424974,0.10822058342076968,31,10,0,0.5373655913978495,0.6269268800782611,0.7685567857470887,0.010271646859083192,0.3225806451612903,0.0,0.6114482213816106,61.145,2025-03-24,0.6827801817889394,68.278,0.7515151515151515,0.9091142140285808,0.7685567857470887,0.007894736842105263,21.8,22.0,0.0,11.0,9.1,12.8,6,0,0,high,128.525640406748,38.040590202963116,128.537161827042,38.04950158788104
1083_1959,209,209.0,128.446323034009,37.63117106361332,0.5155691001642405,0.6962521750038376,0.6730105034091205,0.6536442506986926,0.10592534644055247,31,9,0,0.6067448680351906,0.43734785010750343,0.8099672169721296,0.010271646859083192,0.2903225806451613,0.0,0.6113880155418996,61.139,2025-03-25,0.6962521750038376,69.625,0.7848484848484849,0.8702247191011236,0.8099672169721296,0.018421052631578946,19.1,23.0,0.0,0.0,8.4,13.4,7,0,0,high,128.4406003364684,37.626710248186846,128.45204641556552,37.635631588796485
1117_1920,116,116.0,128.82535412772674,37.27601075237836,0.506596861372566,0.7044230115746053,0.6976110570201906,0.6190527640551153,0.10807099919531402,31,6,2,0.5511608015640274,0.5796065480316844,0.6984507835508572,0.010271646859083192,0.1935483870967742,0.06451612903225806,0.6113861349923692,61.139,2025-03-25,0.7044230115746053,70.442,0.7799242424242425,1.0,0.6984507835508572,0.018421052631578946,18.9,26.0,0.0,0.0,12.9,12.9,7,0,0,high,128.8196370284364,37.27156794771286,128.83107189878143,37.28045326452142
1114_1920,116,116.0,128.79152325086878,37.27638474231802,0.506596861372566,0.7044230115746053,0.6976110570201906,0.6190527640551153,0.10807099919531402,31,6,2,0.5511608015640274,0.5796065480316844,0.6984507835508572,0.010271646859083192,0.1935483870967742,0.06451612903225806,0.6113861349923692,61.139,2025-03-25,0.7044230115746053,70.442,0.7799242424242425,1.0,0.6984507835508572,0.018421052631578946,18.9,26.0,0.0,0.0,12.9,12.9,7,0,0,high,128.78580806282625,37.27194026642973,128.79723911072426,37.28082892619779
1135_1959,446,446.0,129.03549312991683,37.624973922287005,0.5286650122971512,0.7061524168859945,0.6555622604427924,0.6326841258677819,0.09917284428832067,31,9,1,0.5494379276637341,0.4662024020240907,0.9539924684838624,0.010271646859083192,0.2903225806451613,0.03225806451612903,0.6113653975890218,61.137,2025-03-25,0.7061524168859945,70.615,0.8340909090909091,0.7158176066324862,0.9539924684838624,0.018421052631578946,24.5,22.0,0.0,0.0,8.8,8.8,7,0,0,high,129.02973661830575,37.62054238255761,129.04125032472507,37.629405162774006
1099_1908,167,167.0,128.6207582897768,37.169961421974236,0.5265929457566787,0.7250478728808261,0.6651455220050251,0.6448692216999817,0.09000025889386909,31,6,1,0.6116935483870968,0.5075588453674998,0.7674253401555123,0.010271646859083192,0.1935483870967742,0.03225806451612903,0.611241116071061,61.124,2025-03-25,0.7250478728808261,72.505,0.8352272727272727,0.9388349514563107,0.7674253401555123,0.018421052631578946,22.5,18.0,0.0,0.0,11.5,11.5,7,0,0,high,128.61506109796096,37.165508319942504,128.62645615005226,37.17441423566736
1088_1907,167,167.0,128.49675514565402,37.16205565764117,0.5265929457566787,0.7250478728808261,0.6651455220050251,0.6448692216999817,0.09000025889386909,31,6,1,0.6116935483870968,0.5075588453674998,0.7674253401555123,0.010271646859083192,0.1935483870967742,0.03225806451612903,0.611241116071061,61.124,2025-03-25,0.7250478728808261,72.505,0.8352272727272727,0.9388349514563107,0.7674253401555123,0.018421052631578946,22.5,18.0,0.0,0.0,11.5,11.5,7,0,0,high,128.4910656946285,37.15759646878313,128.50244526498523,37.16651456013742
1092_1902,167,167.0,128.54118176776132,37.11660458122126,0.5265929457566787,0.7250478728808261,0.6651455220050251,0.6448692216999817,0.09000025889386909,31,6,1,0.6116935483870968,0.5075588453674998,0.7674253401555123,0.010271646859083192,0.1935483870967742,0.03225806451612903,0.611241116071061,61.124,2025-03-25,0.7250478728808261,72.505,0.8352272727272727,0.9388349514563107,0.7674253401555123,0.018421052631578946,22.5,18.0,0.0,0.0,11.5,11.5,7,0,0,high,128.535493225567,37.11214747927358,128.5468709767266,37.121061396575456
1080_1957,208,208.0,128.41210716354692,37.61341417711255,0.5153870969331268,0.6960701717727239,0.6728285001780068,0.6534622474675789,0.10592534644055247,31,9,0,0.6067448680351906,0.43734785010750343,0.8090572008165607,0.010271646859083192,0.2903225806451613,0.0,0.6112242126338973,61.122,2025-03-25,0.6960701717727239,69.607,0.7848484848484849,0.8702247191011236,0.8090572008165607,0.018421052631578946,19.1,23.0,0.0,0.0,8.4,13.4,7,0,0,high,128.4063878593746,37.60895164415876,128.41782715116153,37.61787642052777
1119_1920,115,115.0,128.84790769500358,37.27575605642806,0.506269566620292,0.7040957168223313,0.6972837622679167,0.6187254693028413,0.10807099919531402,31,6,2,0.5511608015640274,0.5796065480316844,0.6968143097894873,0.010271646859083192,0.1935483870967742,0.06451612903225806,0.6110915697153226,61.109,2025-03-25,0.7040957168223313,70.41,0.7799242424242425,1.0,0.6968143097894873,0.018421052631578946,18.9,26.0,0.0,0.0,12.9,12.9,7,0,0,high,128.84218932312356,37.271314366729605,128.8536267386148,37.280197453261586
1114_1919,115,115.0,128.79136929992575,37.2673730228933,0.506269566620292,0.7040957168223313,0.6972837622679167,0.6187254693028413,0.10807099919531402,31,6,2,0.5511608015640274,0.5796065480316844,0.6968143097894873,0.010271646859083192,0.1935483870967742,0.06451612903225806,0.6110915697153226,61.109,2025-03-25,0.7040957168223313,70.41,0.7799242424242425,1.0,0.6968143097894873,0.018421052631578946,18.9,26.0,0.0,0.0,12.9,12.9,7,0,0,high,128.78565481765546,37.26292851995087,128.79708445371026,37.271817233919286
1080_1907,166,166.0,128.40666378218262,37.16277921055681,0.5263653056505508,0.7248202327746983,0.6649178818988972,0.644641581593854,0.09000025889386909,31,6,1,0.6116935483870968,0.5075588453674998,0.7662871396248737,0.010271646859083192,0.1935483870967742,0.03225806451612903,0.611036239975546,61.104,2025-03-25,0.7248202327746983,72.482,0.8352272727272727,0.9388349514563107,0.7662871396248736,0.018421052631578946,22.5,18.0,0.0,0.0,11.5,11.5,7,0,0,high,128.4009794768834,37.15831562520425,128.41234875588125,37.167242510921035
1124_1978,272,272.0,128.91412716595386,37.797731419280694,0.5217707782846964,0.700706093712674,0.6731390722263739,0.6412023035938631,0.09553391600907332,31,8,1,0.5285312805474095,0.5472809199900062,0.8599864451968424,0.010271646859083192,0.25806451612903225,0.03225806451612903,0.6110064153485092,61.101,2025-03-24,0.700706093712674,70.071,0.7909090909090909,0.8446438311334135,0.8599864451968424,0.007894736842105263,24.2,20.0,0.0,6.5,9.4,10.9,6,0,0,high,128.90836397402296,37.793294202839725,128.91989104709367,37.802168336597504
1085_1908,165,165.0,128.46308563268425,37.17134791321729,0.5261362983283833,0.7245912254525307,0.6646888745767296,0.6444125742716864,0.09000025889386909,31,6,1,0.6116935483870968,0.5075588453674998,0.7651421030140356,0.010271646859083192,0.1935483870967742,0.03225806451612903,0.6108301333855953,61.083,2025-03-25,0.7245912254525307,72.459,0.8352272727272727,0.9388349514563107,0.7651421030140356,0.018421052631578946,22.5,18.0,0.0,0.0,11.5,11.5,7,0,0,high,128.4573974152,37.16688709626364,128.46877451880778,37.17580844423332
1100_1922,165,165.0,128.63390839425736,37.29602666910534,0.5261362983283833,0.7245912254525307,0.6646888745767296,0.6444125742716864,0.09000025889386909,31,6,1,0.6116935483870968,0.5075588453674998,0.7651421030140356,0.010271646859083192,0.1935483870967742,0.03225806451612903,0.6108301333855953,61.083,2025-03-25,0.7245912254525307,72.459,0.8352272727272727,0.9388349514563107,0.7651421030140356,0.018421052631578946,22.5,18.0,0.0,0.0,11.5,11.5,7,0,0,high,128.62820075823683,37.2915744628544,128.63961670289964,37.30047858556642
1085_1904,165,165.0,128.46262845909837,37.13529623365604,0.5261362983283833,0.7245912254525307,0.6646888745767296,0.6444125742716864,0.09000025889386909,31,6,1,0.6116935483870968,0.5075588453674998,0.7651421030140356,0.010271646859083192,0.1935483870967742,0.03225806451612903,0.6108301333855953,61.083,2025-03-25,0.7245912254525307,72.459,0.8352272727272727,0.9388349514563107,0.7651421030140356,0.018421052631578946,22.5,18.0,0.0,0.0,11.5,11.5,7,0,0,high,128.45694301491417,37.13083532938101,128.46831457073313,37.13975685235599
1099_1914,165,165.0,128.62155804449444,37.22403581696706,0.5261362983283833,0.7245912254525307,0.6646888745767296,0.6444125742716864,0.09000025889386909,31,6,1,0.6116935483870968,0.5075588453674998,0.7651421030140356,0.010271646859083192,0.1935483870967742,0.03225806451612903,0.6108301333855953,61.083,2025-03-25,0.7245912254525307,72.459,0.8352272727272727,0.9388349514563107,0.7651421030140356,0.018421052631578946,22.5,18.0,0.0,0.0,11.5,11.5,7,0,0,high,128.6158566595125,37.219582860956876,128.6272600997224,37.228488484090846
1090_1915,165,165.0,128.52024741617967,37.233965643213885,0.5261362983283833,0.7245912254525307,0.6646888745767296,0.6444125742716864,0.09000025889386909,31,6,1,0.6116935483870968,0.5075588453674998,0.7651421030140356,0.010271646859083192,0.1935483870967742,0.03225806451612903,0.6108301333855953,61.083,2025-03-25,0.7245912254525307,72.459,0.8352272727272727,0.9388349514563107,0.7651421030140356,0.018421052631578946,22.5,18.0,0.0,0.0,11.5,11.5,7,0,0,high,128.5145511114151,37.229507737044585,128.52594439160774,37.23842326195082
1108_1941,268,268.0,128.72693841097413,37.4663514378657,0.5274038762416735,0.7314688943771742,0.6478404604220105,0.6176566754565573,0.08554391298430455,31,7,1,0.6177859237536657,0.42925711792298465,0.8571724011529929,0.010271646859083192,0.22580645161290322,0.03225806451612903,0.6108196945893397,61.082,2025-03-25,0.7314688943771742,73.147,0.8337121212121212,0.8951456310679612,0.8571724011529929,0.018421052631578946,22.1,22.0,0.0,0.0,10.5,10.5,7,0,0,high,128.72121219562325,37.46190417078451,128.73266530453938,37.470798412033055
1122_1971,227,227.0,128.8902350066483,37.734927706705484,0.5157261097908846,0.6944508540829709,0.6730668546059619,0.6618451771950142,0.12533963804003395,31,9,0,0.5467741935483871,0.5213861431431819,0.8256457477843591,0.010271646859083192,0.2903225806451613,0.0,0.6108086780638196,61.081,2025-03-25,0.6944508540829709,69.445,0.7268939393939394,0.9432038834951457,0.8256457477843591,0.018421052631578946,20.3,39.0,0.0,0.0,11.6,11.6,7,0,0,high,128.88447819662042,37.73048915110757,128.89599250377574,37.739365964181886
1123_1918,114,114.0,128.89268196129743,37.257211072142795,0.5059394381119674,0.7037655883140067,0.6969536337595921,0.6183953407945167,0.10807099919531402,31,6,1,0.5511608015640274,0.5796065480316844,0.6951636672478642,0.010271646859083192,0.1935483870967742,0.03225806451612903,0.6107944540578305,61.079,2025-03-25,0.7037655883140067,70.377,0.7799242424242425,1.0,0.6951636672478642,0.018421052631578946,18.9,26.0,0.0,0.0,12.9,12.9,7,0,0,high,128.88696246433022,37.25277155701715,128.8984021293307,37.26165029390374
1071_1957,205,205.0,128.31014238322473,37.61415827792729,0.514835815939504,0.6955188907791011,0.672277219184384,0.6529109664739561,0.10592534644055247,31,9,0,0.6067448680351906,0.43734785010750343,0.806300795848447,0.010271646859083192,0.2903225806451613,0.0,0.6107280597396367,61.073,2025-03-25,0.6955188907791011,69.552,0.7848484848484849,0.8702247191011236,0.806300795848447,0.018421052631578946,19.1,23.0,0.0,0.0,8.4,13.4,7,0,0,high,128.30442902216217,37.60969073163363,128.31585642782778,37.618625536247734
1090_1910,164,164.0,128.51964079632035,37.18890226586517,0.5259059072677778,0.7243608343919251,0.664458483516124,0.6441821832110808,0.09000025889386909,31,6,1,0.6116935483870968,0.5075588453674998,0.7639901477110078,0.010271646859083192,0.1935483870967742,0.03225806451612903,0.6106227814310502,61.062,2025-03-25,0.7243608343919251,72.436,0.8352272727272727,0.9388349514563107,0.7639901477110078,0.018421052631578946,22.5,18.0,0.0,0.0,11.5,11.5,7,0,0,high,128.51394797538276,37.184444245972955,128.52533428643125,37.193359998779854
1123_1915,113,113.0,128.8921845071603,37.23017690413755,0.505606426348734,0.7034325765507733,0.6966206219963587,0.6180623290312833,0.10807099919531402,31,6,1,0.5511608015640274,0.5796065480316844,0.6934986084316973,0.010271646859083192,0.1935483870967742,0.03225806451612903,0.6104947434709205,61.049,2025-03-25,0.7034325765507733,70.343,0.7799242424242425,1.0,0.6934986084316973,0.018421052631578946,18.9,26.0,0.0,0.0,12.9,12.9,7,0,0,high,128.88646713228553,37.225737303071725,128.89790255220638,37.2346162121158
1158_1906,392,392.0,129.2846654805422,37.1437950749295,0.5115365818338758,0.725948370723967,0.6521373561962657,0.6382376554633302,0.10846673906387125,31,8,1,0.5641739980449657,0.3937475587397995,0.929446729510386,0.010271646859083192,0.25806451612903225,0.03225806451612903,0.6104437724017597,61.044,2025-03-25,0.725948370723967,72.595,0.8299242424242423,0.8213046798298245,0.929446729510386,0.018421052631578946,25.6,19.0,0.0,0.0,9.8,9.8,7,0,0,high,129.27893257043758,37.13937476821003,129.29039905745864,37.148215083440526
1099_1994,163,163.0,128.63242815598224,37.94497893178023,0.5257849415270036,0.6816350625589577,0.669800826735606,0.6665133397125157,0.10822058342076968,31,10,0,0.5373655913978495,0.6269268800782611,0.76283118959718,0.010271646859083192,0.3225806451612903,0.0,0.610417614074627,61.042,2025-03-24,0.6816350625589577,68.164,0.7515151515151515,0.9091142140285808,0.76283118959718,0.007894736842105263,21.8,22.0,0.0,11.0,9.1,12.8,6,0,0,high,128.62666977621095,37.94052793920692,128.63818723030542,37.94942962808541
1090_2004,163,163.0,128.5312743676078,38.03603466930611,0.5257849415270036,0.6816350625589577,0.669800826735606,0.6665133397125157,0.10822058342076968,31,10,0,0.5373655913978495,0.6269268800782611,0.76283118959718,0.010271646859083192,0.3225806451612903,0.0,0.610417614074627,61.042,2025-03-24,0.6816350625589577,68.164,0.7515151515151515,0.9091142140285808,0.76283118959718,0.007894736842105263,21.8,22.0,0.0,11.0,9.1,12.8,6,0,0,high,128.52551473248388,38.03157880583687,128.53703470051408,38.04049023715219
1119_1969,224,224.0,128.85586865934457,37.71730271687215,0.5152210745330975,0.6939458188251838,0.6725618193481746,0.6613401419372271,0.12533963804003392,31,9,0,0.5467741935483871,0.5213861431431819,0.8231205714954234,0.010271646859083192,0.2903225806451613,0.0,0.6103541463318111,61.035,2025-03-25,0.6939458188251838,69.395,0.7268939393939394,0.9432038834951457,0.8231205714954234,0.018421052631578946,20.3,39.0,0.0,0.0,11.6,11.6,7,0,0,high,128.85011524606787,37.71286240357189,128.86162275916166,37.72174273275745
1057_1953,333,333.0,128.15120937118522,37.57908892827923,0.5468065268538984,0.7301191810924211,0.6456963577988271,0.6215724879665164,0.07089881892871051,31,6,1,0.6420576735092863,0.43502341850325676,0.8984342789775354,0.010271646859083192,0.1935483870967742,0.03225806451612903,0.610251582692394,61.025,2025-03-25,0.7301191810924211,73.012,0.8015151515151515,0.9082524271844661,0.8984342789775354,0.018421052631578946,21.9,27.0,0.0,0.0,10.8,10.8,8,0,0,high,128.14550810723352,37.57461354261854,128.1569113175901,37.58356402876846
1078_1960,202,202.0,128.38977091758392,37.64062429396623,0.5142764474061529,0.69495952224575,0.6717178506510328,0.6523515979406049,0.10592534644055247,31,9,0,0.6067448680351906,0.43734785010750343,0.8035039531816911,0.010271646859083192,0.2903225806451613,0.0,0.6102246280596206,61.022,2025-03-25,0.69495952224575,69.496,0.7848484848484849,0.8702247191011236,0.803503953181691,0.018421052631578946,19.1,23.0,0.0,0.0,8.4,13.4,7,0,0,high,128.38405080879514,37.63616070813971,128.3954917107517,37.64508759032728
1104_1906,162,162.0,128.67678775095155,37.15139086064801,0.5254409063276684,0.7238958334518159,0.6639934825760148,0.6437171822709715,0.09000025889386909,31,6,1,0.6116935483870968,0.5075588453674998,0.7616651430104612,0.010271646859083192,0.1935483870967742,0.03225806451612903,0.6102042805849518,61.02,2025-03-25,0.7238958334518159,72.39,0.8352272727272727,0.9388349514563107,0.7616651430104612,0.018421052631578946,22.5,18.0,0.0,0.0,11.5,11.5,7,0,0,high,128.67108876683628,37.14694047137886,128.68248740286145,37.15584096090519
1089_1911,162,162.0,128.50849552485164,37.19801142320028,0.5254409063276684,0.7238958334518159,0.6639934825760148,0.6437171822709715,0.09000025889386909,31,6,1,0.6116935483870968,0.5075588453674998,0.7616651430104612,0.010271646859083192,0.1935483870967742,0.03225806451612903,0.6102042805849518,61.02,2025-03-25,0.7238958334518159,72.39,0.8352272727272727,0.9388349514563107,0.7616651430104612,0.018421052631578946,22.5,18.0,0.0,0.0,11.5,11.5,7,0,0,high,128.5028026504247,37.193552874859286,128.51418906876214,37.20246968464449
1109_1911,112,112.0,128.7338143441141,37.19587883601923,0.5052704805233605,0.7030966307253999,0.6962846761709851,0.6177263832059099,0.10807099919531402,31,6,1,0.5511608015640274,0.5796065480316844,0.6918188793048301,0.010271646859083192,0.1935483870967742,0.03225806451612903,0.6101923922280843,61.019,2025-03-25,0.7030966307253999,70.31,0.7799242424242425,1.0,0.6918188793048301,0.018421052631578946,18.9,26.0,0.0,0.0,12.9,12.9,7,0,0,high,128.7281086756967,37.19143134277805,128.7395206817385,37.200326038935145
1116_1917,112,112.0,128.8136075347548,37.24910152987376,0.5052704805233605,0.7030966307253999,0.6962846761709851,0.6177263832059099,0.10807099919531402,31,6,1,0.5511608015640274,0.5796065480316844,0.6918188793048301,0.010271646859083192,0.1935483870967742,0.03225806451612903,0.6101923922280843,61.019,2025-03-25,0.7030966307253999,70.31,0.7799242424242425,1.0,0.6918188793048301,0.018421052631578946,18.9,26.0,0.0,0.0,12.9,12.9,7,0,0,high,128.80789319029992,37.244658085751674,128.81932255009454,37.25354468192109
1120_1917,112,112.0,128.85869855691902,37.248592633456084,0.5052704805233605,0.7030966307253999,0.6962846761709851,0.6177263832059099,0.10807099919531402,31,6,1,0.5511608015640274,0.5796065480316844,0.6918188793048301,0.010271646859083192,0.1935483870967742,0.03225806451612903,0.6101923922280843,61.019,2025-03-25,0.7030966307253999,70.31,0.7799242424242425,1.0,0.6918188793048301,0.018421052631578946,18.9,26.0,0.0,0.0,12.9,12.9,7,0,0,high,128.85298167066946,37.244151417122026,128.86441611398735,37.253033557030896
1098_1927,161,161.0,128.61201071369422,37.34130190344228,0.5252062618670337,0.723661188991181,0.6637588381153801,0.6434825378103367,0.09000025889386903,31,6,1,0.6116935483870968,0.5075588453674998,0.7604919207072874,0.010271646859083192,0.1935483870967742,0.03225806451612903,0.6099931005703806,60.999,2025-03-25,0.723661188991181,72.366,0.8352272727272727,0.9388349514563107,0.7604919207072874,0.018421052631578946,22.5,18.0,0.0,0.0,11.5,11.5,7,0,0,high,128.6063008493685,37.336848708874825,128.61772125216766,37.3457548081058
1095_1935,261,261.0,128.57918058359866,37.41371339889939,0.5263985176933761,0.7304635358288768,0.6468351018737131,0.6166513169082599,0.08554391298430455,31,7,1,0.6177859237536657,0.42925711792298465,0.8521456084115059,0.010271646859083192,0.22580645161290322,0.03225806451612903,0.6099148718958719,60.991,2025-03-25,0.7304635358288768,73.046,0.8337121212121212,0.8951456310679612,0.8521456084115059,0.018421052631578946,22.1,22.0,0.0,0.0,10.5,10.5,7,0,0,high,128.5734670226179,37.40925872849534,128.5848948211727,37.41816777918323
1128_1905,111,111.0,128.9468118787306,37.13938835847312,0.504931548473721,0.7027576986757603,0.6959457441213457,0.6173874511562704,0.10807099919531402,31,6,1,0.5511608015640274,0.5796065480316844,0.6901242190566322,0.010271646859083192,0.1935483870967742,0.03225806451612903,0.6098873533834087,60.989,2025-03-25,0.7027576986757603,70.276,0.7799242424242425,1.0,0.6901242190566322,0.018421052631578946,18.9,26.0,0.0,0.0,12.9,12.9,7,0,0,high,128.94109840841216,37.13495125144214,128.95252601615994,37.14382517248658
1095_1920,160,160.0,128.57724737388972,37.27852887443172,0.5249701644902663,0.7234250916144137,0.6635227407386126,0.6432464404335694,0.09000025889386909,31,6,1,0.6116935483870968,0.5075588453674998,0.7593114338234506,0.010271646859083192,0.1935483870967742,0.03225806451612903,0.6097806129312899,60.978,2025-03-25,0.7234250916144137,72.343,0.8352272727272727,0.9388349514563107,0.7593114338234506,0.018421052631578946,22.5,18.0,0.0,0.0,11.5,11.5,7,0,0,high,128.57154435606145,37.274073848503356,128.58295106381001,37.28298361161247
1124_1916,110,110.0,128.9036212675642,37.239055226874854,0.5045895766341869,0.7024157268362261,0.6956037722818114,0.6170454793167363,0.10807099919531399,31,6,1,0.5511608015640274,0.5796065480316844,0.6884143598589616,0.010271646859083192,0.1935483870967742,0.03225806451612903,0.609579578727828,60.958,2025-03-25,0.7024157268362261,70.242,0.7799242424242425,1.0,0.6884143598589616,0.018421052631578946,18.9,26.0,0.0,0.0,12.9,12.9,7,0,0,high,128.89790255220638,37.2346162121158,128.90934065337422,37.24349394828306
1127_1907,110,110.0,128.93589664587452,37.157547970694374,0.5045895766341869,0.7024157268362261,0.6956037722818114,0.6170454793167363,0.10807099919531399,31,6,1,0.5511608015640274,0.5796065480316844,0.6884143598589616,0.010271646859083192,0.1935483870967742,0.03225806451612903,0.609579578727828,60.958,2025-03-25,0.7024157268362261,70.242,0.7799242424242425,1.0,0.6884143598589616,0.018421052631578946,18.9,26.0,0.0,0.0,12.9,12.9,7,0,0,high,128.93018239429568,37.15311036591386,128.94161156517535,37.16198528244318
1125_1907,110,110.0,128.91337907460525,37.15781870217242,0.5045895766341869,0.7024157268362261,0.6956037722818114,0.6170454793167363,0.10807099919531399,31,6,1,0.5511608015640274,0.5796065480316844,0.6884143598589616,0.010271646859083192,0.1935483870967742,0.03225806451612903,0.609579578727828,60.958,2025-03-25,0.7024157268362261,70.242,0.7799242424242425,1.0,0.6884143598589616,0.018421052631578946,18.9,26.0,0.0,0.0,12.9,12.9,7,0,0,high,128.9076660832785,37.153379984464664,128.91909273368904,37.162257127189456
1096_1998,159,159.0,128.59882751731945,37.98134775533968,0.5248434219743091,0.6806935430062632,0.6688593071829115,0.6655718201598212,0.10822058342076968,31,10,0,0.5373655913978495,0.6269268800782611,0.7581235918337076,0.010271646859083192,0.3225806451612903,0.0,0.6095702464772019,60.957,2025-03-24,0.6806935430062632,68.069,0.7515151515151515,0.9091142140285808,0.7581235918337076,0.007894736842105263,21.8,22.0,0.0,11.0,9.1,12.8,6,0,0,high,128.5930682301653,37.976895157334134,128.60458750030858,37.98580005722914
1093_2001,159,159.0,128.5650634850182,38.00869593985302,0.5248434219743091,0.6806935430062632,0.6688593071829115,0.6655718201598212,0.10822058342076968,31,10,0,0.5373655913978495,0.6269268800782611,0.7581235918337076,0.010271646859083192,0.3225806451612903,0.0,0.6095702464772019,60.957,2025-03-24,0.6806935430062632,68.069,0.7515151515151515,0.9091142140285808,0.7581235918337076,0.007894736842105263,21.8,22.0,0.0,11.0,9.1,12.8,6,0,0,high,128.5593040212076,38.00424170996844,128.57082364563735,38.01314987386758
1081_1963,198,198.0,128.42410594741207,37.66739972550283,0.513517624262496,0.6942006991020933,0.6709590275073761,0.6515927747969482,0.10592534644055247,31,9,0,0.6067448680351906,0.43734785010750343,0.7997098374634074,0.010271646859083192,0.2903225806451613,0.0,0.6095416872303296,60.954,2025-03-25,0.6942006991020933,69.42,0.7848484848484849,0.8702247191011236,0.7997098374634074,0.018421052631578946,19.1,23.0,0.0,0.0,8.4,13.4,7,0,0,high,128.41838173014793,37.6629378784611,128.42983084993574,37.67186128228218
1110_1928,258,258.0,128.74760546113123,37.34896285715888,0.5259594003120643,0.7300244184475649,0.6463959844924012,0.6162121995269481,0.08554391298430455,31,7,1,0.6177859237536657,0.42925711792298465,0.8499500215049468,0.010271646859083192,0.22580645161290322,0.03225806451612903,0.6095196662526913,60.952,2025-03-25,0.7300244184475649,73.002,0.8337121212121212,0.8951456310679612,0.8499500215049468,0.018421052631578946,22.1,22.0,0.0,0.0,10.5,10.5,7,0,0,high,128.74188717737943,37.3445163661742,128.7533244191544,37.35340905608447
1095_1936,258,258.0,128.5793099238445,37.42272558734642,0.5259594003120643,0.7300244184475649,0.6463959844924012,0.6162121995269481,0.08554391298430455,31,7,1,0.6177859237536657,0.42925711792298465,0.8499500215049468,0.010271646859083192,0.22580645161290322,0.03225806451612903,0.6095196662526913,60.952,2025-03-25,0.7300244184475649,73.002,0.8337121212121212,0.8951456310679612,0.8499500215049468,0.018421052631578946,22.1,22.0,0.0,0.0,10.5,10.5,7,0,0,high,128.57359565747595,37.41827094068082,128.5850248671075,37.427179943800105
1097_1914,158,158.0,128.59901798712986,37.22424713976085,0.5244935382276011,0.7229484653517485,0.6630461144759474,0.6427698141709042,0.09000025889386909,31,6,1,0.6116935483870968,0.5075588453674998,0.7569283025101248,0.010271646859083192,0.1935483870967742,0.03225806451612903,0.6093516492948913,60.935,2025-03-25,0.7229484653517485,72.295,0.8352272727272727,0.9388349514563107,0.7569283025101248,0.018421052631578946,22.5,18.0,0.0,0.0,11.5,11.5,7,0,0,high,128.59331788387962,37.219793077500704,128.60471876065355,37.22870091347774
1099_1904,157,157.0,128.62022630497364,37.133911542315886,0.5242529721013974,0.7227078992255448,0.6628055483497437,0.6425292480447005,0.09000025889386909,31,6,1,0.6116935483870968,0.5075588453674998,0.755725471879106,0.010271646859083192,0.1935483870967742,0.03225806451612903,0.609135139781308,60.914,2025-03-25,0.7227078992255448,72.271,0.8352272727272727,0.9388349514563107,0.755725471879106,0.018421052631578946,22.5,18.0,0.0,0.0,11.5,11.5,7,0,0,high,128.61453190237876,37.12945834303126,128.62592137483995,37.13836445362666
1100_1906,157,157.0,128.63175141413748,37.15182951907962,0.5242529721013974,0.7227078992255448,0.6628055483497437,0.6425292480447005,0.09000025889386909,31,6,1,0.6116935483870968,0.5075588453674998,0.755725471879106,0.010271646859083192,0.1935483870967742,0.03225806451612903,0.609135139781308,60.914,2025-03-25,0.7227078992255448,72.271,0.8352272727272727,0.9388349514563107,0.755725471879106,0.018421052631578946,22.5,18.0,0.0,0.0,11.5,11.5,7,0,0,high,128.62605497942528,37.14737692036235,128.63744851670103,37.15628182946949
1105_1907,157,157.0,128.68818772270723,37.16029077201911,0.5242529721013974,0.7227078992255448,0.6628055483497437,0.6425292480447005,0.09000025889386909,31,6,1,0.6116935483870968,0.5075588453674998,0.755725471879106,0.010271646859083192,0.1935483870967742,0.03225806451612903,0.609135139781308,60.914,2025-03-25,0.7227078992255448,72.271,0.8352272727272727,0.9388349514563107,0.755725471879106,0.018421052631578946,22.5,18.0,0.0,0.0,11.5,11.5,7,0,0,high,128.68248740286145,37.15584096090519,128.69388871063012,37.16474029385857
1081_1952,344,344.0,128.42287971137853,37.56826428811084,0.5090078748500428,0.7065584176528501,0.6783013571005501,0.6590673777446014,0.10343353186341377,31,7,1,0.6010630498533724,0.3444780893598004,0.9046119276994061,0.010271646859083192,0.22580645161290322,0.03225806451612903,0.609083141294989,60.908,2025-03-26,0.7065584176528501,70.656,0.8946969696969697,0.6662921348314607,0.9046119276994061,0.007894736842105263,21.2,12.0,0.0,0.0,5.1,13.4,8,0,0,high,128.417163285016,37.56380220645741,128.4285968196515,37.57272608050963
1066_1953,321,321.0,128.25313027117016,37.57848265094835,0.5454113856936138,0.7287240399321365,0.6443012166385425,0.6201773468062318,0.07089881892871044,31,6,1,0.6420576735092863,0.43502341850325676,0.8914585731761123,0.010271646859083192,0.1935483870967742,0.03225806451612903,0.6089959556481378,60.9,2025-03-25,0.7287240399321365,72.872,0.8015151515151515,0.9082524271844661,0.8914585731761123,0.018421052631578946,21.9,27.0,0.0,0.0,10.8,10.8,8,0,0,high,128.2474230351355,37.57401225084158,128.25883818957806,37.58295276431631
1114_1909,108,108.0,128.789833552725,37.17725504263178,0.5038962919982457,0.7017224422002849,0.6949104876458703,0.616352194680795,0.10807099919531402,31,6,1,0.5511608015640274,0.5796065480316844,0.6849479366792555,0.010271646859083192,0.1935483870967742,0.03225806451612903,0.6089556225554809,60.896,2025-03-25,0.7017224422002849,70.172,0.7799242424242425,1.0,0.6849479366792555,0.018421052631578946,18.9,26.0,0.0,0.0,12.9,12.9,7,0,0,high,128.7841261108976,37.17281026944498,128.79554166308668,37.18169952482173
1117_1913,108,108.0,128.82424973725682,37.21292926460242,0.5038962919982457,0.7017224422002849,0.6949104876458703,0.616352194680795,0.10807099919531402,31,6,1,0.5511608015640274,0.5796065480316844,0.6849479366792555,0.010271646859083192,0.1935483870967742,0.03225806451612903,0.6089556225554809,60.896,2025-03-25,0.7017224422002849,70.172,0.7799242424242425,1.0,0.6849479366792555,0.018421052631578946,18.9,26.0,0.0,0.0,12.9,12.9,7,0,0,high,128.81853757769545,37.20848626691977,128.82996256649434,37.21737197040755
1111_1911,108,108.0,128.75634486872008,37.19564201533022,0.5038962919982457,0.7017224422002849,0.6949104876458703,0.616352194680795,0.10807099919531402,31,6,1,0.5511608015640274,0.5796065480316844,0.6849479366792555,0.010271646859083192,0.1935483870967742,0.03225806451612903,0.6089556225554809,60.896,2025-03-25,0.7017224422002849,70.172,0.7799242424242425,1.0,0.6849479366792555,0.018421052631578946,18.9,26.0,0.0,0.0,12.9,12.9,7,0,0,high,128.75063792776785,37.19119563122144,128.7620524788485,37.20008810877154
1129_1966,215,215.0,128.96876397413445,37.68891226765381,0.5136645480262266,0.6923892923183129,0.671005292841304,0.6597836154303564,0.12533963804003395,31,9,0,0.5467741935483871,0.5213861431431819,0.8153379389610692,0.010271646859083192,0.2903225806451613,0.0,0.6089532724756274,60.895,2025-03-25,0.6923892923183129,69.239,0.7268939393939394,0.9432038834951457,0.8153379389610692,0.018421052631578946,20.3,39.0,0.0,0.0,11.6,11.6,7,0,0,high,128.96300625358333,37.68447753717439,128.97452238012963,37.6933466992694
1096_1918,155,155.0,128.58826612752333,37.260400916041945,0.5237672380865039,0.7222221652106513,0.6623198143348503,0.642043514029807,0.09000025889386905,31,6,1,0.6116935483870968,0.5075588453674998,0.7532968018046389,0.010271646859083192,0.1935483870967742,0.03225806451612903,0.6086979791679038,60.87,2025-03-25,0.7222221652106513,72.222,0.8352272727272727,0.9388349514563107,0.7532968018046389,0.018421052631578946,22.5,18.0,0.0,0.0,11.5,11.5,7,0,0,high,128.58256386734294,37.255946396211684,128.5939690591846,37.264855147135414
1076_1959,193,193.0,128.36699927363676,37.631780652584055,0.5125473529644234,0.6932304278040206,0.6699887562093034,0.6506225034988755,0.10592534644055247,31,9,0,0.6067448680351906,0.43734785010750343,0.7948584809730442,0.010271646859083192,0.2903225806451613,0.0,0.6086684430620642,60.867,2025-03-25,0.6932304278040206,69.323,0.7848484848484849,0.8702247191011236,0.7948584809730442,0.018421052631578946,19.1,23.0,0.0,0.0,8.4,13.4,7,0,0,high,128.36128119378324,37.6273159306599,128.37271803758676,37.636245085482216
1129_1908,107,107.0,128.95858708376736,37.16628421766797,0.503544864584076,0.7013710147861153,0.6945590602317007,0.6160007672666253,0.10807099919531402,31,6,1,0.5511608015640274,0.5796065480316844,0.6831907996084073,0.010271646859083192,0.1935483870967742,0.03225806451612903,0.6086393378827283,60.864,2025-03-25,0.7013710147861153,70.137,0.7799242424242425,1.0,0.6831907996084073,0.018421052631578946,18.9,26.0,0.0,0.0,12.9,12.9,7,0,0,high,128.95287086698607,37.16184775613029,128.96430396853202,37.170720385740665
1124_1907,107,107.0,128.9021201766976,37.15795246417059,0.503544864584076,0.7013710147861153,0.6945590602317007,0.6160007672666253,0.10807099919531402,31,6,1,0.5511608015640274,0.5796065480316844,0.6831907996084073,0.010271646859083192,0.1935483870967742,0.03225806451612903,0.6086393378827283,60.864,2025-03-25,0.7013710147861153,70.137,0.7799242424242425,1.0,0.6831907996084073,0.018421052631578946,18.9,26.0,0.0,0.0,12.9,12.9,7,0,0,high,128.89640781596825,37.15351319024288,128.90783320520129,37.16239144557814
1108_1914,154,154.0,128.7229852935681,37.22303179675407,0.5235220307814833,0.7219769579056308,0.6620746070298298,0.6417983067247864,0.09000025889386903,31,6,1,0.6116935483870968,0.5075588453674998,0.752070765279536,0.010271646859083192,0.1935483870967742,0.03225806451612903,0.6084772925933853,60.848,2025-03-25,0.7219769579056308,72.198,0.8352272727272727,0.9388349514563107,0.752070765279536,0.018421052631578946,22.5,18.0,0.0,0.0,11.5,11.5,7,0,0,high,128.7172781562497,37.218583827032155,128.72869310100214,37.22747947604685
1030_1925,388,388.0,127.844272692041,37.32799972930539,0.5316744484302319,0.711680319956188,0.6768859988623399,0.6061811275823222,0.08470161531717632,31,5,1,0.6148460410557184,0.39478406063826416,0.9274963490975804,0.010271646859083192,0.16129032258064516,0.03225806451612903,0.6084621335305956,60.846,2025-03-25,0.711680319956188,71.168,0.7886363636363635,0.8318533871495583,0.9274963490975804,0.018421052631578946,23.4,27.0,0.0,0.0,9.9,9.9,7,0,0,high,127.83860874421914,37.323509128293225,127.84993731402699,37.3324900523563
1123_1916,106,106.0,128.8923502514224,37.23918830785171,0.5031901680307505,0.7010163182327896,0.694204363678375,0.6156460707132998,0.10807099919531402,31,6,1,0.5511608015640274,0.5796065480316844,0.6814173168417791,0.010271646859083192,0.1935483870967742,0.03225806451612903,0.6083201109847352,60.832,2025-03-25,0.7010163182327896,70.102,0.7799242424242425,1.0,0.6814173168417792,0.018421052631578946,18.9,26.0,0.0,0.0,12.9,12.9,7,0,0,high,128.88663216949888,37.234748735426834,128.89806900381538,37.24362758709668
1092_1923,153,153.0,128.54378585259713,37.305869428206684,0.523275236363119,0.7217301634872664,0.6618278126114654,0.641551512306422,0.09000025889386905,31,6,1,0.6116935483870968,0.5075588453674998,0.7508367931877141,0.010271646859083192,0.1935483870967742,0.03225806451612903,0.6082551776168573,60.826,2025-03-25,0.7217301634872664,72.173,0.8352272727272727,0.9388349514563107,0.7508367931877142,0.018421052631578946,22.5,18.0,0.0,0.0,11.5,11.5,7,0,0,high,128.53808266629332,37.30141281135457,128.54948971193022,37.31032575655321
1129_1965,210,210.0,128.96858627442057,37.67990185209384,0.5127715422328668,0.6914962865249531,0.6701122870479441,0.6588906096369965,0.12533963804003395,31,9,0,0.5467741935483871,0.5213861431431819,0.8108729099942702,0.010271646859083192,0.2903225806451613,0.0,0.6081495672616035,60.815,2025-03-25,0.6914962865249531,69.15,0.7268939393939394,0.9432038834951457,0.8108729099942702,0.018421052631578946,20.3,39.0,0.0,0.0,11.6,11.6,7,0,0,high,128.96282927859275,37.67546709159394,128.97434395538735,37.68433631382368
1025_1920,384,384.0,127.78766352680015,37.28308123258737,0.5312803404821147,0.7112862120080705,0.6764918909142226,0.6057870196342048,0.08470161531717632,31,5,1,0.6148460410557184,0.39478406063826416,0.9255258093569932,0.010271646859083192,0.16129032258064516,0.03225806451612903,0.60810743637729,60.811,2025-03-25,0.7112862120080705,71.129,0.7886363636363635,0.8318533871495583,0.9255258093569932,0.018421052631578946,23.4,27.0,0.0,0.0,9.9,9.9,7,0,0,high,127.78200631248345,37.278587859181705,127.79332141380166,37.28757432934407
1092_2006,152,152.0,128.55431988741546,38.0538551656086,0.523137660034183,0.6789877810661371,0.6671535452427855,0.6638660582196951,0.10822058342076968,31,10,0,0.5373655913978495,0.6269268800782611,0.7495947821330773,0.010271646859083192,0.3225806451612903,0.0,0.6080350607310885,60.804,2025-03-24,0.6789877810661371,67.899,0.7515151515151515,0.9091142140285808,0.7495947821330773,0.007894736842105263,21.8,22.0,0.0,11.0,9.1,12.8,6,0,0,high,128.54855746026905,38.049400485437744,128.56008301293957,38.058309549619096
1098_2009,682,682.0,128.62310972389508,38.08025513045136,0.5461827275230935,0.6736737563610127,0.6500482572708535,0.6450118116626989,0.07703077111195027,31,11,0,0.5642961876832844,0.475694021683669,1.0,0.010271646859083192,0.3548387096774194,0.0,0.6080231212435138,60.802,2025-03-24,0.6736737563610127,67.367,0.7958333333333334,0.6166248500054543,1.0,0.007894736842105263,23.8,19.0,0.0,3.0,6.7,9.5,6,0,0,high,128.61734109732615,38.075803939170264,128.6288790496913,38.08470602423922
1099_2012,630,630.0,128.6349278059807,38.107178574425724,0.5461827275230935,0.6736737563610127,0.6500482572708535,0.6450118116626989,0.07703077111195027,31,11,0,0.5642961876832844,0.475694021683669,1.0,0.010271646859083192,0.3548387096774194,0.0,0.6080231212435138,60.802,2025-03-24,0.6736737563610127,67.367,0.7958333333333334,0.6166248500054543,1.0,0.007894736842105263,23.8,19.0,0.0,3.0,6.7,9.5,6,0,0,high,128.62915631926552,38.102728027905634,128.64069999284456,38.11162882299641
1085_1902,151,151.0,128.46240017726223,37.11727030964084,0.5227768030626719,0.7212317301868193,0.6613293793110182,0.641053079005975,0.09000025889386905,31,6,1,0.6116935483870968,0.5075588453674998,0.7483446266854789,0.010271646859083192,0.1935483870967742,0.03225806451612903,0.607806587646455,60.781,2025-03-25,0.7212317301868193,72.123,0.8352272727272727,0.9388349514563107,0.7483446266854789,0.018421052631578946,22.5,18.0,0.0,0.0,11.5,11.5,7,0,0,high,128.45671611787554,37.11280936172991,128.46808490350597,37.121730972157785
1082_1952,330,330.0,128.43420201801388,37.568175229443774,0.5074283162648381,0.7049788590676453,0.6767217985153453,0.6574878191593967,0.10343353186341378,31,7,1,0.6010630498533724,0.3444780893598004,0.8967141347733825,0.010271646859083192,0.22580645161290322,0.03225806451612903,0.6076615385683046,60.766,2025-03-26,0.7049788590676453,70.498,0.8946969696969697,0.6662921348314607,0.8967141347733825,0.007894736842105263,21.2,12.0,0.0,0.0,5.1,13.4,8,0,0,high,128.4284849346609,37.563713704945044,128.43991978326554,37.5726364645143
1036_1966,681,681.0,127.91403341054831,37.69733321164467,0.5546157917006586,0.6593775406862108,0.6490773693483787,0.6337555145885082,0.07378346203130844,31,12,0,0.6723851417399804,0.33648395190321523,1.0,0.010271646859083192,0.3870967741935484,0.0,0.6075920542715928,60.759,2025-03-26,0.6593775406862108,65.938,0.9265151515151515,0.35034907821533756,1.0,0.007894736842105263,24.1,9.0,0.0,0.0,4.3,6.8,8,0,0,high,127.90833713736019,37.692846419871,127.91973037029645,37.70181972074491
1040_1973,736,736.0,127.95979558225184,37.76025635239039,0.5546157917006586,0.6593775406862108,0.6490773693483787,0.6337555145885082,0.07378346203130844,31,12,0,0.6723851417399804,0.33648395190321523,1.0,0.010271646859083192,0.3870967741935484,0.0,0.6075920542715928,60.759,2025-03-26,0.6593775406862108,65.938,0.9265151515151515,0.35034907821533756,1.0,0.007894736842105263,24.1,9.0,0.0,0.0,4.3,6.8,8,0,0,high,127.95409171088995,37.75577186786081,127.96550014229663,37.76474055291404
