pole_id,lon,lat,x_5179,y_5179,grid_ix,grid_iy,grid_id,pole_count,pole_density,grid_final_risk_score,grid_final_risk_score_100,grid_final_risk_grade,risk_mean,risk_max,risk_p95,risk_p90,high_day_count,very_high_day_count,high_day_ratio,peak_date,peak_grid_risk_score_100,peak_dry_weather_score,peak_wind_score,peak_asset_exposure_score,peak_warning_score,peak_temp_max,peak_humidity_min,peak_rain_sum,peak_rain_sum_7d,peak_wind_max,peak_wind_max_7d,peak_no_rain_days,peak_dry_warning_flag,peak_strong_wind_warning_flag,pole_risk_score,pole_risk_score_100,pole_risk_rank,pole_risk_percentile
1326212,128.4233892574649,38.08914295764144,1080973.721883267,2010293.205921351,1080,2010,1080_2010,86,86.0,0.6773260568458648,67.733,high,0.5706894495940584,0.7453633552768382,0.7347134350216546,0.7190316168398366,14,4,0.45161290322580644,2025-03-11,74.536,0.9174242424242424,1.0,0.6419682915357058,0.0,7.0,11.0,0.0,0.0,14.7,14.7,11,0,0,0.6773260568458648,67.733,1,7.2054882763103e-07
1326213,128.4228327869204,38.08905433445285,1080925.0206385201,2010282.8874885645,1080,2010,1080_2010,86,86.0,0.6773260568458648,67.733,high,0.5706894495940584,0.7453633552768382,0.7347134350216546,0.7190316168398366,14,4,0.45161290322580644,2025-03-11,74.536,0.9174242424242424,1.0,0.6419682915357058,0.0,7.0,11.0,0.0,0.0,14.7,14.7,11,0,0,0.6773260568458648,67.733,2,1.44109765526206e-06
1326214,128.42235186639837,38.08880535141,1080883.1212655692,2010254.8420600342,1080,2010,1080_2010,86,86.0,0.6773260568458648,67.733,high,0.5706894495940584,0.7453633552768382,0.7347134350216546,0.7190316168398366,14,4,0.45161290322580644,2025-03-11,74.536,0.9174242424242424,1.0,0.6419682915357058,0.0,7.0,11.0,0.0,0.0,14.7,14.7,11,0,0,0.6773260568458648,67.733,3,2.16164648289309e-06
1326215,128.42182188827897,38.088674847660414,1080836.7890454566,2010239.9002838477,1080,2010,1080_2010,86,86.0,0.6773260568458648,67.733,high,0.5706894495940584,0.7453633552768382,0.7347134350216546,0.7190316168398366,14,4,0.45161290322580644,2025-03-11,74.536,0.9174242424242424,1.0,0.6419682915357058,0.0,7.0,11.0,0.0,0.0,14.7,14.7,11,0,0,0.6773260568458648,67.733,4,2.88219531052412e-06
1326377,128.41243788236827,38.094737943923114,1080007.2560617349,2010904.517982839,1080,2010,1080_2010,86,86.0,0.6773260568458648,67.733,high,0.5706894495940584,0.7453633552768382,0.7347134350216546,0.7190316168398366,14,4,0.45161290322580644,2025-03-11,74.536,0.9174242424242424,1.0,0.6419682915357058,0.0,7.0,11.0,0.0,0.0,14.7,14.7,11,0,0,0.6773260568458648,67.733,5,3.60274413815515e-06
1326378,128.412819147117,38.09508846757457,1080040.30567639,2010943.7397019113,1080,2010,1080_2010,86,86.0,0.6773260568458648,67.733,high,0.5706894495940584,0.7453633552768382,0.7347134350216546,0.7190316168398366,14,4,0.45161290322580644,2025-03-11,74.536,0.9174242424242424,1.0,0.6419682915357058,0.0,7.0,11.0,0.0,0.0,14.7,14.7,11,0,0,0.6773260568458648,67.733,6,4.32329296578618e-06
1326379,128.41335238434658,38.09500496400722,1080087.1545301522,2010934.934145133,1080,2010,1080_2010,86,86.0,0.6773260568458648,67.733,high,0.5706894495940584,0.7453633552768382,0.7347134350216546,0.7190316168398366,14,4,0.45161290322580644,2025-03-11,74.536,0.9174242424242424,1.0,0.6419682915357058,0.0,7.0,11.0,0.0,0.0,14.7,14.7,11,0,0,0.6773260568458648,67.733,7,5.04384179341721e-06
1326380,128.41347027161035,38.09456013288366,1080097.977201022,2010885.6785782604,1080,2010,1080_2010,86,86.0,0.6773260568458648,67.733,high,0.5706894495940584,0.7453633552768382,0.7347134350216546,0.7190316168398366,14,4,0.45161290322580644,2025-03-11,74.536,0.9174242424242424,1.0,0.6419682915357058,0.0,7.0,11.0,0.0,0.0,14.7,14.7,11,0,0,0.6773260568458648,67.733,8,5.76439062104824e-06
1326381,128.4137045873655,38.094177971474814,1080118.940917611,2010843.4771360748,1080,2010,1080_2010,86,86.0,0.6773260568458648,67.733,high,0.5706894495940584,0.7453633552768382,0.7347134350216546,0.7190316168398366,14,4,0.45161290322580644,2025-03-11,74.536,0.9174242424242424,1.0,0.6419682915357058,0.0,7.0,11.0,0.0,0.0,14.7,14.7,11,0,0,0.6773260568458648,67.733,9,6.48493944867927e-06
1326382,128.4142207279978,38.0940184651091,1080164.3743033041,2010826.224200295,1080,2010,1080_2010,86,86.0,0.6773260568458648,67.733,high,0.5706894495940584,0.7453633552768382,0.7347134350216546,0.7190316168398366,14,4,0.45161290322580644,2025-03-11,74.536,0.9174242424242424,1.0,0.6419682915357058,0.0,7.0,11.0,0.0,0.0,14.7,14.7,11,0,0,0.6773260568458648,67.733,10,7.2054882763103e-06
1326383,128.41480953169736,38.093975874106434,1080216.0517681919,2010822.0068918287,1080,2010,1080_2010,86,86.0,0.6773260568458648,67.733,high,0.5706894495940584,0.7453633552768382,0.7347134350216546,0.7190316168398366,14,4,0.45161290322580644,2025-03-11,74.536,0.9174242424242424,1.0,0.6419682915357058,0.0,7.0,11.0,0.0,0.0,14.7,14.7,11,0,0,0.6773260568458648,67.733,11,7.92603710394133e-06
1326384,128.41538001651392,38.09393363866828,1080266.122561352,2010817.8135282074,1080,2010,1080_2010,86,86.0,0.6773260568458648,67.733,high,0.5706894495940584,0.7453633552768382,0.7347134350216546,0.7190316168398366,14,4,0.45161290322580644,2025-03-11,74.536,0.9174242424242424,1.0,0.6419682915357058,0.0,7.0,11.0,0.0,0.0,14.7,14.7,11,0,0,0.6773260568458648,67.733,12,8.64658593157236e-06
1326385,128.41592702275815,38.093937404396286,1080314.0842810662,2010818.7043288103,1080,2010,1080_2010,86,86.0,0.6773260568458648,67.733,high,0.5706894495940584,0.7453633552768382,0.7347134350216546,0.7190316168398366,14,4,0.45161290322580644,2025-03-11,74.536,0.9174242424242424,1.0,0.6419682915357058,0.0,7.0,11.0,0.0,0.0,14.7,14.7,11,0,0,0.6773260568458648,67.733,13,9.36713475920339e-06
1326386,128.41618892877796,38.09369401002194,1080337.3167257798,2010791.924507568,1080,2010,1080_2010,86,86.0,0.6773260568458648,67.733,high,0.5706894495940584,0.7453633552768382,0.7347134350216546,0.7190316168398366,14,4,0.45161290322580644,2025-03-11,74.536,0.9174242424242424,1.0,0.6419682915357058,0.0,7.0,11.0,0.0,0.0,14.7,14.7,11,0,0,0.6773260568458648,67.733,14,1.008768358683442e-05
1326387,128.41562918909707,38.09363937659162,1080288.2939270171,2010785.3784216717,1080,2010,1080_2010,86,86.0,0.6773260568458648,67.733,high,0.5706894495940584,0.7453633552768382,0.7347134350216546,0.7190316168398366,14,4,0.45161290322580644,2025-03-11,74.536,0.9174242424242424,1.0,0.6419682915357058,0.0,7.0,11.0,0.0,0.0,14.7,14.7,11,0,0,0.6773260568458648,67.733,15,1.080823241446545e-05
1326388,128.41504436066455,38.093683151803965,1080236.963470441,2010789.7301073312,1080,2010,1080_2010,86,86.0,0.6773260568458648,67.733,high,0.5706894495940584,0.7453633552768382,0.7347134350216546,0.7190316168398366,14,4,0.45161290322580644,2025-03-11,74.536,0.9174242424242424,1.0,0.6419682915357058,0.0,7.0,11.0,0.0,0.0,14.7,14.7,11,0,0,0.6773260568458648,67.733,16,1.152878124209648e-05
1326389,128.41448858795965,38.093666471630144,1080188.2469795484,2010787.3992420644,1080,2010,1080_2010,86,86.0,0.6773260568458648,67.733,high,0.5706894495940584,0.7453633552768382,0.7347134350216546,0.7190316168398366,14,4,0.45161290322580644,2025-03-11,74.536,0.9174242424242424,1.0,0.6419682915357058,0.0,7.0,11.0,0.0,0.0,14.7,14.7,11,0,0,0.6773260568458648,67.733,17,1.224933006972751e-05
1326390,128.41391217626276,38.09361989401825,1080137.7533192604,2010781.7335194128,1080,2010,1080_2010,86,86.0,0.6773260568458648,67.733,high,0.5706894495940584,0.7453633552768382,0.7347134350216546,0.7190316168398366,14,4,0.45161290322580644,2025-03-11,74.536,0.9174242424242424,1.0,0.6419682915357058,0.0,7.0,11.0,0.0,0.0,14.7,14.7,11,0,0,0.6773260568458648,67.733,18,1.296987889735854e-05
1326391,128.413350369737,38.09361479418744,1080088.4950339664,2010780.6829679306,1080,2010,1080_2010,86,86.0,0.6773260568458648,67.733,high,0.5706894495940584,0.7453633552768382,0.7347134350216546,0.7190316168398366,14,4,0.45161290322580644,2025-03-11,74.536,0.9174242424242424,1.0,0.6419682915357058,0.0,7.0,11.0,0.0,0.0,14.7,14.7,11,0,0,0.6773260568458648,67.733,19,1.369042772498957e-05
1326392,128.41279149056007,38.09354802723,1080039.5606958612,2010772.792823239,1080,2010,1080_2010,86,86.0,0.6773260568458648,67.733,high,0.5706894495940584,0.7453633552768382,0.7347134350216546,0.7190316168398366,14,4,0.45161290322580644,2025-03-11,74.536,0.9174242424242424,1.0,0.6419682915357058,0.0,7.0,11.0,0.0,0.0,14.7,14.7,11,0,0,0.6773260568458648,67.733,20,1.44109765526206e-05
1326393,128.41260723414496,38.093171069022326,1080023.8146007287,2010730.8077790213,1080,2010,1080_2010,86,86.0,0.6773260568458648,67.733,high,0.5706894495940584,0.7453633552768382,0.7347134350216546,0.7190316168398366,14,4,0.45161290322580644,2025-03-11,74.536,0.9174242424242424,1.0,0.6419682915357058,0.0,7.0,11.0,0.0,0.0,14.7,14.7,11,0,0,0.6773260568458648,67.733,21,1.513152538025163e-05
1326394,128.41287661819783,38.09278499366615,1080047.857680625,2010688.2021036346,1080,2010,1080_2010,86,86.0,0.6773260568458648,67.733,high,0.5706894495940584,0.7453633552768382,0.7347134350216546,0.7190316168398366,14,4,0.45161290322580644,2025-03-11,74.536,0.9174242424242424,1.0,0.6419682915357058,0.0,7.0,11.0,0.0,0.0,14.7,14.7,11,0,0,0.6773260568458648,67.733,22,1.585207420788266e-05
1326395,128.41345140512203,38.09272679155049,1080098.3238558918,2010682.2397873767,1080,2010,1080_2010,86,86.0,0.6773260568458648,67.733,high,0.5706894495940584,0.7453633552768382,0.7347134350216546,0.7190316168398366,14,4,0.45161290322580644,2025-03-11,74.536,0.9174242424242424,1.0,0.6419682915357058,0.0,7.0,11.0,0.0,0.0,14.7,14.7,11,0,0,0.6773260568458648,67.733,23,1.657262303551369e-05
1326396,128.4140152706549,38.092632929624656,1080147.871366587,2010672.311642502,1080,2010,1080_2010,86,86.0,0.6773260568458648,67.733,high,0.5706894495940584,0.7453633552768382,0.7347134350216546,0.7190316168398366,14,4,0.45161290322580644,2025-03-11,74.536,0.9174242424242424,1.0,0.6419682915357058,0.0,7.0,11.0,0.0,0.0,14.7,14.7,11,0,0,0.6773260568458648,67.733,24,1.729317186314472e-05
1326397,128.41457314830575,38.09250476154177,1080196.931419135,2010658.5721095633,1080,2010,1080_2010,86,86.0,0.6773260568458648,67.733,high,0.5706894495940584,0.7453633552768382,0.7347134350216546,0.7190316168398366,14,4,0.45161290322580644,2025-03-11,74.536,0.9174242424242424,1.0,0.6419682915357058,0.0,7.0,11.0,0.0,0.0,14.7,14.7,11,0,0,0.6773260568458648,67.733,25,1.801372069077575e-05
1326398,128.41509225518377,38.09236743405213,1080242.6018582135,2010643.7830646886,1080,2010,1080_2010,86,86.0,0.6773260568458648,67.733,high,0.5706894495940584,0.7453633552768382,0.7347134350216546,0.7190316168398366,14,4,0.45161290322580644,2025-03-11,74.536,0.9174242424242424,1.0,0.6419682915357058,0.0,7.0,11.0,0.0,0.0,14.7,14.7,11,0,0,0.6773260568458648,67.733,26,1.873426951840678e-05
1326399,128.41561062492605,38.09219917847765,1080288.2416646495,2010625.5619412938,1080,2010,1080_2010,86,86.0,0.6773260568458648,67.733,high,0.5706894495940584,0.7453633552768382,0.7347134350216546,0.7190316168398366,14,4,0.45161290322580644,2025-03-11,74.536,0.9174242424242424,1.0,0.6419682915357058,0.0,7.0,11.0,0.0,0.0,14.7,14.7,11,0,0,0.6773260568458648,67.733,27,1.945481834603781e-05
1326400,128.41607931120515,38.09196943790982,1080329.5922262159,2010600.4758866935,1080,2010,1080_2010,86,86.0,0.6773260568458648,67.733,high,0.5706894495940584,0.7453633552768382,0.7347134350216546,0.7190316168398366,14,4,0.45161290322580644,2025-03-11,74.536,0.9174242424242424,1.0,0.6419682915357058,0.0,7.0,11.0,0.0,0.0,14.7,14.7,11,0,0,0.6773260568458648,67.733,28,2.017536717366884e-05
1326401,128.41646384591388,38.09164620936404,1080363.6661174477,2010564.9440435055,1080,2010,1080_2010,86,86.0,0.6773260568458648,67.733,high,0.5706894495940584,0.7453633552768382,0.7347134350216546,0.7190316168398366,14,4,0.45161290322580644,2025-03-11,74.536,0.9174242424242424,1.0,0.6419682915357058,0.0,7.0,11.0,0.0,0.0,14.7,14.7,11,0,0,0.6773260568458648,67.733,29,2.0895916001299872e-05
1326402,128.41700547583926,38.09168921346447,1080411.114886876,2010570.184520807,1080,2010,1080_2010,86,86.0,0.6773260568458648,67.733,high,0.5706894495940584,0.7453633552768382,0.7347134350216546,0.7190316168398366,14,4,0.45161290322580644,2025-03-11,74.536,0.9174242424242424,1.0,0.6419682915357058,0.0,7.0,11.0,0.0,0.0,14.7,14.7,11,0,0,0.6773260568458648,67.733,30,2.16164648289309e-05
1326403,128.41746904740972,38.09142997120338,1080452.0499444283,2010541.8212240434,1080,2010,1080_2010,86,86.0,0.6773260568458648,67.733,high,0.5706894495940584,0.7453633552768382,0.7347134350216546,0.7190316168398366,14,4,0.45161290322580644,2025-03-11,74.536,0.9174242424242424,1.0,0.6419682915357058,0.0,7.0,11.0,0.0,0.0,14.7,14.7,11,0,0,0.6773260568458648,67.733,31,2.233701365656193e-05
1326404,128.41803531975748,38.09144302320554,1080501.6925749956,2010543.7601741215,1080,2010,1080_2010,86,86.0,0.6773260568458648,67.733,high,0.5706894495940584,0.7453633552768382,0.7347134350216546,0.7190316168398366,14,4,0.45161290322580644,2025-03-11,74.536,0.9174242424242424,1.0,0.6419682915357058,0.0,7.0,11.0,0.0,0.0,14.7,14.7,11,0,0,0.6773260568458648,67.733,32,2.305756248419296e-05
1326405,128.418487114739,38.091232062225366,1080541.5424013715,2010520.7442706109,1080,2010,1080_2010,86,86.0,0.6773260568458648,67.733,high,0.5706894495940584,0.7453633552768382,0.7347134350216546,0.7190316168398366,14,4,0.45161290322580644,2025-03-11,74.536,0.9174242424242424,1.0,0.6419682915357058,0.0,7.0,11.0,0.0,0.0,14.7,14.7,11,0,0,0.6773260568458648,67.733,33,2.377811131182399e-05
1326406,128.4188541952935,38.09091613049068,1080574.0789684926,2010486.0077882581,1080,2010,1080_2010,86,86.0,0.6773260568458648,67.733,high,0.5706894495940584,0.7453633552768382,0.7347134350216546,0.7190316168398366,14,4,0.45161290322580644,2025-03-11,74.536,0.9174242424242424,1.0,0.6419682915357058,0.0,7.0,11.0,0.0,0.0,14.7,14.7,11,0,0,0.6773260568458648,67.733,34,2.449866013945502e-05
1326407,128.41936838012055,38.09080194527503,1080619.2940597087,2010473.7843657667,1080,2010,1080_2010,86,86.0,0.6773260568458648,67.733,high,0.5706894495940584,0.7453633552768382,0.7347134350216546,0.7190316168398366,14,4,0.45161290322580644,2025-03-11,74.536,0.9174242424242424,1.0,0.6419682915357058,0.0,7.0,11.0,0.0,0.0,14.7,14.7,11,0,0,0.6773260568458648,67.733,35,2.521920896708605e-05
1326408,128.41981720221733,38.09052310911519,1080658.9584642267,2010443.2352043951,1080,2010,1080_2010,86,86.0,0.6773260568458648,67.733,high,0.5706894495940584,0.7453633552768382,0.7347134350216546,0.7190316168398366,14,4,0.45161290322580644,2025-03-11,74.536,0.9174242424242424,1.0,0.6419682915357058,0.0,7.0,11.0,0.0,0.0,14.7,14.7,11,0,0,0.6773260568458648,67.733,36,2.593975779471708e-05
1326409,128.42038092310818,38.090402265754015,1080708.5251763985,2010430.3165283632,1080,2010,1080_2010,86,86.0,0.6773260568458648,67.733,high,0.5706894495940584,0.7453633552768382,0.7347134350216546,0.7190316168398366,14,4,0.45161290322580644,2025-03-11,74.536,0.9174242424242424,1.0,0.6419682915357058,0.0,7.0,11.0,0.0,0.0,14.7,14.7,11,0,0,0.6773260568458648,67.733,37,2.666030662234811e-05
1326410,128.42090473548325,38.09027582400739,1080754.5985424232,2010416.7422660268,1080,2010,1080_2010,86,86.0,0.6773260568458648,67.733,high,0.5706894495940584,0.7453633552768382,0.7347134350216546,0.7190316168398366,14,4,0.45161290322580644,2025-03-11,74.536,0.9174242424242424,1.0,0.6419682915357058,0.0,7.0,11.0,0.0,0.0,14.7,14.7,11,0,0,0.6773260568458648,67.733,38,2.738085544997914e-05
1326411,128.42143075920092,38.090128402526126,1080800.889082725,2010400.8423325554,1080,2010,1080_2010,86,86.0,0.6773260568458648,67.733,high,0.5706894495940584,0.7453633552768382,0.7347134350216546,0.7190316168398366,14,4,0.45161290322580644,2025-03-11,74.536,0.9174242424242424,1.0,0.6419682915357058,0.0,7.0,11.0,0.0,0.0,14.7,14.7,11,0,0,0.6773260568458648,67.733,39,2.810140427761017e-05
1326412,128.4217362408243,38.08973813497461,1080828.107318216,2010357.805154957,1080,2010,1080_2010,86,86.0,0.6773260568458648,67.733,high,0.5706894495940584,0.7453633552768382,0.7347134350216546,0.7190316168398366,14,4,0.45161290322580644,2025-03-11,74.536,0.9174242424242424,1.0,0.6419682915357058,0.0,7.0,11.0,0.0,0.0,14.7,14.7,11,0,0,0.6773260568458648,67.733,40,2.88219531052412e-05
1326413,128.4217044746595,38.08931348294255,1080825.7892814397,2010310.6592908255,1080,2010,1080_2010,86,86.0,0.6773260568458648,67.733,high,0.5706894495940584,0.7453633552768382,0.7347134350216546,0.7190316168398366,14,4,0.45161290322580644,2025-03-11,74.536,0.9174242424242424,1.0,0.6419682915357058,0.0,7.0,11.0,0.0,0.0,14.7,14.7,11,0,0,0.6773260568458648,67.733,41,2.954250193287223e-05
1326414,128.42170998624707,38.08892602721048,1080826.6992819537,2010267.6730726326,1080,2010,1080_2010,86,86.0,0.6773260568458648,67.733,high,0.5706894495940584,0.7453633552768382,0.7347134350216546,0.7190316168398366,14,4,0.45161290322580644,2025-03-11,74.536,0.9174242424242424,1.0,0.6419682915357058,0.0,7.0,11.0,0.0,0.0,14.7,14.7,11,0,0,0.6773260568458648,67.733,42,3.026305076050326e-05
1326415,128.4222030215645,38.08887425207709,1080869.992539045,2010262.3574638679,1080,2010,1080_2010,86,86.0,0.6773260568458648,67.733,high,0.5706894495940584,0.7453633552768382,0.7347134350216546,0.7190316168398366,14,4,0.45161290322580644,2025-03-11,74.536,0.9174242424242424,1.0,0.6419682915357058,0.0,7.0,11.0,0.0,0.0,14.7,14.7,11,0,0,0.6773260568458648,67.733,43,3.098359958813429e-05
1326416,128.42270134466756,38.08910847529059,1080913.4342839364,2010288.7802772857,1080,2010,1080_2010,86,86.0,0.6773260568458648,67.733,high,0.5706894495940584,0.7453633552768382,0.7347134350216546,0.7190316168398366,14,4,0.45161290322580644,2025-03-11,74.536,0.9174242424242424,1.0,0.6419682915357058,0.0,7.0,11.0,0.0,0.0,14.7,14.7,11,0,0,0.6773260568458648,67.733,44,3.170414841576532e-05
1326417,128.42323164360118,38.089220101947355,1080959.8150490075,2010301.6282268,1080,2010,1080_2010,86,86.0,0.6773260568458648,67.733,high,0.5706894495940584,0.7453633552768382,0.7347134350216546,0.7190316168398366,14,4,0.45161290322580644,2025-03-11,74.536,0.9174242424242424,1.0,0.6419682915357058,0.0,7.0,11.0,0.0,0.0,14.7,14.7,11,0,0,0.6773260568458648,67.733,45,3.242469724339635e-05
1326418,128.42367120124229,38.08924941417784,1080998.3290939312,2010305.2639139474,1080,2010,1080_2010,86,86.0,0.6773260568458648,67.733,high,0.5706894495940584,0.7453633552768382,0.7347134350216546,0.7190316168398366,14,4,0.45161290322580644,2025-03-11,74.536,0.9174242424242424,1.0,0.6419682915357058,0.0,7.0,11.0,0.0,0.0,14.7,14.7,11,0,0,0.6773260568458648,67.733,46,3.314524607102738e-05
1326435,128.42154338467705,38.08874662460599,1080812.286856526,2010247.6220729018,1080,2010,1080_2010,86,86.0,0.6773260568458648,67.733,high,0.5706894495940584,0.7453633552768382,0.7347134350216546,0.7190316168398366,14,4,0.45161290322580644,2025-03-11,74.536,0.9174242424242424,1.0,0.6419682915357058,0.0,7.0,11.0,0.0,0.0,14.7,14.7,11,0,0,0.6773260568458648,67.733,47,3.386579489865841e-05
1326436,128.42135145164485,38.08914415429633,1080795.0178596354,2010291.5638675382,1080,2010,1080_2010,86,86.0,0.6773260568458648,67.733,high,0.5706894495940584,0.7453633552768382,0.7347134350216546,0.7190316168398366,14,4,0.45161290322580644,2025-03-11,74.536,0.9174242424242424,1.0,0.6419682915357058,0.0,7.0,11.0,0.0,0.0,14.7,14.7,11,0,0,0.6773260568458648,67.733,48,3.458634372628944e-05
1326437,128.42165691616387,38.08948944305234,1080821.4249523429,2010330.1419479204,1080,2010,1080_2010,86,86.0,0.6773260568458648,67.733,high,0.5706894495940584,0.7453633552768382,0.7347134350216546,0.7190316168398366,14,4,0.45161290322580644,2025-03-11,74.536,0.9174242424242424,1.0,0.6419682915357058,0.0,7.0,11.0,0.0,0.0,14.7,14.7,11,0,0,0.6773260568458648,67.733,49,3.530689255392047e-05
1326438,128.42148864648647,38.089892011428894,1080806.2256227273,2010374.6633952335,1080,2010,1080_2010,86,86.0,0.6773260568458648,67.733,high,0.5706894495940584,0.7453633552768382,0.7347134350216546,0.7190316168398366,14,4,0.45161290322580644,2025-03-11,74.536,0.9174242424242424,1.0,0.6419682915357058,0.0,7.0,11.0,0.0,0.0,14.7,14.7,11,0,0,0.6773260568458648,67.733,50,3.60274413815515e-05
1326439,128.421076218686,38.09014570299362,1080769.7794987673,2010402.4535283078,1080,2010,1080_2010,86,86.0,0.6773260568458648,67.733,high,0.5706894495940584,0.7453633552768382,0.7347134350216546,0.7190316168398366,14,4,0.45161290322580644,2025-03-11,74.536,0.9174242424242424,1.0,0.6419682915357058,0.0,7.0,11.0,0.0,0.0,14.7,14.7,11,0,0,0.6773260568458648,67.733,51,3.674799020918253e-05
1326440,128.4205428269217,38.09028158460726,1080722.8556039317,2010417.0668010176,1080,2010,1080_2010,86,86.0,0.6773260568458648,67.733,high,0.5706894495940584,0.7453633552768382,0.7347134350216546,0.7190316168398366,14,4,0.45161290322580644,2025-03-11,74.536,0.9174242424242424,1.0,0.6419682915357058,0.0,7.0,11.0,0.0,0.0,14.7,14.7,11,0,0,0.6773260568458648,67.733,52,3.746853903681356e-05
1326441,128.42000877212564,38.090401639823455,1080675.8911374034,2010429.9237122894,1080,2010,1080_2010,86,86.0,0.6773260568458648,67.733,high,0.5706894495940584,0.7453633552768382,0.7347134350216546,0.7190316168398366,14,4,0.45161290322580644,2025-03-11,74.536,0.9174242424242424,1.0,0.6419682915357058,0.0,7.0,11.0,0.0,0.0,14.7,14.7,11,0,0,0.6773260568458648,67.733,53,3.818908786444459e-05
1326442,128.41949213656457,38.0905420454514,1080630.4319965495,2010445.0540417721,1080,2010,1080_2010,86,86.0,0.6773260568458648,67.733,high,0.5706894495940584,0.7453633552768382,0.7347134350216546,0.7190316168398366,14,4,0.45161290322580644,2025-03-11,74.536,0.9174242424242424,1.0,0.6419682915357058,0.0,7.0,11.0,0.0,0.0,14.7,14.7,11,0,0,0.6773260568458648,67.733,54,3.890963669207562e-05
1326443,128.41905822063026,38.09082981320327,1080592.0650497794,2010476.607301124,1080,2010,1080_2010,86,86.0,0.6773260568458648,67.733,high,0.5706894495940584,0.7453633552768382,0.7347134350216546,0.7190316168398366,14,4,0.45161290322580644,2025-03-11,74.536,0.9174242424242424,1.0,0.6419682915357058,0.0,7.0,11.0,0.0,0.0,14.7,14.7,11,0,0,0.6773260568458648,67.733,55,3.963018551970665e-05
1326444,128.41857301695183,38.09097302504661,1080549.3595627097,2010492.0767257016,1080,2010,1080_2010,86,86.0,0.6773260568458648,67.733,high,0.5706894495940584,0.7453633552768382,0.7347134350216546,0.7190316168398366,14,4,0.45161290322580644,2025-03-11,74.536,0.9174242424242424,1.0,0.6419682915357058,0.0,7.0,11.0,0.0,0.0,14.7,14.7,11,0,0,0.6773260568458648,67.733,56,4.035073434733768e-05
1326445,128.41821124279963,38.091323845209054,1080517.2501756228,2010530.689029721,1080,2010,1080_2010,86,86.0,0.6773260568458648,67.733,high,0.5706894495940584,0.7453633552768382,0.7347134350216546,0.7190316168398366,14,4,0.45161290322580644,2025-03-11,74.536,0.9174242424242424,1.0,0.6419682915357058,0.0,7.0,11.0,0.0,0.0,14.7,14.7,11,0,0,0.6773260568458648,67.733,57,4.107128317496871e-05
1326446,128.41765854940786,38.09134623404088,1080468.7593615372,2010532.6941695558,1080,2010,1080_2010,86,86.0,0.6773260568458648,67.733,high,0.5706894495940584,0.7453633552768382,0.7347134350216546,0.7190316168398366,14,4,0.45161290322580644,2025-03-11,74.536,0.9174242424242424,1.0,0.6419682915357058,0.0,7.0,11.0,0.0,0.0,14.7,14.7,11,0,0,0.6773260568458648,67.733,58,4.1791832002599743e-05
1326447,128.41715319299843,38.091466130550096,1080424.3127549873,2010545.5597751152,1080,2010,1080_2010,86,86.0,0.6773260568458648,67.733,high,0.5706894495940584,0.7453633552768382,0.7347134350216546,0.7190316168398366,14,4,0.45161290322580644,2025-03-11,74.536,0.9174242424242424,1.0,0.6419682915357058,0.0,7.0,11.0,0.0,0.0,14.7,14.7,11,0,0,0.6773260568458648,67.733,59,4.251238083023077e-05
1326448,128.41667573667175,38.09151186010788,1080382.3941047846,2010550.2204108937,1080,2010,1080_2010,86,86.0,0.6773260568458648,67.733,high,0.5706894495940584,0.7453633552768382,0.7347134350216546,0.7190316168398366,14,4,0.45161290322580644,2025-03-11,74.536,0.9174242424242424,1.0,0.6419682915357058,0.0,7.0,11.0,0.0,0.0,14.7,14.7,11,0,0,0.6773260568458648,67.733,60,4.32329296578618e-05
1326449,128.41620782619938,38.09164025900359,1080341.22209355,2010564.062281422,1080,2010,1080_2010,86,86.0,0.6773260568458648,67.733,high,0.5706894495940584,0.7453633552768382,0.7347134350216546,0.7190316168398366,14,4,0.45161290322580644,2025-03-11,74.536,0.9174242424242424,1.0,0.6419682915357058,0.0,7.0,11.0,0.0,0.0,14.7,14.7,11,0,0,0.6773260568458648,67.733,61,4.395347848549283e-05
1326450,128.41584987885113,38.09199822539305,1080309.4417392986,2010603.4716250123,1080,2010,1080_2010,86,86.0,0.6773260568458648,67.733,high,0.5706894495940584,0.7453633552768382,0.7347134350216546,0.7190316168398366,14,4,0.45161290322580644,2025-03-11,74.536,0.9174242424242424,1.0,0.6419682915357058,0.0,7.0,11.0,0.0,0.0,14.7,14.7,11,0,0,0.6773260568458648,67.733,62,4.467402731312386e-05
1326451,128.41535338973307,38.09218748035197,1080265.6975062105,2010624.0415776856,1080,2010,1080_2010,86,86.0,0.6773260568458648,67.733,high,0.5706894495940584,0.7453633552768382,0.7347134350216546,0.7190316168398366,14,4,0.45161290322580644,2025-03-11,74.536,0.9174242424242424,1.0,0.6419682915357058,0.0,7.0,11.0,0.0,0.0,14.7,14.7,11,0,0,0.6773260568458648,67.733,63,4.539457614075489e-05
1326452,128.41480936815665,38.09235930097213,1080217.8044440513,2010642.6362350725,1080,2010,1080_2010,86,86.0,0.6773260568458648,67.733,high,0.5706894495940584,0.7453633552768382,0.7347134350216546,0.7190316168398366,14,4,0.45161290322580644,2025-03-11,74.536,0.9174242424242424,1.0,0.6419682915357058,0.0,7.0,11.0,0.0,0.0,14.7,14.7,11,0,0,0.6773260568458648,67.733,64,4.611512496838592e-05
1326453,128.41425272829582,38.09249693498904,1080168.8424589739,2010657.4270265133,1080,2010,1080_2010,86,86.0,0.6773260568458648,67.733,high,0.5706894495940584,0.7453633552768382,0.7347134350216546,0.7190316168398366,14,4,0.45161290322580644,2025-03-11,74.536,0.9174242424242424,1.0,0.6419682915357058,0.0,7.0,11.0,0.0,0.0,14.7,14.7,11,0,0,0.6773260568458648,67.733,65,4.683567379601695e-05
1326454,128.4137092569983,38.092604680072085,1080121.0680334177,2010668.9130780662,1080,2010,1080_2010,86,86.0,0.6773260568458648,67.733,high,0.5706894495940584,0.7453633552768382,0.7347134350216546,0.7190316168398366,14,4,0.45161290322580644,2025-03-11,74.536,0.9174242424242424,1.0,0.6419682915357058,0.0,7.0,11.0,0.0,0.0,14.7,14.7,11,0,0,0.6773260568458648,67.733,66,4.755622262364798e-05
1326455,128.4131673868208,38.09264655739812,1080073.5060180502,2010673.0922845216,1080,2010,1080_2010,86,86.0,0.6773260568458648,67.733,high,0.5706894495940584,0.7453633552768382,0.7347134350216546,0.7190316168398366,14,4,0.45161290322580644,2025-03-11,74.536,0.9174242424242424,1.0,0.6419682915357058,0.0,7.0,11.0,0.0,0.0,14.7,14.7,11,0,0,0.6773260568458648,67.733,67,4.827677145127901e-05
1326456,128.41266575148575,38.09273908983933,1080029.4169886056,2010682.9269933722,1080,2010,1080_2010,86,86.0,0.6773260568458648,67.733,high,0.5706894495940584,0.7453633552768382,0.7347134350216546,0.7190316168398366,14,4,0.45161290322580644,2025-03-11,74.536,0.9174242424242424,1.0,0.6419682915357058,0.0,7.0,11.0,0.0,0.0,14.7,14.7,11,0,0,0.6773260568458648,67.733,68,4.899732027891004e-05
1326457,128.4124520284684,38.09314270455727,1080010.2357230708,2010727.5267975398,1080,2010,1080_2010,86,86.0,0.6773260568458648,67.733,high,0.5706894495940584,0.7453633552768382,0.7347134350216546,0.7190316168398366,14,4,0.45161290322580644,2025-03-11,74.536,0.9174242424242424,1.0,0.6419682915357058,0.0,7.0,11.0,0.0,0.0,14.7,14.7,11,0,0,0.6773260568458648,67.733,69,4.971786910654107e-05
1326458,128.41253571854523,38.09354569417991,1080017.1350098022,2010772.3135257221,1080,2010,1080_2010,86,86.0,0.6773260568458648,67.733,high,0.5706894495940584,0.7453633552768382,0.7347134350216546,0.7190316168398366,14,4,0.45161290322580644,2025-03-11,74.536,0.9174242424242424,1.0,0.6419682915357058,0.0,7.0,11.0,0.0,0.0,14.7,14.7,11,0,0,0.6773260568458648,67.733,70,5.04384179341721e-05
1326459,128.41302497324097,38.09372081791254,1080059.8459062527,2010792.1664753633,1080,2010,1080_2010,86,86.0,0.6773260568458648,67.733,high,0.5706894495940584,0.7453633552768382,0.7347134350216546,0.7190316168398366,14,4,0.45161290322580644,2025-03-11,74.536,0.9174242424242424,1.0,0.6419682915357058,0.0,7.0,11.0,0.0,0.0,14.7,14.7,11,0,0,0.6773260568458648,67.733,71,5.115896676180313e-05
1326460,128.41357391764203,38.09372448484104,1080107.9778293816,2010793.0467677587,1080,2010,1080_2010,86,86.0,0.6773260568458648,67.733,high,0.5706894495940584,0.7453633552768382,0.7347134350216546,0.7190316168398366,14,4,0.45161290322580644,2025-03-11,74.536,0.9174242424242424,1.0,0.6419682915357058,0.0,7.0,11.0,0.0,0.0,14.7,14.7,11,0,0,0.6773260568458648,67.733,72,5.187951558943416e-05
1326461,128.4141433541902,38.09373817835947,1080157.8957162737,2010795.057556695,1080,2010,1080_2010,86,86.0,0.6773260568458648,67.733,high,0.5706894495940584,0.7453633552768382,0.7347134350216546,0.7190316168398366,14,4,0.45161290322580644,2025-03-11,74.536,0.9174242424242424,1.0,0.6419682915357058,0.0,7.0,11.0,0.0,0.0,14.7,14.7,11,0,0,0.6773260568458648,67.733,73,5.260006441706519e-05
1326462,128.41470004564025,38.09375162621466,1080206.6962610579,2010797.0303853392,1080,2010,1080_2010,86,86.0,0.6773260568458648,67.733,high,0.5706894495940584,0.7453633552768382,0.7347134350216546,0.7190316168398366,14,4,0.45161290322580644,2025-03-11,74.536,0.9174242424242424,1.0,0.6419682915357058,0.0,7.0,11.0,0.0,0.0,14.7,14.7,11,0,0,0.6773260568458648,67.733,74,5.332061324469622e-05
1326463,128.41525889579398,38.093772525756016,1080255.677933164,2010799.8321912484,1080,2010,1080_2010,86,86.0,0.6773260568458648,67.733,high,0.5706894495940584,0.7453633552768382,0.7347134350216546,0.7190316168398366,14,4,0.45161290322580644,2025-03-11,74.536,0.9174242424242424,1.0,0.6419682915357058,0.0,7.0,11.0,0.0,0.0,14.7,14.7,11,0,0,0.6773260568458648,67.733,75,5.404116207232725e-05
1326464,128.41581126412575,38.093720178453125,1080304.1713527755,2010794.5014168478,1080,2010,1080_2010,86,86.0,0.6773260568458648,67.733,high,0.5706894495940584,0.7453633552768382,0.7347134350216546,0.7190316168398366,14,4,0.45161290322580644,2025-03-11,74.536,0.9174242424242424,1.0,0.6419682915357058,0.0,7.0,11.0,0.0,0.0,14.7,14.7,11,0,0,0.6773260568458648,67.733,76,5.476171089995828e-05
1326465,128.41581753618576,38.093844243884014,1080304.5855755918,2010808.2728027287,1080,2010,1080_2010,86,86.0,0.6773260568458648,67.733,high,0.5706894495940584,0.7453633552768382,0.7347134350216546,0.7190316168398366,14,4,0.45161290322580644,2025-03-11,74.536,0.9174242424242424,1.0,0.6419682915357058,0.0,7.0,11.0,0.0,0.0,14.7,14.7,11,0,0,0.6773260568458648,67.733,77,5.548225972758931e-05
1326466,128.4152706192622,38.093866643888326,1080256.6030115208,2010810.2854145023,1080,2010,1080_2010,86,86.0,0.6773260568458648,67.733,high,0.5706894495940584,0.7453633552768382,0.7347134350216546,0.7190316168398366,14,4,0.45161290322580644,2025-03-11,74.536,0.9174242424242424,1.0,0.6419682915357058,0.0,7.0,11.0,0.0,0.0,14.7,14.7,11,0,0,0.6773260568458648,67.733,78,5.620280855522034e-05
1326467,128.41469531980744,38.093906200342765,1080206.1129208873,2010814.1774259605,1080,2010,1080_2010,86,86.0,0.6773260568458648,67.733,high,0.5706894495940584,0.7453633552768382,0.7347134350216546,0.7190316168398366,14,4,0.45161290322580644,2025-03-11,74.536,0.9174242424242424,1.0,0.6419682915357058,0.0,7.0,11.0,0.0,0.0,14.7,14.7,11,0,0,0.6773260568458648,67.733,79,5.692335738285137e-05
1326468,128.41413002752793,38.0939584050544,1080156.4865794163,2010819.4818039115,1080,2010,1080_2010,86,86.0,0.6773260568458648,67.733,high,0.5706894495940584,0.7453633552768382,0.7347134350216546,0.7190316168398366,14,4,0.45161290322580644,2025-03-11,74.536,0.9174242424242424,1.0,0.6419682915357058,0.0,7.0,11.0,0.0,0.0,14.7,14.7,11,0,0,0.6773260568458648,67.733,80,5.76439062104824e-05
1326469,128.41360713507288,38.09413223540558,1080110.4454859612,2010838.3183091646,1080,2010,1080_2010,86,86.0,0.6773260568458648,67.733,high,0.5706894495940584,0.7453633552768382,0.7347134350216546,0.7190316168398366,14,4,0.45161290322580644,2025-03-11,74.536,0.9174242424242424,1.0,0.6419682915357058,0.0,7.0,11.0,0.0,0.0,14.7,14.7,11,0,0,0.6773260568458648,67.733,81,5.836445503811343e-05
1326470,128.4133728610773,38.094517388022574,1080089.4821988745,2010880.8517047006,1080,2010,1080_2010,86,86.0,0.6773260568458648,67.733,high,0.5706894495940584,0.7453633552768382,0.7347134350216546,0.7190316168398366,14,4,0.45161290322580644,2025-03-11,74.536,0.9174242424242424,1.0,0.6419682915357058,0.0,7.0,11.0,0.0,0.0,14.7,14.7,11,0,0,0.6773260568458648,67.733,82,5.908500386574446e-05
1326471,128.4132247706692,38.09492878755498,1080076.047641871,2010926.371757193,1080,2010,1080_2010,86,86.0,0.6773260568458648,67.733,high,0.5706894495940584,0.7453633552768382,0.7347134350216546,0.7190316168398366,14,4,0.45161290322580644,2025-03-11,74.536,0.9174242424242424,1.0,0.6419682915357058,0.0,7.0,11.0,0.0,0.0,14.7,14.7,11,0,0,0.6773260568458648,67.733,83,5.980555269337549e-05
1326472,128.4127321773333,38.09486234097832,1080032.9262175423,2010918.5743494923,1080,2010,1080_2010,86,86.0,0.6773260568458648,67.733,high,0.5706894495940584,0.7453633552768382,0.7347134350216546,0.7190316168398366,14,4,0.45161290322580644,2025-03-11,74.536,0.9174242424242424,1.0,0.6419682915357058,0.0,7.0,11.0,0.0,0.0,14.7,14.7,11,0,0,0.6773260568458648,67.733,84,6.052610152100652e-05
1352668,128.42172626910312,38.088678732255936,1080828.399516409,2010240.2480822392,1080,2010,1080_2010,86,86.0,0.6773260568458648,67.733,high,0.5706894495940584,0.7453633552768382,0.7347134350216546,0.7190316168398366,14,4,0.45161290322580644,2025-03-11,74.536,0.9174242424242424,1.0,0.6419682915357058,0.0,7.0,11.0,0.0,0.0,14.7,14.7,11,0,0,0.6773260568458648,67.733,85,6.124665034863755e-05
1352782,128.4213743379945,38.088634149784575,1080797.5862625767,2010234.9950938262,1080,2010,1080_2010,86,86.0,0.6773260568458648,67.733,high,0.5706894495940584,0.7453633552768382,0.7347134350216546,0.7190316168398366,14,4,0.45161290322580644,2025-03-11,74.536,0.9174242424242424,1.0,0.6419682915357058,0.0,7.0,11.0,0.0,0.0,14.7,14.7,11,0,0,0.6773260568458648,67.733,86,6.196719917626858e-05
1326171,128.43301756901792,38.08676134889263,1081820.7191261726,2010037.3879001467,1081,2010,1081_2010,82,82.0,0.6757108578284851,67.571,high,0.568894784019192,0.7435686897019718,0.7329187694467884,0.7172369512649702,14,4,0.45161290322580644,2025-03-11,74.357,0.9174242424242424,1.0,0.6329949636613739,0.0,7.0,11.0,0.0,0.0,14.7,14.7,11,0,0,0.6757108578284851,67.571,87,6.268774800389962e-05
1326172,128.43278004703154,38.08716773616824,1081799.4363843433,2010082.270296883,1081,2010,1081_2010,82,82.0,0.6757108578284851,67.571,high,0.568894784019192,0.7435686897019718,0.7329187694467884,0.7172369512649702,14,4,0.45161290322580644,2025-03-11,74.357,0.9174242424242424,1.0,0.6329949636613739,0.0,7.0,11.0,0.0,0.0,14.7,14.7,11,0,0,0.6757108578284851,67.571,88,6.340829683153064e-05
1326173,128.43247811166697,38.087562060829065,1081772.518536336,2010125.7575964215,1081,2010,1081_2010,82,82.0,0.6757108578284851,67.571,high,0.568894784019192,0.7435686897019718,0.7329187694467884,0.7172369512649702,14,4,0.45161290322580644,2025-03-11,74.357,0.9174242424242424,1.0,0.6329949636613739,0.0,7.0,11.0,0.0,0.0,14.7,14.7,11,0,0,0.6757108578284851,67.571,89,6.412884565916167e-05
1326174,128.43235124587463,38.08799703395909,1081760.9084462095,2010173.9093386123,1081,2010,1081_2010,82,82.0,0.6757108578284851,67.571,high,0.568894784019192,0.7435686897019718,0.7329187694467884,0.7172369512649702,14,4,0.45161290322580644,2025-03-11,74.357,0.9174242424242424,1.0,0.6329949636613739,0.0,7.0,11.0,0.0,0.0,14.7,14.7,11,0,0,0.6757108578284851,67.571,90,6.48493944867927e-05
1326175,128.4320143873164,38.088367155822816,1081730.955465039,2010214.6805514616,1081,2010,1081_2010,82,82.0,0.6757108578284851,67.571,high,0.568894784019192,0.7435686897019718,0.7329187694467884,0.7172369512649702,14,4,0.45161290322580644,2025-03-11,74.357,0.9174242424242424,1.0,0.6329949636613739,0.0,7.0,11.0,0.0,0.0,14.7,14.7,11,0,0,0.6757108578284851,67.571,91,6.556994331442373e-05
1326176,128.43154915162458,38.08862213743216,1081689.8729917728,2010242.5632900528,1081,2010,1081_2010,82,82.0,0.6757108578284851,67.571,high,0.568894784019192,0.7435686897019718,0.7329187694467884,0.7172369512649702,14,4,0.45161290322580644,2025-03-11,74.357,0.9174242424242424,1.0,0.6329949636613739,0.0,7.0,11.0,0.0,0.0,14.7,14.7,11,0,0,0.6757108578284851,67.571,92,6.629049214205476e-05
1326177,128.4310493238136,38.08881640357115,1081645.8248161552,2010263.6789958987,1081,2010,1081_2010,82,82.0,0.6757108578284851,67.571,high,0.568894784019192,0.7435686897019718,0.7329187694467884,0.7172369512649702,14,4,0.45161290322580644,2025-03-11,74.357,0.9174242424242424,1.0,0.6329949636613739,0.0,7.0,11.0,0.0,0.0,14.7,14.7,11,0,0,0.6757108578284851,67.571,93,6.701104096968579e-05
1326178,128.4305345482883,38.08896444342218,1081600.5174420902,2010279.652658959,1081,2010,1081_2010,82,82.0,0.6757108578284851,67.571,high,0.568894784019192,0.7435686897019718,0.7329187694467884,0.7172369512649702,14,4,0.45161290322580644,2025-03-11,74.357,0.9174242424242424,1.0,0.6329949636613739,0.0,7.0,11.0,0.0,0.0,14.7,14.7,11,0,0,0.6757108578284851,67.571,94,6.773158979731683e-05
1326179,128.4300532525667,38.08918613930438,1081558.064376177,2010303.828647187,1081,2010,1081_2010,82,82.0,0.6757108578284851,67.571,high,0.568894784019192,0.7435686897019718,0.7329187694467884,0.7172369512649702,14,4,0.45161290322580644,2025-03-11,74.357,0.9174242424242424,1.0,0.6329949636613739,0.0,7.0,11.0,0.0,0.0,14.7,14.7,11,0,0,0.6757108578284851,67.571,95,6.845213862494785e-05
1326180,128.42952048646552,38.08932889002499,1081511.1856247396,2010319.2001347782,1081,2010,1081_2010,82,82.0,0.6757108578284851,67.571,high,0.568894784019192,0.7435686897019718,0.7329187694467884,0.7172369512649702,14,4,0.45161290322580644,2025-03-11,74.357,0.9174242424242424,1.0,0.6329949636613739,0.0,7.0,11.0,0.0,0.0,14.7,14.7,11,0,0,0.6757108578284851,67.571,96,6.917268745257888e-05
1326181,128.42897911173108,38.08947262842455,1081463.5510402853,2010334.6739283588,1081,2010,1081_2010,82,82.0,0.6757108578284851,67.571,high,0.568894784019192,0.7435686897019718,0.7329187694467884,0.7172369512649702,14,4,0.45161290322580644,2025-03-11,74.357,0.9174242424242424,1.0,0.6329949636613739,0.0,7.0,11.0,0.0,0.0,14.7,14.7,11,0,0,0.6757108578284851,67.571,97,6.98932362802099e-05
1326182,128.4284563634275,38.08965365502043,1081417.5086903558,2010354.301724911,1081,2010,1081_2010,82,82.0,0.6757108578284851,67.571,high,0.568894784019192,0.7435686897019718,0.7329187694467884,0.7172369512649702,14,4,0.45161290322580644,2025-03-11,74.357,0.9174242424242424,1.0,0.6329949636613739,0.0,7.0,11.0,0.0,0.0,14.7,14.7,11,0,0,0.6757108578284851,67.571,98,7.061378510784095e-05
1326183,128.42798277164113,38.08990096236011,1081375.7037575573,2010381.327183228,1081,2010,1081_2010,82,82.0,0.6757108578284851,67.571,high,0.568894784019192,0.7435686897019718,0.7329187694467884,0.7172369512649702,14,4,0.45161290322580644,2025-03-11,74.357,0.9174242424242424,1.0,0.6329949636613739,0.0,7.0,11.0,0.0,0.0,14.7,14.7,11,0,0,0.6757108578284851,67.571,99,7.133433393547197e-05
1326184,128.42753764906206,38.08966333707664,1081336.9330403898,2010354.5709775053,1081,2010,1081_2010,82,82.0,0.6757108578284851,67.571,high,0.568894784019192,0.7435686897019718,0.7329187694467884,0.7172369512649702,14,4,0.45161290322580644,2025-03-11,74.357,0.9174242424242424,1.0,0.6329949636613739,0.0,7.0,11.0,0.0,0.0,14.7,14.7,11,0,0,0.6757108578284851,67.571,100,7.2054882763103e-05
1326185,128.42765422160969,38.08924238590057,1081347.6221975514,2010307.9654841616,1081,2010,1081_2010,82,82.0,0.6757108578284851,67.571,high,0.568894784019192,0.7435686897019718,0.7329187694467884,0.7172369512649702,14,4,0.45161290322580644,2025-03-11,74.357,0.9174242424242424,1.0,0.6329949636613739,0.0,7.0,11.0,0.0,0.0,14.7,14.7,11,0,0,0.6757108578284851,67.571,101,7.277543159073402e-05
1326186,128.4279439434797,38.088866148809736,1081373.4460699917,2010266.4730608019,1081,2010,1081_2010,82,82.0,0.6757108578284851,67.571,high,0.568894784019192,0.7435686897019718,0.7329187694467884,0.7172369512649702,14,4,0.45161290322580644,2025-03-11,74.357,0.9174242424242424,1.0,0.6329949636613739,0.0,7.0,11.0,0.0,0.0,14.7,14.7,11,0,0,0.6757108578284851,67.571,102,7.349598041836506e-05
1326187,128.42829695556506,38.08849412579278,1081404.8157302255,2010225.503774621,1081,2010,1081_2010,82,82.0,0.6757108578284851,67.571,high,0.568894784019192,0.7435686897019718,0.7329187694467884,0.7172369512649702,14,4,0.45161290322580644,2025-03-11,74.357,0.9174242424242424,1.0,0.6329949636613739,0.0,7.0,11.0,0.0,0.0,14.7,14.7,11,0,0,0.6757108578284851,67.571,103,7.421652924599609e-05
1326188,128.42871261432722,38.0881723286033,1081441.6237702253,2010190.162462367,1081,2010,1081_2010,82,82.0,0.6757108578284851,67.571,high,0.568894784019192,0.7435686897019718,0.7329187694467884,0.7172369512649702,14,4,0.45161290322580644,2025-03-11,74.357,0.9174242424242424,1.0,0.6329949636613739,0.0,7.0,11.0,0.0,0.0,14.7,14.7,11,0,0,0.6757108578284851,67.571,104,7.493707807362712e-05
1326189,128.42915147836615,38.087898973719405,1081480.4133469774,2010160.216697688,1081,2010,1081_2010,82,82.0,0.6757108578284851,67.571,high,0.568894784019192,0.7435686897019718,0.7329187694467884,0.7172369512649702,14,4,0.45161290322580644,2025-03-11,74.357,0.9174242424242424,1.0,0.6329949636613739,0.0,7.0,11.0,0.0,0.0,14.7,14.7,11,0,0,0.6757108578284851,67.571,105,7.565762690125816e-05
1326190,128.42952293188992,38.08758890961806,1081513.3323739057,2010126.1387921285,1081,2010,1081_2010,82,82.0,0.6757108578284851,67.571,high,0.568894784019192,0.7435686897019718,0.7329187694467884,0.7172369512649702,14,4,0.45161290322580644,2025-03-11,74.357,0.9174242424242424,1.0,0.6329949636613739,0.0,7.0,11.0,0.0,0.0,14.7,14.7,11,0,0,0.6757108578284851,67.571,106,7.637817572888918e-05
1326191,128.42915055950445,38.08734005579058,1081480.9532022153,2010098.1998899742,1081,2010,1081_2010,82,82.0,0.6757108578284851,67.571,high,0.568894784019192,0.7435686897019718,0.7329187694467884,0.7172369512649702,14,4,0.45161290322580644,2025-03-11,74.357,0.9174242424242424,1.0,0.6329949636613739,0.0,7.0,11.0,0.0,0.0,14.7,14.7,11,0,0,0.6757108578284851,67.571,107,7.709872455652021e-05
1326192,128.4287284179133,38.08764374786302,1081443.5961598146,2010131.5264498233,1081,2010,1081_2010,82,82.0,0.6757108578284851,67.571,high,0.568894784019192,0.7435686897019718,0.7329187694467884,0.7172369512649702,14,4,0.45161290322580644,2025-03-11,74.357,0.9174242424242424,1.0,0.6329949636613739,0.0,7.0,11.0,0.0,0.0,14.7,14.7,11,0,0,0.6757108578284851,67.571,108,7.781927338415124e-05
1326193,128.42831916413053,38.08794776236718,1081407.3692632876,2010164.9002507578,1081,2010,1081_2010,82,82.0,0.6757108578284851,67.571,high,0.568894784019192,0.7435686897019718,0.7329187694467884,0.7172369512649702,14,4,0.45161290322580644,2025-03-11,74.357,0.9174242424242424,1.0,0.6329949636613739,0.0,7.0,11.0,0.0,0.0,14.7,14.7,11,0,0,0.6757108578284851,67.571,109,7.853982221178228e-05
1326194,128.4279081436386,38.08823778929308,1081371.003238213,2010196.7206383722,1081,2010,1081_2010,82,82.0,0.6757108578284851,67.571,high,0.568894784019192,0.7435686897019718,0.7329187694467884,0.7172369512649702,14,4,0.45161290322580644,2025-03-11,74.357,0.9174242424242424,1.0,0.6329949636613739,0.0,7.0,11.0,0.0,0.0,14.7,14.7,11,0,0,0.6757108578284851,67.571,110,7.92603710394133e-05
1326195,128.42741727339782,38.088472003790955,1081327.6969579568,2010222.2784624984,1081,2010,1081_2010,82,82.0,0.6757108578284851,67.571,high,0.568894784019192,0.7435686897019718,0.7329187694467884,0.7172369512649702,14,4,0.45161290322580644,2025-03-11,74.357,0.9174242424242424,1.0,0.6329949636613739,0.0,7.0,11.0,0.0,0.0,14.7,14.7,11,0,0,0.6757108578284851,67.571,111,7.998091986704433e-05
1326196,128.42697371827273,38.088779721374856,1081288.4588114838,2010256.0336284619,1081,2010,1081_2010,82,82.0,0.6757108578284851,67.571,high,0.568894784019192,0.7435686897019718,0.7329187694467884,0.7172369512649702,14,4,0.45161290322580644,2025-03-11,74.357,0.9174242424242424,1.0,0.6329949636613739,0.0,7.0,11.0,0.0,0.0,14.7,14.7,11,0,0,0.6757108578284851,67.571,112,8.070146869467535e-05
1326197,128.4266652436357,38.089137543604046,1081261.0112360546,2010295.4666423881,1081,2010,1081_2010,82,82.0,0.6757108578284851,67.571,high,0.568894784019192,0.7435686897019718,0.7329187694467884,0.7172369512649702,14,4,0.45161290322580644,2025-03-11,74.357,0.9174242424242424,1.0,0.6329949636613739,0.0,7.0,11.0,0.0,0.0,14.7,14.7,11,0,0,0.6757108578284851,67.571,113,8.14220175223064e-05
1326198,128.42651325422258,38.08956105821476,1081247.2139071391,2010342.3256867933,1081,2010,1081_2010,82,82.0,0.6757108578284851,67.571,high,0.568894784019192,0.7435686897019718,0.7329187694467884,0.7172369512649702,14,4,0.45161290322580644,2025-03-11,74.357,0.9174242424242424,1.0,0.6329949636613739,0.0,7.0,11.0,0.0,0.0,14.7,14.7,11,0,0,0.6757108578284851,67.571,114,8.214256634993742e-05
1326199,128.42631073349617,38.08999702002492,1081228.9717245137,2010390.5216628218,1081,2010,1081_2010,82,82.0,0.6757108578284851,67.571,high,0.568894784019192,0.7435686897019718,0.7329187694467884,0.7172369512649702,14,4,0.45161290322580644,2025-03-11,74.357,0.9174242424242424,1.0,0.6329949636613739,0.0,7.0,11.0,0.0,0.0,14.7,14.7,11,0,0,0.6757108578284851,67.571,115,8.286311517756845e-05
1326200,128.42609877416007,38.090401943341725,1081209.93639999,2010435.2654787705,1081,2010,1081_2010,82,82.0,0.6757108578284851,67.571,high,0.568894784019192,0.7435686897019718,0.7329187694467884,0.7172369512649702,14,4,0.45161290322580644,2025-03-11,74.357,0.9174242424242424,1.0,0.6329949636613739,0.0,7.0,11.0,0.0,0.0,14.7,14.7,11,0,0,0.6757108578284851,67.571,116,8.358366400519949e-05
1326201,128.42579236743572,38.0907739333118,1081182.655451495,2010476.2725740892,1081,2010,1081_2010,82,82.0,0.6757108578284851,67.571,high,0.568894784019192,0.7435686897019718,0.7329187694467884,0.7172369512649702,14,4,0.45161290322580644,2025-03-11,74.357,0.9174242424242424,1.0,0.6329949636613739,0.0,7.0,11.0,0.0,0.0,14.7,14.7,11,0,0,0.6757108578284851,67.571,117,8.430421283283051e-05
1326202,128.42523556583055,38.09081980134432,1081133.7778349717,2010480.8753590083,1081,2010,1081_2010,82,82.0,0.6757108578284851,67.571,high,0.568894784019192,0.7435686897019718,0.7329187694467884,0.7172369512649702,14,4,0.45161290322580644,2025-03-11,74.357,0.9174242424242424,1.0,0.6329949636613739,0.0,7.0,11.0,0.0,0.0,14.7,14.7,11,0,0,0.6757108578284851,67.571,118,8.502476166046154e-05
1326203,128.42466942919503,38.09071741981588,1081084.2454615287,2010469.0209169795,1081,2010,1081_2010,82,82.0,0.6757108578284851,67.571,high,0.568894784019192,0.7435686897019718,0.7329187694467884,0.7172369512649702,14,4,0.45161290322580644,2025-03-11,74.357,0.9174242424242424,1.0,0.6329949636613739,0.0,7.0,11.0,0.0,0.0,14.7,14.7,11,0,0,0.6757108578284851,67.571,119,8.574531048809257e-05
1326204,128.42512222627806,38.09070134247848,1081123.9698329049,2010467.632469261,1081,2010,1081_2010,82,82.0,0.6757108578284851,67.571,high,0.568894784019192,0.7435686897019718,0.7329187694467884,0.7172369512649702,14,4,0.45161290322580644,2025-03-11,74.357,0.9174242424242424,1.0,0.6329949636613739,0.0,7.0,11.0,0.0,0.0,14.7,14.7,11,0,0,0.6757108578284851,67.571,120,8.64658593157236e-05
1326205,128.425647082767,38.09062709417637,1081170.0775808524,2010459.8527042405,1081,2010,1081_2010,82,82.0,0.6757108578284851,67.571,high,0.568894784019192,0.7435686897019718,0.7329187694467884,0.7172369512649702,14,4,0.45161290322580644,2025-03-11,74.357,0.9174242424242424,1.0,0.6329949636613739,0.0,7.0,11.0,0.0,0.0,14.7,14.7,11,0,0,0.6757108578284851,67.571,121,8.718640814335463e-05
1326206,128.42582591205468,38.090213266769,1081186.2172267074,2010414.0918606366,1081,2010,1081_2010,82,82.0,0.6757108578284851,67.571,high,0.568894784019192,0.7435686897019718,0.7329187694467884,0.7172369512649702,14,4,0.45161290322580644,2025-03-11,74.357,0.9174242424242424,1.0,0.6329949636613739,0.0,7.0,11.0,0.0,0.0,14.7,14.7,11,0,0,0.6757108578284851,67.571,122,8.790695697098566e-05
1326207,128.42587015099653,38.089748835222274,1081190.6104026109,2010362.5984760548,1081,2010,1081_2010,82,82.0,0.6757108578284851,67.571,high,0.568894784019192,0.7435686897019718,0.7329187694467884,0.7172369512649702,14,4,0.45161290322580644,2025-03-11,74.357,0.9174242424242424,1.0,0.6329949636613739,0.0,7.0,11.0,0.0,0.0,14.7,14.7,11,0,0,0.6757108578284851,67.571,123,8.862750579861668e-05
1326208,128.42563269172723,38.08940748507038,1081170.164393182,2010324.515620469,1081,2010,1081_2010,82,82.0,0.6757108578284851,67.571,high,0.568894784019192,0.7435686897019718,0.7329187694467884,0.7172369512649702,14,4,0.45161290322580644,2025-03-11,74.357,0.9174242424242424,1.0,0.6329949636613739,0.0,7.0,11.0,0.0,0.0,14.7,14.7,11,0,0,0.6757108578284851,67.571,124,8.934805462624772e-05
1326209,128.42507511728027,38.089300445854974,1081121.387104084,2010312.1516494106,1081,2010,1081_2010,82,82.0,0.6757108578284851,67.571,high,0.568894784019192,0.7435686897019718,0.7329187694467884,0.7172369512649702,14,4,0.45161290322580644,2025-03-11,74.357,0.9174242424242424,1.0,0.6329949636613739,0.0,7.0,11.0,0.0,0.0,14.7,14.7,11,0,0,0.6757108578284851,67.571,125,9.006860345387875e-05
1326210,128.42450502252305,38.08922643164019,1081071.4752444834,2010303.4414065476,1081,2010,1081_2010,82,82.0,0.6757108578284851,67.571,high,0.568894784019192,0.7435686897019718,0.7329187694467884,0.7172369512649702,14,4,0.45161290322580644,2025-03-11,74.357,0.9174242424242424,1.0,0.6329949636613739,0.0,7.0,11.0,0.0,0.0,14.7,14.7,11,0,0,0.6757108578284851,67.571,126,9.078915228150978e-05
1326211,128.42394137837832,38.08918446547937,1081022.093586672,2010298.2930629998,1081,2010,1081_2010,82,82.0,0.6757108578284851,67.571,high,0.568894784019192,0.7435686897019718,0.7329187694467884,0.7172369512649702,14,4,0.45161290322580644,2025-03-11,74.357,0.9174242424242424,1.0,0.6329949636613739,0.0,7.0,11.0,0.0,0.0,14.7,14.7,11,0,0,0.6757108578284851,67.571,127,9.150970110914082e-05
1326269,128.4331743778025,38.0864464909174,1081834.8217417176,2010002.5902770108,1081,2010,1081_2010,82,82.0,0.6757108578284851,67.571,high,0.568894784019192,0.7435686897019718,0.7329187694467884,0.7172369512649702,14,4,0.45161290322580644,2025-03-11,74.357,0.9174242424242424,1.0,0.6329949636613739,0.0,7.0,11.0,0.0,0.0,14.7,14.7,11,0,0,0.6757108578284851,67.571,128,9.223024993677184e-05
1326270,128.43307908674086,38.08690435057378,1081825.9546115187,2010053.3091752476,1081,2010,1081_2010,82,82.0,0.6757108578284851,67.571,high,0.568894784019192,0.7435686897019718,0.7329187694467884,0.7172369512649702,14,4,0.45161290322580644,2025-03-11,74.357,0.9174242424242424,1.0,0.6329949636613739,0.0,7.0,11.0,0.0,0.0,14.7,14.7,11,0,0,0.6757108578284851,67.571,129,9.295079876440287e-05
1326271,128.43280300373587,38.08728572963616,1081801.3181037959,2010095.382750918,1081,2010,1081_2010,82,82.0,0.6757108578284851,67.571,high,0.568894784019192,0.7435686897019718,0.7329187694467884,0.7172369512649702,14,4,0.45161290322580644,2025-03-11,74.357,0.9174242424242424,1.0,0.6329949636613739,0.0,7.0,11.0,0.0,0.0,14.7,14.7,11,0,0,0.6757108578284851,67.571,130,9.36713475920339e-05
1326272,128.4325444354915,38.08768583297008,1081778.196949321,2010139.5494164892,1081,2010,1081_2010,82,82.0,0.6757108578284851,67.571,high,0.568894784019192,0.7435686897019718,0.7329187694467884,0.7172369512649702,14,4,0.45161290322580644,2025-03-11,74.357,0.9174242424242424,1.0,0.6329949636613739,0.0,7.0,11.0,0.0,0.0,14.7,14.7,11,0,0,0.6757108578284851,67.571,131,9.439189641966494e-05
1326273,128.43244254124625,38.08811113566457,1081768.7874941055,2010186.6501325595,1081,2010,1081_2010,82,82.0,0.6757108578284851,67.571,high,0.568894784019192,0.7435686897019718,0.7329187694467884,0.7172369512649702,14,4,0.45161290322580644,2025-03-11,74.357,0.9174242424242424,1.0,0.6329949636613739,0.0,7.0,11.0,0.0,0.0,14.7,14.7,11,0,0,0.6757108578284851,67.571,132,9.511244524729596e-05
1326274,128.43207550239134,38.08843253460568,1081736.2421270402,2010221.988590798,1081,2010,1081_2010,82,82.0,0.6757108578284851,67.571,high,0.568894784019192,0.7435686897019718,0.7329187694467884,0.7172369512649702,14,4,0.45161290322580644,2025-03-11,74.357,0.9174242424242424,1.0,0.6329949636613739,0.0,7.0,11.0,0.0,0.0,14.7,14.7,11,0,0,0.6757108578284851,67.571,133,9.583299407492699e-05
1326275,128.431612069548,38.088680009878495,1081695.3261252213,2010249.0400058355,1081,2010,1081_2010,82,82.0,0.6757108578284851,67.571,high,0.568894784019192,0.7435686897019718,0.7329187694467884,0.7172369512649702,14,4,0.45161290322580644,2025-03-11,74.357,0.9174242424242424,1.0,0.6329949636613739,0.0,7.0,11.0,0.0,0.0,14.7,14.7,11,0,0,0.6757108578284851,67.571,134,9.655354290255801e-05
1326276,128.43109270672687,38.088877058511365,1081649.5617694405,2010270.447244931,1081,2010,1081_2010,82,82.0,0.6757108578284851,67.571,high,0.568894784019192,0.7435686897019718,0.7329187694467884,0.7172369512649702,14,4,0.45161290322580644,2025-03-11,74.357,0.9174242424242424,1.0,0.6329949636613739,0.0,7.0,11.0,0.0,0.0,14.7,14.7,11,0,0,0.6757108578284851,67.571,135,9.727409173018905e-05
1326277,128.43059004971627,38.08906852028996,1081605.2688668102,2010291.2495152152,1081,2010,1081_2010,82,82.0,0.6757108578284851,67.571,high,0.568894784019192,0.7435686897019718,0.7329187694467884,0.7172369512649702,14,4,0.45161290322580644,2025-03-11,74.357,0.9174242424242424,1.0,0.6329949636613739,0.0,7.0,11.0,0.0,0.0,14.7,14.7,11,0,0,0.6757108578284851,67.571,136,9.799464055782008e-05
1326278,128.43007603070703,38.08925620647946,1081559.9840157866,2010311.623115669,1081,2010,1081_2010,82,82.0,0.6757108578284851,67.571,high,0.568894784019192,0.7435686897019718,0.7329187694467884,0.7172369512649702,14,4,0.45161290322580644,2025-03-11,74.357,0.9174242424242424,1.0,0.6329949636613739,0.0,7.0,11.0,0.0,0.0,14.7,14.7,11,0,0,0.6757108578284851,67.571,137,9.871518938545111e-05
1326279,128.42953667239013,38.08940081841728,1081512.5251437672,2010327.1953211946,1081,2010,1081_2010,82,82.0,0.6757108578284851,67.571,high,0.568894784019192,0.7435686897019718,0.7329187694467884,0.7172369512649702,14,4,0.45161290322580644,2025-03-11,74.357,0.9174242424242424,1.0,0.6329949636613739,0.0,7.0,11.0,0.0,0.0,14.7,14.7,11,0,0,0.6757108578284851,67.571,138,9.943573821308213e-05
1326280,128.42899721729216,38.08955187880519,1081465.0508150232,2010343.483218353,1081,2010,1081_2010,82,82.0,0.6757108578284851,67.571,high,0.568894784019192,0.7435686897019718,0.7329187694467884,0.7172369512649702,14,4,0.45161290322580644,2025-03-11,74.357,0.9174242424242424,1.0,0.6329949636613739,0.0,7.0,11.0,0.0,0.0,14.7,14.7,11,0,0,0.6757108578284851,67.571,139,0.00010015628704071317
1326281,128.42850184285578,38.089767292167714,1081421.3708606225,2010366.9504681295,1081,2010,1081_2010,82,82.0,0.6757108578284851,67.571,high,0.568894784019192,0.7435686897019718,0.7329187694467884,0.7172369512649702,14,4,0.45161290322580644,2025-03-11,74.357,0.9174242424242424,1.0,0.6329949636613739,0.0,7.0,11.0,0.0,0.0,14.7,14.7,11,0,0,0.6757108578284851,67.571,140,0.0001008768358683442
1326282,128.428079200581,38.090040006422726,1081384.005704754,2010396.8396373217,1081,2010,1081_2010,82,82.0,0.6757108578284851,67.571,high,0.568894784019192,0.7435686897019718,0.7329187694467884,0.7172369512649702,14,4,0.45161290322580644,2025-03-11,74.357,0.9174242424242424,1.0,0.6329949636613739,0.0,7.0,11.0,0.0,0.0,14.7,14.7,11,0,0,0.6757108578284851,67.571,141,0.00010159738469597523
1326283,128.42757347867732,38.08988686197314,1081339.827332493,2010379.4040751082,1081,2010,1081_2010,82,82.0,0.6757108578284851,67.571,high,0.568894784019192,0.7435686897019718,0.7329187694467884,0.7172369512649702,14,4,0.45161290322580644,2025-03-11,74.357,0.9174242424242424,1.0,0.6329949636613739,0.0,7.0,11.0,0.0,0.0,14.7,14.7,11,0,0,0.6757108578284851,67.571,142,0.00010231793352360627
1326284,128.42741009152812,38.08950574549466,1081325.921742105,2010336.973331993,1081,2010,1081_2010,82,82.0,0.6757108578284851,67.571,high,0.568894784019192,0.7435686897019718,0.7329187694467884,0.7172369512649702,14,4,0.45161290322580644,2025-03-11,74.357,0.9174242424242424,1.0,0.6329949636613739,0.0,7.0,11.0,0.0,0.0,14.7,14.7,11,0,0,0.6757108578284851,67.571,143,0.00010303848235123729
1326285,128.4276260059681,38.08907449120165,1081345.3339408778,2010289.3116307666,1081,2010,1081_2010,82,82.0,0.6757108578284851,67.571,high,0.568894784019192,0.7435686897019718,0.7329187694467884,0.7172369512649702,14,4,0.45161290322580644,2025-03-11,74.357,0.9174242424242424,1.0,0.6329949636613739,0.0,7.0,11.0,0.0,0.0,14.7,14.7,11,0,0,0.6757108578284851,67.571,144,0.00010375903117886832
1326286,128.42795841195343,38.08869083171695,1081374.9092376656,2010247.0330320972,1081,2010,1081_2010,82,82.0,0.6757108578284851,67.571,high,0.568894784019192,0.7435686897019718,0.7329187694467884,0.7172369512649702,14,4,0.45161290322580644,2025-03-11,74.357,0.9174242424242424,1.0,0.6329949636613739,0.0,7.0,11.0,0.0,0.0,14.7,14.7,11,0,0,0.6757108578284851,67.571,145,0.00010447958000649935
1326287,128.4283224438628,38.088322313756215,1081407.241469514,2010206.4623224512,1081,2010,1081_2010,82,82.0,0.6757108578284851,67.571,high,0.568894784019192,0.7435686897019718,0.7329187694467884,0.7172369512649702,14,4,0.45161290322580644,2025-03-11,74.357,0.9174242424242424,1.0,0.6329949636613739,0.0,7.0,11.0,0.0,0.0,14.7,14.7,11,0,0,0.6757108578284851,67.571,146,0.00010520012883413038
1326288,128.4287494332237,38.088036513897,1081445.00329876,2010175.1251223984,1081,2010,1081_2010,82,82.0,0.6757108578284851,67.571,high,0.568894784019192,0.7435686897019718,0.7329187694467884,0.7172369512649702,14,4,0.45161290322580644,2025-03-11,74.357,0.9174242424242424,1.0,0.6329949636613739,0.0,7.0,11.0,0.0,0.0,14.7,14.7,11,0,0,0.6757108578284851,67.571,147,0.00010592067766176141
1326289,128.42918061460617,38.087752194022734,1081483.1313967658,2010143.9559872374,1081,2010,1081_2010,82,82.0,0.6757108578284851,67.571,high,0.568894784019192,0.7435686897019718,0.7329187694467884,0.7172369512649702,14,4,0.45161290322580644,2025-03-11,74.357,0.9174242424242424,1.0,0.6329949636613739,0.0,7.0,11.0,0.0,0.0,14.7,14.7,11,0,0,0.6757108578284851,67.571,148,0.00010664122648939244
1326290,128.42920014614177,38.087458527379326,1081485.170228643,2010111.3886779402,1081,2010,1081_2010,82,82.0,0.6757108578284851,67.571,high,0.568894784019192,0.7435686897019718,0.7329187694467884,0.7172369512649702,14,4,0.45161290322580644,2025-03-11,74.357,0.9174242424242424,1.0,0.6329949636613739,0.0,7.0,11.0,0.0,0.0,14.7,14.7,11,0,0,0.6757108578284851,67.571,149,0.00010736177531702346
1326291,128.4287814073533,38.087750746529565,1081448.1243677116,2010143.4451986596,1081,2010,1081_2010,82,82.0,0.6757108578284851,67.571,high,0.568894784019192,0.7435686897019718,0.7329187694467884,0.7172369512649702,14,4,0.45161290322580644,2025-03-11,74.357,0.9174242424242424,1.0,0.6329949636613739,0.0,7.0,11.0,0.0,0.0,14.7,14.7,11,0,0,0.6757108578284851,67.571,150,0.0001080823241446545
1326292,128.42836291479844,38.08803052746188,1081411.1141872637,2010174.1219899605,1081,2010,1081_2010,82,82.0,0.6757108578284851,67.571,high,0.568894784019192,0.7435686897019718,0.7329187694467884,0.7172369512649702,14,4,0.45161290322580644,2025-03-11,74.357,0.9174242424242424,1.0,0.6329949636613739,0.0,7.0,11.0,0.0,0.0,14.7,14.7,11,0,0,0.6757108578284851,67.571,151,0.00010880287297228553
1326293,128.42796127348066,38.08833980544754,1081375.5493479662,2010208.0866240184,1081,2010,1081_2010,82,82.0,0.6757108578284851,67.571,high,0.568894784019192,0.7435686897019718,0.7329187694467884,0.7172369512649702,14,4,0.45161290322580644,2025-03-11,74.357,0.9174242424242424,1.0,0.6329949636613739,0.0,7.0,11.0,0.0,0.0,14.7,14.7,11,0,0,0.6757108578284851,67.571,152,0.00010952342179991656
1326294,128.42746299458906,38.08856494740753,1081331.6034677825,2010232.6312714792,1081,2010,1081_2010,82,82.0,0.6757108578284851,67.571,high,0.568894784019192,0.7435686897019718,0.7329187694467884,0.7172369512649702,14,4,0.45161290322580644,2025-03-11,74.357,0.9174242424242424,1.0,0.6329949636613739,0.0,7.0,11.0,0.0,0.0,14.7,14.7,11,0,0,0.6757108578284851,67.571,153,0.0001102439706275476
1326295,128.42704455864296,38.08885697137911,1081294.5855370834,2010264.6670864343,1081,2010,1081_2010,82,82.0,0.6757108578284851,67.571,high,0.568894784019192,0.7435686897019718,0.7329187694467884,0.7172369512649702,14,4,0.45161290322580644,2025-03-11,74.357,0.9174242424242424,1.0,0.6329949636613739,0.0,7.0,11.0,0.0,0.0,14.7,14.7,11,0,0,0.6757108578284851,67.571,154,0.00011096451945517862
1326296,128.4267272553326,38.08923583874112,1081266.3404392772,2010306.4274650153,1081,2010,1081_2010,82,82.0,0.6757108578284851,67.571,high,0.568894784019192,0.7435686897019718,0.7329187694467884,0.7172369512649702,14,4,0.45161290322580644,2025-03-11,74.357,0.9174242424242424,1.0,0.6329949636613739,0.0,7.0,11.0,0.0,0.0,14.7,14.7,11,0,0,0.6757108578284851,67.571,155,0.00011168506828280965
1326297,128.42658437932064,38.089660415428206,1081253.3411023284,2010353.4123200788,1081,2010,1081_2010,82,82.0,0.6757108578284851,67.571,high,0.568894784019192,0.7435686897019718,0.7329187694467884,0.7172369512649702,14,4,0.45161290322580644,2025-03-11,74.357,0.9174242424242424,1.0,0.6329949636613739,0.0,7.0,11.0,0.0,0.0,14.7,14.7,11,0,0,0.6757108578284851,67.571,156,0.00011240561711044068
1326298,128.42638043669507,38.090078956205126,1081234.9934974096,2010399.6740490522,1081,2010,1081_2010,82,82.0,0.6757108578284851,67.571,high,0.568894784019192,0.7435686897019718,0.7329187694467884,0.7172369512649702,14,4,0.45161290322580644,2025-03-11,74.357,0.9174242424242424,1.0,0.6329949636613739,0.0,7.0,11.0,0.0,0.0,14.7,14.7,11,0,0,0.6757108578284851,67.571,157,0.00011312616593807172
1326299,128.426151222053,38.09050997240388,1081214.4161317258,2010447.297956722,1081,2010,1081_2010,82,82.0,0.6757108578284851,67.571,high,0.568894784019192,0.7435686897019718,0.7329187694467884,0.7172369512649702,14,4,0.45161290322580644,2025-03-11,74.357,0.9174242424242424,1.0,0.6329949636613739,0.0,7.0,11.0,0.0,0.0,14.7,14.7,11,0,0,0.6757108578284851,67.571,158,0.00011384671476570274
1326300,128.42584088124275,38.0908811993867,1081186.7910559871,2010488.2169391438,1081,2010,1081_2010,82,82.0,0.6757108578284851,67.571,high,0.568894784019192,0.7435686897019718,0.7329187694467884,0.7172369512649702,14,4,0.45161290322580644,2025-03-11,74.357,0.9174242424242424,1.0,0.6329949636613739,0.0,7.0,11.0,0.0,0.0,14.7,14.7,11,0,0,0.6757108578284851,67.571,159,0.00011456726359333377
1326301,128.42528475025628,38.09094444868485,1081137.9531000447,2010494.7488622898,1081,2010,1081_2010,82,82.0,0.6757108578284851,67.571,high,0.568894784019192,0.7435686897019718,0.7329187694467884,0.7172369512649702,14,4,0.45161290322580644,2025-03-11,74.357,0.9174242424242424,1.0,0.6329949636613739,0.0,7.0,11.0,0.0,0.0,14.7,14.7,11,0,0,0.6757108578284851,67.571,160,0.0001152878124209648
1326302,128.4247136727325,38.09088689721856,1081087.9380121771,2010487.8643008769,1081,2010,1081_2010,82,82.0,0.6757108578284851,67.571,high,0.568894784019192,0.7435686897019718,0.7329187694467884,0.7172369512649702,14,4,0.45161290322580644,2025-03-11,74.357,0.9174242424242424,1.0,0.6329949636613739,0.0,7.0,11.0,0.0,0.0,14.7,14.7,11,0,0,0.6757108578284851,67.571,161,0.00011600836124859583
1326303,128.42447160817787,38.09060013011275,1081067.027728907,2010455.8340644955,1081,2010,1081_2010,82,82.0,0.6757108578284851,67.571,high,0.568894784019192,0.7435686897019718,0.7329187694467884,0.7172369512649702,14,4,0.45161290322580644,2025-03-11,74.357,0.9174242424242424,1.0,0.6329949636613739,0.0,7.0,11.0,0.0,0.0,14.7,14.7,11,0,0,0.6757108578284851,67.571,162,0.00011672891007622686
1326304,128.42501236420773,38.09058880467457,1081114.4602018618,2010455.049614479,1081,2010,1081_2010,82,82.0,0.6757108578284851,67.571,high,0.568894784019192,0.7435686897019718,0.7329187694467884,0.7172369512649702,14,4,0.45161290322580644,2025-03-11,74.357,0.9174242424242424,1.0,0.6329949636613739,0.0,7.0,11.0,0.0,0.0,14.7,14.7,11,0,0,0.6757108578284851,67.571,163,0.00011744945890385789
1326305,128.42553251759685,38.09055553936357,1081160.1102660128,2010451.8130459394,1081,2010,1081_2010,82,82.0,0.6757108578284851,67.571,high,0.568894784019192,0.7435686897019718,0.7329187694467884,0.7172369512649702,14,4,0.45161290322580644,2025-03-11,74.357,0.9174242424242424,1.0,0.6329949636613739,0.0,7.0,11.0,0.0,0.0,14.7,14.7,11,0,0,0.6757108578284851,67.571,164,0.00011817000773148893
1326306,128.42572491524285,38.090131598913246,1081177.450898459,2010404.9419284505,1081,2010,1081_2010,82,82.0,0.6757108578284851,67.571,high,0.568894784019192,0.7435686897019718,0.7329187694467884,0.7172369512649702,14,4,0.45161290322580644,2025-03-11,74.357,0.9174242424242424,1.0,0.6329949636613739,0.0,7.0,11.0,0.0,0.0,14.7,14.7,11,0,0,0.6757108578284851,67.571,165,0.00011889055655911995
1326307,128.42575235011552,38.08967611426952,1081180.3605252886,2010354.4265752055,1081,2010,1081_2010,82,82.0,0.6757108578284851,67.571,high,0.568894784019192,0.7435686897019718,0.7329187694467884,0.7172369512649702,14,4,0.45161290322580644,2025-03-11,74.357,0.9174242424242424,1.0,0.6329949636613739,0.0,7.0,11.0,0.0,0.0,14.7,14.7,11,0,0,0.6757108578284851,67.571,166,0.00011961110538675098
1326308,128.4253291563921,38.089435361317456,1081143.515532362,2010327.343435464,1081,2010,1081_2010,82,82.0,0.6757108578284851,67.571,high,0.568894784019192,0.7435686897019718,0.7329187694467884,0.7172369512649702,14,4,0.45161290322580644,2025-03-11,74.357,0.9174242424242424,1.0,0.6329949636613739,0.0,7.0,11.0,0.0,0.0,14.7,14.7,11,0,0,0.6757108578284851,67.571,167,0.000120331654214382
1326309,128.4247733367359,38.089358818465136,1081094.858413087,2010318.3649494755,1081,2010,1081_2010,82,82.0,0.6757108578284851,67.571,high,0.568894784019192,0.7435686897019718,0.7329187694467884,0.7172369512649702,14,4,0.45161290322580644,2025-03-11,74.357,0.9174242424242424,1.0,0.6329949636613739,0.0,7.0,11.0,0.0,0.0,14.7,14.7,11,0,0,0.6757108578284851,67.571,168,0.00012105220304201305
664387,128.95246248436888,37.204331746358754,1128891.5084487395,1912712.8895777594,1128,1912,1128_1912,405,405.0,0.6734370293190757,67.344,high,0.554036923169265,0.7518630733713044,0.7450511188168898,0.6664928258518145,12,3,0.3870967741935484,2025-03-25,75.186,0.7799242424242425,1.0,0.9356510925343527,0.018421052631578946,18.9,26.0,0.0,0.0,12.9,12.9,7,0,0,0.6734370293190757,67.344,169,0.00012177275186964407
664390,128.95334528751587,37.20373135432892,1128970.8748243034,1912647.4795354547,1128,1912,1128_1912,405,405.0,0.6734370293190757,67.344,high,0.554036923169265,0.7518630733713044,0.7450511188168898,0.6664928258518145,12,3,0.3870967741935484,2025-03-25,75.186,0.7799242424242425,1.0,0.9356510925343527,0.018421052631578946,18.9,26.0,0.0,0.0,12.9,12.9,7,0,0,0.6734370293190757,67.344,170,0.0001224933006972751
664402,128.9535058001428,37.20337138327671,1128985.7323917241,1912607.7604522584,1128,1912,1128_1912,405,405.0,0.6734370293190757,67.344,high,0.554036923169265,0.7518630733713044,0.7450511188168898,0.6664928258518145,12,3,0.3870967741935484,2025-03-25,75.186,0.7799242424242425,1.0,0.9356510925343527,0.018421052631578946,18.9,26.0,0.0,0.0,12.9,12.9,7,0,0,0.6734370293190757,67.344,171,0.00012321384952490612
664410,128.94275355474522,37.2040254826716,1128030.4060034773,1912665.7448322068,1128,1912,1128_1912,405,405.0,0.6734370293190757,67.344,high,0.554036923169265,0.7518630733713044,0.7450511188168898,0.6664928258518145,12,3,0.3870967741935484,2025-03-25,75.186,0.7799242424242425,1.0,0.9356510925343527,0.018421052631578946,18.9,26.0,0.0,0.0,12.9,12.9,7,0,0,0.6734370293190757,67.344,172,0.00012393439835253715
664411,128.94327423933044,37.203885217369866,1128076.8514469045,1912650.886701577,1128,1912,1128_1912,405,405.0,0.6734370293190757,67.344,high,0.554036923169265,0.7518630733713044,0.7450511188168898,0.6664928258518145,12,3,0.3870967741935484,2025-03-25,75.186,0.7799242424242425,1.0,0.9356510925343527,0.018421052631578946,18.9,26.0,0.0,0.0,12.9,12.9,7,0,0,0.6734370293190757,67.344,173,0.0001246549471801682
664412,128.94383176384994,37.203833927025926,1128126.41600735,1912645.9501210107,1128,1912,1128_1912,405,405.0,0.6734370293190757,67.344,high,0.554036923169265,0.7518630733713044,0.7450511188168898,0.6664928258518145,12,3,0.3870967741935484,2025-03-25,75.186,0.7799242424242425,1.0,0.9356510925343527,0.018421052631578946,18.9,26.0,0.0,0.0,12.9,12.9,7,0,0,0.6734370293190757,67.344,174,0.00012537549600779923
664413,128.94439034794593,37.20387928825012,1128175.9111837477,1912651.7384315175,1128,1912,1128_1912,405,405.0,0.6734370293190757,67.344,high,0.554036923169265,0.7518630733713044,0.7450511188168898,0.6664928258518145,12,3,0.3870967741935484,2025-03-25,75.186,0.7799242424242425,1.0,0.9356510925343527,0.018421052631578946,18.9,26.0,0.0,0.0,12.9,12.9,7,0,0,0.6734370293190757,67.344,175,0.00012609604483543026
664414,128.94492544049606,37.20400848225569,1128223.179676893,1912666.796204608,1128,1912,1128_1912,405,405.0,0.6734370293190757,67.344,high,0.554036923169265,0.7518630733713044,0.7450511188168898,0.6664928258518145,12,3,0.3870967741935484,2025-03-25,75.186,0.7799242424242425,1.0,0.9356510925343527,0.018421052631578946,18.9,26.0,0.0,0.0,12.9,12.9,7,0,0,0.6734370293190757,67.344,176,0.00012681659366306128
664415,128.94546714987607,37.20414749805422,1128271.018596797,1912682.9529027818,1128,1912,1128_1912,405,405.0,0.6734370293190757,67.344,high,0.554036923169265,0.7518630733713044,0.7450511188168898,0.6664928258518145,12,3,0.3870967741935484,2025-03-25,75.186,0.7799242424242425,1.0,0.9356510925343527,0.018421052631578946,18.9,26.0,0.0,0.0,12.9,12.9,7,0,0,0.6734370293190757,67.344,177,0.0001275371424906923
664416,128.94602406329193,37.20428552242301,1128320.2083056967,1912699.0204773047,1128,1912,1128_1912,405,405.0,0.6734370293190757,67.344,high,0.554036923169265,0.7518630733713044,0.7450511188168898,0.6664928258518145,12,3,0.3870967741935484,2025-03-25,75.186,0.7799242424242425,1.0,0.9356510925343527,0.018421052631578946,18.9,26.0,0.0,0.0,12.9,12.9,7,0,0,0.6734370293190757,67.344,178,0.00012825769131832334
664417,128.94656358975848,37.204399335988604,1128367.895847559,1912712.3786759197,1128,1912,1128_1912,405,405.0,0.6734370293190757,67.344,high,0.554036923169265,0.7518630733713044,0.7450511188168898,0.6664928258518145,12,3,0.3870967741935484,2025-03-25,75.186,0.7799242424242425,1.0,0.9356510925343527,0.018421052631578946,18.9,26.0,0.0,0.0,12.9,12.9,7,0,0,0.6734370293190757,67.344,179,0.00012897824014595436
664418,128.94712206096878,37.20442153173274,1128417.4197651388,1912715.5981367002,1128,1912,1128_1912,405,405.0,0.6734370293190757,67.344,high,0.554036923169265,0.7518630733713044,0.7450511188168898,0.6664928258518145,12,3,0.3870967741935484,2025-03-25,75.186,0.7799242424242425,1.0,0.9356510925343527,0.018421052631578946,18.9,26.0,0.0,0.0,12.9,12.9,7,0,0,0.6734370293190757,67.344,180,0.0001296987889735854
664419,128.94761453269243,37.20425318603491,1128461.4095612357,1912697.588446043,1128,1912,1128_1912,405,405.0,0.6734370293190757,67.344,high,0.554036923169265,0.7518630733713044,0.7450511188168898,0.6664928258518145,12,3,0.3870967741935484,2025-03-25,75.186,0.7799242424242425,1.0,0.9356510925343527,0.018421052631578946,18.9,26.0,0.0,0.0,12.9,12.9,7,0,0,0.6734370293190757,67.344,181,0.00013041933780121644
664420,128.94793242767494,37.203878583611456,1128490.256414507,1912656.4586778507,1128,1912,1128_1912,405,405.0,0.6734370293190757,67.344,high,0.554036923169265,0.7518630733713044,0.7450511188168898,0.6664928258518145,12,3,0.3870967741935484,2025-03-25,75.186,0.7799242424242425,1.0,0.9356510925343527,0.018421052631578946,18.9,26.0,0.0,0.0,12.9,12.9,7,0,0,0.6734370293190757,67.344,182,0.00013113988662884747
664438,128.94285283624,37.20269387785076,1128041.4667795717,1912518.141972211,1128,1912,1128_1912,405,405.0,0.6734370293190757,67.344,high,0.554036923169265,0.7518630733713044,0.7450511188168898,0.6664928258518145,12,3,0.3870967741935484,2025-03-25,75.186,0.7799242424242425,1.0,0.9356510925343527,0.018421052631578946,18.9,26.0,0.0,0.0,12.9,12.9,7,0,0,0.6734370293190757,67.344,183,0.0001318604354564785
664439,128.9434322157166,37.20275439634607,1128092.7826553914,1912525.6395256952,1128,1912,1128_1912,405,405.0,0.6734370293190757,67.344,high,0.554036923169265,0.7518630733713044,0.7450511188168898,0.6664928258518145,12,3,0.3870967741935484,2025-03-25,75.186,0.7799242424242425,1.0,0.9356510925343527,0.018421052631578946,18.9,26.0,0.0,0.0,12.9,12.9,7,0,0,0.6734370293190757,67.344,184,0.00013258098428410952
664440,128.94396837888823,37.20282279126936,1128140.2498232308,1912533.9528016706,1128,1912,1128_1912,405,405.0,0.6734370293190757,67.344,high,0.554036923169265,0.7518630733713044,0.7450511188168898,0.6664928258518145,12,3,0.3870967741935484,2025-03-25,75.186,0.7799242424242425,1.0,0.9356510925343527,0.018421052631578946,18.9,26.0,0.0,0.0,12.9,12.9,7,0,0,0.6734370293190757,67.344,185,0.00013330153311174055
664441,128.94453727009787,37.20289892734018,1128190.6083198215,1912543.1694879744,1128,1912,1128_1912,405,405.0,0.6734370293190757,67.344,high,0.554036923169265,0.7518630733713044,0.7450511188168898,0.6664928258518145,12,3,0.3870967741935484,2025-03-25,75.186,0.7799242424242425,1.0,0.9356510925343527,0.018421052631578946,18.9,26.0,0.0,0.0,12.9,12.9,7,0,0,0.6734370293190757,67.344,186,0.00013402208193937157
664442,128.94376212029943,37.20290048272676,1128121.8136723042,1912542.29343604,1128,1912,1128_1912,405,405.0,0.6734370293190757,67.344,high,0.554036923169265,0.7518630733713044,0.7450511188168898,0.6664928258518145,12,3,0.3870967741935484,2025-03-25,75.186,0.7799242424242425,1.0,0.9356510925343527,0.018421052631578946,18.9,26.0,0.0,0.0,12.9,12.9,7,0,0,0.6734370293190757,67.344,187,0.0001347426307670026
664443,128.94433591960012,37.20297079622279,1128172.6175590558,1912550.8706583017,1128,1912,1128_1912,405,405.0,0.6734370293190757,67.344,high,0.554036923169265,0.7518630733713044,0.7450511188168898,0.6664928258518145,12,3,0.3870967741935484,2025-03-25,75.186,0.7799242424242425,1.0,0.9356510925343527,0.018421052631578946,18.9,26.0,0.0,0.0,12.9,12.9,7,0,0,0.6734370293190757,67.344,188,0.00013546317959463365
664444,128.94775360219566,37.20654493926441,1128469.865613871,1912952.0395288288,1128,1912,1128_1912,405,405.0,0.6734370293190757,67.344,high,0.554036923169265,0.7518630733713044,0.7450511188168898,0.6664928258518145,12,3,0.3870967741935484,2025-03-25,75.186,0.7799242424242425,1.0,0.9356510925343527,0.018421052631578946,18.9,26.0,0.0,0.0,12.9,12.9,7,0,0,0.6734370293190757,67.344,189,0.00013618372842226468
664445,128.9482962550518,37.206405631842415,1128518.2582817283,1912937.3199186702,1128,1912,1128_1912,405,405.0,0.6734370293190757,67.344,high,0.554036923169265,0.7518630733713044,0.7450511188168898,0.6664928258518145,12,3,0.3870967741935484,2025-03-25,75.186,0.7799242424242425,1.0,0.9356510925343527,0.018421052631578946,18.9,26.0,0.0,0.0,12.9,12.9,7,0,0,0.6734370293190757,67.344,190,0.0001369042772498957
664446,128.94883047985107,37.20622087629001,1128565.9803161405,1912917.5468220725,1128,1912,1128_1912,405,405.0,0.6734370293190757,67.344,high,0.554036923169265,0.7518630733713044,0.7450511188168898,0.6664928258518145,12,3,0.3870967741935484,2025-03-25,75.186,0.7799242424242425,1.0,0.9356510925343527,0.018421052631578946,18.9,26.0,0.0,0.0,12.9,12.9,7,0,0,0.6734370293190757,67.344,191,0.00013762482607752673
664447,128.94931899464297,37.205989187512415,1128609.7257980532,1912892.5048419142,1128,1912,1128_1912,405,405.0,0.6734370293190757,67.344,high,0.554036923169265,0.7518630733713044,0.7450511188168898,0.6664928258518145,12,3,0.3870967741935484,2025-03-25,75.186,0.7799242424242425,1.0,0.9356510925343527,0.018421052631578946,18.9,26.0,0.0,0.0,12.9,12.9,7,0,0,0.6734370293190757,67.344,192,0.00013834537490515776
664448,128.94978422181188,37.20575912026207,1128651.4021684446,1912867.611359108,1128,1912,1128_1912,405,405.0,0.6734370293190757,67.344,high,0.554036923169265,0.7518630733713044,0.7450511188168898,0.6664928258518145,12,3,0.3870967741935484,2025-03-25,75.186,0.7799242424242425,1.0,0.9356510925343527,0.018421052631578946,18.9,26.0,0.0,0.0,12.9,12.9,7,0,0,0.6734370293190757,67.344,193,0.00013906592373278878
664449,128.9502488193956,37.20552624506754,1128693.027687306,1912842.4056896653,1128,1912,1128_1912,405,405.0,0.6734370293190757,67.344,high,0.554036923169265,0.7518630733713044,0.7450511188168898,0.6664928258518145,12,3,0.3870967741935484,2025-03-25,75.186,0.7799242424242425,1.0,0.9356510925343527,0.018421052631578946,18.9,26.0,0.0,0.0,12.9,12.9,7,0,0,0.6734370293190757,67.344,194,0.0001397864725604198
664450,128.95073037082136,37.20528593754637,1128736.1706392304,1912816.3986681425,1128,1912,1128_1912,405,405.0,0.6734370293190757,67.344,high,0.554036923169265,0.7518630733713044,0.7450511188168898,0.6664928258518145,12,3,0.3870967741935484,2025-03-25,75.186,0.7799242424242425,1.0,0.9356510925343527,0.018421052631578946,18.9,26.0,0.0,0.0,12.9,12.9,7,0,0,0.6734370293190757,67.344,195,0.00014050702138805084
664451,128.94847275333007,37.20603063048373,1128534.5573589234,1912895.9542159794,1128,1912,1128_1912,405,405.0,0.6734370293190757,67.344,high,0.554036923169265,0.7518630733713044,0.7450511188168898,0.6664928258518145,12,3,0.3870967741935484,2025-03-25,75.186,0.7799242424242425,1.0,0.9356510925343527,0.018421052631578946,18.9,26.0,0.0,0.0,12.9,12.9,7,0,0,0.6734370293190757,67.344,196,0.0001412275702156819
664452,128.9480111056075,37.20629391033616,1128493.1428208414,1912924.537951105,1128,1912,1128_1912,405,405.0,0.6734370293190757,67.344,high,0.554036923169265,0.7518630733713044,0.7450511188168898,0.6664928258518145,12,3,0.3870967741935484,2025-03-25,75.186,0.7799242424242425,1.0,0.9356510925343527,0.018421052631578946,18.9,26.0,0.0,0.0,12.9,12.9,7,0,0,0.6734370293190757,67.344,197,0.00014194811904331292
664453,128.9474543760124,37.206392410395615,1128443.570100571,1912934.7111757472,1128,1912,1128_1912,405,405.0,0.6734370293190757,67.344,high,0.554036923169265,0.7518630733713044,0.7450511188168898,0.6664928258518145,12,3,0.3870967741935484,2025-03-25,75.186,0.7799242424242425,1.0,0.9356510925343527,0.018421052631578946,18.9,26.0,0.0,0.0,12.9,12.9,7,0,0,0.6734370293190757,67.344,198,0.00014266866787094394
664454,128.9468848070196,37.206428063428056,1128392.9646072825,1912937.8946154811,1128,1912,1128_1912,405,405.0,0.6734370293190757,67.344,high,0.554036923169265,0.7518630733713044,0.7450511188168898,0.6664928258518145,12,3,0.3870967741935484,2025-03-25,75.186,0.7799242424242425,1.0,0.9356510925343527,0.018421052631578946,18.9,26.0,0.0,0.0,12.9,12.9,7,0,0,0.6734370293190757,67.344,199,0.00014338921669857497
664455,128.94630902496962,37.206413237422886,1128341.8933066812,1912935.4694576708,1128,1912,1128_1912,405,405.0,0.6734370293190757,67.344,high,0.554036923169265,0.7518630733713044,0.7450511188168898,0.6664928258518145,12,3,0.3870967741935484,2025-03-25,75.186,0.7799242424242425,1.0,0.9356510925343527,0.018421052631578946,18.9,26.0,0.0,0.0,12.9,12.9,7,0,0,0.6734370293190757,67.344,200,0.000144109765526206
664456,128.9457654860013,37.20633622870049,1128293.7886153776,1912926.1893113896,1128,1912,1128_1912,405,405.0,0.6734370293190757,67.344,high,0.554036923169265,0.7518630733713044,0.7450511188168898,0.6664928258518145,12,3,0.3870967741935484,2025-03-25,75.186,0.7799242424242425,1.0,0.9356510925343527,0.018421052631578946,18.9,26.0,0.0,0.0,12.9,12.9,7,0,0,0.6734370293190757,67.344,201,0.00014483031435383702
664457,128.9474541234688,37.20665277139416,1128443.1063236597,1912963.597034357,1128,1912,1128_1912,405,405.0,0.6734370293190757,67.344,high,0.554036923169265,0.7518630733713044,0.7450511188168898,0.6664928258518145,12,3,0.3870967741935484,2025-03-25,75.186,0.7799242424242425,1.0,0.9356510925343527,0.018421052631578946,18.9,26.0,0.0,0.0,12.9,12.9,7,0,0,0.6734370293190757,67.344,202,0.00014555086318146805
664465,128.947970124286,37.20338627937359,1128494.4366230147,1912601.8902853292,1128,1912,1128_1912,405,405.0,0.6734370293190757,67.344,high,0.554036923169265,0.7518630733713044,0.7450511188168898,0.6664928258518145,12,3,0.3870967741935484,2025-03-25,75.186,0.7799242424242425,1.0,0.9356510925343527,0.018421052631578946,18.9,26.0,0.0,0.0,12.9,12.9,7,0,0,0.6734370293190757,67.344,203,0.0001462714120090991
664466,128.94769909704385,37.20301404721061,1128471.015051457,1912560.2247836357,1128,1912,1128_1912,405,405.0,0.6734370293190757,67.344,high,0.554036923169265,0.7518630733713044,0.7450511188168898,0.6664928258518145,12,3,0.3870967741935484,2025-03-25,75.186,0.7799242424242425,1.0,0.9356510925343527,0.018421052631578946,18.9,26.0,0.0,0.0,12.9,12.9,7,0,0,0.6734370293190757,67.344,204,0.00014699196083673013
664467,128.94721541341528,37.20278388122349,1128428.4798360688,1912534.032811902,1128,1912,1128_1912,405,405.0,0.6734370293190757,67.344,high,0.554036923169265,0.7518630733713044,0.7450511188168898,0.6664928258518145,12,3,0.3870967741935484,2025-03-25,75.186,0.7799242424242425,1.0,0.9356510925343527,0.018421052631578946,18.9,26.0,0.0,0.0,12.9,12.9,7,0,0,0.6734370293190757,67.344,205,0.00014771250966436115
664468,128.94667437800751,37.20276810007415,1128380.491353895,1912531.548620926,1128,1912,1128_1912,405,405.0,0.6734370293190757,67.344,high,0.554036923169265,0.7518630733713044,0.7450511188168898,0.6664928258518145,12,3,0.3870967741935484,2025-03-25,75.186,0.7799242424242425,1.0,0.9356510925343527,0.018421052631578946,18.9,26.0,0.0,0.0,12.9,12.9,7,0,0,0.6734370293190757,67.344,206,0.00014843305849199218
664469,128.94615741061003,37.20289956168309,1128334.3894551918,1912545.4333987806,1128,1912,1128_1912,405,405.0,0.6734370293190757,67.344,high,0.554036923169265,0.7518630733713044,0.7450511188168898,0.6664928258518145,12,3,0.3870967741935484,2025-03-25,75.186,0.7799242424242425,1.0,0.9356510925343527,0.018421052631578946,18.9,26.0,0.0,0.0,12.9,12.9,7,0,0,0.6734370293190757,67.344,207,0.0001491536073196232
664470,128.9456245093156,37.20297506249759,1128286.9683760891,1912553.0881859574,1128,1912,1128_1912,405,405.0,0.6734370293190757,67.344,high,0.554036923169265,0.7518630733713044,0.7450511188168898,0.6664928258518145,12,3,0.3870967741935484,2025-03-25,75.186,0.7799242424242425,1.0,0.9356510925343527,0.018421052631578946,18.9,26.0,0.0,0.0,12.9,12.9,7,0,0,0.6734370293190757,67.344,208,0.00014987415614725423
664471,128.94505210272632,37.20296649931954,1128236.1836921412,1912551.3631445596,1128,1912,1128_1912,405,405.0,0.6734370293190757,67.344,high,0.554036923169265,0.7518630733713044,0.7450511188168898,0.6664928258518145,12,3,0.3870967741935484,2025-03-25,75.186,0.7799242424242425,1.0,0.9356510925343527,0.018421052631578946,18.9,26.0,0.0,0.0,12.9,12.9,7,0,0,0.6734370293190757,67.344,209,0.00015059470497488526
664472,128.94547101084126,37.206362046029206,1128267.6123808695,1912928.6548762626,1128,1912,1128_1912,405,405.0,0.6734370293190757,67.344,high,0.554036923169265,0.7518630733713044,0.7450511188168898,0.6664928258518145,12,3,0.3870967741935484,2025-03-25,75.186,0.7799242424242425,1.0,0.9356510925343527,0.018421052631578946,18.9,26.0,0.0,0.0,12.9,12.9,7,0,0,0.6734370293190757,67.344,210,0.0001513152538025163
664473,128.94491461394927,37.20636763503425,1128218.2267643919,1912928.521698832,1128,1912,1128_1912,405,405.0,0.6734370293190757,67.344,high,0.554036923169265,0.7518630733713044,0.7450511188168898,0.6664928258518145,12,3,0.3870967741935484,2025-03-25,75.186,0.7799242424242425,1.0,0.9356510925343527,0.018421052631578946,18.9,26.0,0.0,0.0,12.9,12.9,7,0,0,0.6734370293190757,67.344,211,0.00015203580263014734
664474,128.94435622791036,37.20634724942504,1128168.7085741293,1912925.5043227798,1128,1912,1128_1912,405,405.0,0.6734370293190757,67.344,high,0.554036923169265,0.7518630733713044,0.7450511188168898,0.6664928258518145,12,3,0.3870967741935484,2025-03-25,75.186,0.7799242424242425,1.0,0.9356510925343527,0.018421052631578946,18.9,26.0,0.0,0.0,12.9,12.9,7,0,0,0.6734370293190757,67.344,212,0.00015275635145777837
664475,128.94378331103607,37.20632759161583,1128117.8996239894,1912922.5483333098,1128,1912,1128_1912,405,405.0,0.6734370293190757,67.344,high,0.554036923169265,0.7518630733713044,0.7450511188168898,0.6664928258518145,12,3,0.3870967741935484,2025-03-25,75.186,0.7799242424242425,1.0,0.9356510925343527,0.018421052631578946,18.9,26.0,0.0,0.0,12.9,12.9,7,0,0,0.6734370293190757,67.344,213,0.0001534769002854094
664476,128.94321123884873,37.20629919054013,1128067.1803888336,1912918.6237574995,1128,1912,1128_1912,405,405.0,0.6734370293190757,67.344,high,0.554036923169265,0.7518630733713044,0.7450511188168898,0.6664928258518145,12,3,0.3870967741935484,2025-03-25,75.186,0.7799242424242425,1.0,0.9356510925343527,0.018421052631578946,18.9,26.0,0.0,0.0,12.9,12.9,7,0,0,0.6734370293190757,67.344,214,0.00015419744911304042
664477,128.94263479984875,37.20628168332075,1128016.0551902647,1912915.9022244746,1128,1912,1128_1912,405,405.0,0.6734370293190757,67.344,high,0.554036923169265,0.7518630733713044,0.7450511188168898,0.6664928258518145,12,3,0.3870967741935484,2025-03-25,75.186,0.7799242424242425,1.0,0.9356510925343527,0.018421052631578946,18.9,26.0,0.0,0.0,12.9,12.9,7,0,0,0.6734370293190757,67.344,215,0.00015491799794067145
664486,128.9510386862723,37.205127869036126,1128763.8004045894,1912799.2805230469,1128,1912,1128_1912,405,405.0,0.6734370293190757,67.344,high,0.554036923169265,0.7518630733713044,0.7450511188168898,0.6664928258518145,12,3,0.3870967741935484,2025-03-25,75.186,0.7799242424242425,1.0,0.9356510925343527,0.018421052631578946,18.9,26.0,0.0,0.0,12.9,12.9,7,0,0,0.6734370293190757,67.344,216,0.00015563854676830247
664487,128.9513795756835,37.204955519651755,1128794.345314272,1912780.6223365245,1128,1912,1128_1912,405,405.0,0.6734370293190757,67.344,high,0.554036923169265,0.7518630733713044,0.7450511188168898,0.6664928258518145,12,3,0.3870967741935484,2025-03-25,75.186,0.7799242424242425,1.0,0.9356510925343527,0.018421052631578946,18.9,26.0,0.0,0.0,12.9,12.9,7,0,0,0.6734370293190757,67.344,217,0.0001563590955959335
664887,128.94271389502012,37.202785588755965,1128028.9812219988,1912528.129204938,1128,1912,1128_1912,405,405.0,0.6734370293190757,67.344,high,0.554036923169265,0.7518630733713044,0.7450511188168898,0.6664928258518145,12,3,0.3870967741935484,2025-03-25,75.186,0.7799242424242425,1.0,0.9356510925343527,0.018421052631578946,18.9,26.0,0.0,0.0,12.9,12.9,7,0,0,0.6734370293190757,67.344,218,0.00015707964442356455
664888,128.9432608466099,37.20282990465212,1128077.4465581742,1912533.7852185834,1128,1912,1128_1912,405,405.0,0.6734370293190757,67.344,high,0.554036923169265,0.7518630733713044,0.7450511188168898,0.6664928258518145,12,3,0.3870967741935484,2025-03-25,75.186,0.7799242424242425,1.0,0.9356510925343527,0.018421052631578946,18.9,26.0,0.0,0.0,12.9,12.9,7,0,0,0.6734370293190757,67.344,219,0.00015780019325119558
665160,128.94247954411304,37.20638393331864,1128002.104629892,1912927.036716172,1128,1912,1128_1912,405,405.0,0.6734370293190757,67.344,high,0.554036923169265,0.7518630733713044,0.7450511188168898,0.6664928258518145,12,3,0.3870967741935484,2025-03-25,75.186,0.7799242424242425,1.0,0.9356510925343527,0.018421052631578946,18.9,26.0,0.0,0.0,12.9,12.9,7,0,0,0.6734370293190757,67.344,220,0.0001585207420788266
665161,128.94305606448359,37.20640411249559,1128053.2324668602,1912930.0547208728,1128,1912,1128_1912,405,405.0,0.6734370293190757,67.344,high,0.554036923169265,0.7518630733713044,0.7450511188168898,0.6664928258518145,12,3,0.3870967741935484,2025-03-25,75.186,0.7799242424242425,1.0,0.9356510925343527,0.018421052631578946,18.9,26.0,0.0,0.0,12.9,12.9,7,0,0,0.6734370293190757,67.344,221,0.00015924129090645763
665162,128.943598550541,37.20642450779707,1128101.3396211124,1912933.0509898216,1128,1912,1128_1912,405,405.0,0.6734370293190757,67.344,high,0.554036923169265,0.7518630733713044,0.7450511188168898,0.6664928258518145,12,3,0.3870967741935484,2025-03-25,75.186,0.7799242424242425,1.0,0.9356510925343527,0.018421052631578946,18.9,26.0,0.0,0.0,12.9,12.9,7,0,0,0.6734370293190757,67.344,222,0.00015996183973408866
665163,128.94415556036867,37.20644444650348,1128150.7364017018,1912936.0165255216,1128,1912,1128_1912,405,405.0,0.6734370293190757,67.344,high,0.554036923169265,0.7518630733713044,0.7450511188168898,0.6664928258518145,12,3,0.3870967741935484,2025-03-25,75.186,0.7799242424242425,1.0,0.9356510925343527,0.018421052631578946,18.9,26.0,0.0,0.0,12.9,12.9,7,0,0,0.6734370293190757,67.344,223,0.00016068238856171968
665164,128.9446304120416,37.206457784654376,1128192.8534013676,1912938.1388555574,1128,1912,1128_1912,405,405.0,0.6734370293190757,67.344,high,0.554036923169265,0.7518630733713044,0.7450511188168898,0.6664928258518145,12,3,0.3870967741935484,2025-03-25,75.186,0.7799242424242425,1.0,0.9356510925343527,0.018421052631578946,18.9,26.0,0.0,0.0,12.9,12.9,7,0,0,0.6734370293190757,67.344,224,0.0001614029373893507
665165,128.94407755648277,37.206437127508906,1128143.8265134348,1912935.0989830468,1128,1912,1128_1912,405,405.0,0.6734370293190757,67.344,high,0.554036923169265,0.7518630733713044,0.7450511188168898,0.6664928258518145,12,3,0.3870967741935484,2025-03-25,75.186,0.7799242424242425,1.0,0.9356510925343527,0.018421052631578946,18.9,26.0,0.0,0.0,12.9,12.9,7,0,0,0.6734370293190757,67.344,225,0.00016212348621698176
665166,128.943492999805,37.206416384101225,1128091.9865077005,1912932.0069593668,1128,1912,1128_1912,405,405.0,0.6734370293190757,67.344,high,0.554036923169265,0.7518630733713044,0.7450511188168898,0.6664928258518145,12,3,0.3870967741935484,2025-03-25,75.186,0.7799242424242425,1.0,0.9356510925343527,0.018421052631578946,18.9,26.0,0.0,0.0,12.9,12.9,7,0,0,0.6734370293190757,67.344,226,0.0001628440350446128
665167,128.94293929686447,37.20639223264965,1128042.8902782167,1912928.57884988,1128,1912,1128_1912,405,405.0,0.6734370293190757,67.344,high,0.554036923169265,0.7518630733713044,0.7450511188168898,0.6664928258518145,12,3,0.3870967741935484,2025-03-25,75.186,0.7799242424242425,1.0,0.9356510925343527,0.018421052631578946,18.9,26.0,0.0,0.0,12.9,12.9,7,0,0,0.6734370293190757,67.344,227,0.00016356458387224382
665178,128.9424629792613,37.20401067961591,1128004.6437710205,1912663.7098103962,1128,1912,1128_1912,405,405.0,0.6734370293190757,67.344,high,0.554036923169265,0.7518630733713044,0.7450511188168898,0.6664928258518145,12,3,0.3870967741935484,2025-03-25,75.186,0.7799242424242425,1.0,0.9356510925343527,0.018421052631578946,18.9,26.0,0.0,0.0,12.9,12.9,7,0,0,0.6734370293190757,67.344,228,0.00016428513269987484
665179,128.94298866290796,37.20383576528271,1128051.591371004,1912645.0141027188,1128,1912,1128_1912,405,405.0,0.6734370293190757,67.344,high,0.554036923169265,0.7518630733713044,0.7450511188168898,0.6664928258518145,12,3,0.3870967741935484,2025-03-25,75.186,0.7799242424242425,1.0,0.9356510925343527,0.018421052631578946,18.9,26.0,0.0,0.0,12.9,12.9,7,0,0,0.6734370293190757,67.344,229,0.00016500568152750587
665180,128.9435240491199,37.20374101294395,1128099.2647374675,1912635.2254749772,1128,1912,1128_1912,405,405.0,0.6734370293190757,67.344,high,0.554036923169265,0.7518630733713044,0.7450511188168898,0.6664928258518145,12,3,0.3870967741935484,2025-03-25,75.186,0.7799242424242425,1.0,0.9356510925343527,0.018421052631578946,18.9,26.0,0.0,0.0,12.9,12.9,7,0,0,0.6734370293190757,67.344,230,0.0001657262303551369
665181,128.94408863797327,37.20374133373167,1128149.3690560933,1912636.02466144,1128,1912,1128_1912,405,405.0,0.6734370293190757,67.344,high,0.554036923169265,0.7518630733713044,0.7450511188168898,0.6664928258518145,12,3,0.3870967741935484,2025-03-25,75.186,0.7799242424242425,1.0,0.9356510925343527,0.018421052631578946,18.9,26.0,0.0,0.0,12.9,12.9,7,0,0,0.6734370293190757,67.344,231,0.00016644677918276792
665182,128.94462107184057,37.20381473221337,1128196.4961277926,1912644.888357423,1128,1912,1128_1912,405,405.0,0.6734370293190757,67.344,high,0.554036923169265,0.7518630733713044,0.7450511188168898,0.6664928258518145,12,3,0.3870967741935484,2025-03-25,75.186,0.7799242424242425,1.0,0.9356510925343527,0.018421052631578946,18.9,26.0,0.0,0.0,12.9,12.9,7,0,0,0.6734370293190757,67.344,232,0.00016716732801039897
665183,128.94517550289356,37.203955994552025,1128245.4604088685,1912661.3113668554,1128,1912,1128_1912,405,405.0,0.6734370293190757,67.344,high,0.554036923169265,0.7518630733713044,0.7450511188168898,0.6664928258518145,12,3,0.3870967741935484,2025-03-25,75.186,0.7799242424242425,1.0,0.9356510925343527,0.018421052631578946,18.9,26.0,0.0,0.0,12.9,12.9,7,0,0,0.6734370293190757,67.344,233,0.00016788787683803
665184,128.94571931391118,37.204102446583136,1128293.473243534,1912678.2960633491,1128,1912,1128_1912,405,405.0,0.6734370293190757,67.344,high,0.554036923169265,0.7518630733713044,0.7450511188168898,0.6664928258518145,12,3,0.3870967741935484,2025-03-25,75.186,0.7799242424242425,1.0,0.9356510925343527,0.018421052631578946,18.9,26.0,0.0,0.0,12.9,12.9,7,0,0,0.6734370293190757,67.344,234,0.00016860842566566103
665185,128.94623808473207,37.20423953178449,1128339.279561582,1912694.2078969826,1128,1912,1128_1912,405,405.0,0.6734370293190757,67.344,high,0.554036923169265,0.7518630733713044,0.7450511188168898,0.6664928258518145,12,3,0.3870967741935484,2025-03-25,75.186,0.7799242424242425,1.0,0.9356510925343527,0.018421052631578946,18.9,26.0,0.0,0.0,12.9,12.9,7,0,0,0.6734370293190757,67.344,235,0.00016932897449329205
665186,128.94678724086387,37.204227066528205,1128388.0356495325,1912693.5690385131,1128,1912,1128_1912,405,405.0,0.6734370293190757,67.344,high,0.554036923169265,0.7518630733713044,0.7450511188168898,0.6664928258518145,12,3,0.3870967741935484,2025-03-25,75.186,0.7799242424242425,1.0,0.9356510925343527,0.018421052631578946,18.9,26.0,0.0,0.0,12.9,12.9,7,0,0,0.6734370293190757,67.344,236,0.00017004952332092308
665187,128.94735195891923,37.20417526692256,1128438.2394747615,1912688.5875457344,1128,1912,1128_1912,405,405.0,0.6734370293190757,67.344,high,0.554036923169265,0.7518630733713044,0.7450511188168898,0.6664928258518145,12,3,0.3870967741935484,2025-03-25,75.186,0.7799242424242425,1.0,0.9356510925343527,0.018421052631578946,18.9,26.0,0.0,0.0,12.9,12.9,7,0,0,0.6734370293190757,67.344,237,0.0001707700721485541
665188,128.94776248158115,37.20393431412893,1128475.0799519776,1912662.4113010843,1128,1912,1128_1912,405,405.0,0.6734370293190757,67.344,high,0.554036923169265,0.7518630733713044,0.7450511188168898,0.6664928258518145,12,3,0.3870967741935484,2025-03-25,75.186,0.7799242424242425,1.0,0.9356510925343527,0.018421052631578946,18.9,26.0,0.0,0.0,12.9,12.9,7,0,0,0.6734370293190757,67.344,238,0.00017149062097618513
665189,128.9478484361656,37.203511329872136,1128483.4252346032,1912615.5991745759,1128,1912,1128_1912,405,405.0,0.6734370293190757,67.344,high,0.554036923169265,0.7518630733713044,0.7450511188168898,0.6664928258518145,12,3,0.3870967741935484,2025-03-25,75.186,0.7799242424242425,1.0,0.9356510925343527,0.018421052631578946,18.9,26.0,0.0,0.0,12.9,12.9,7,0,0,0.6734370293190757,67.344,239,0.00017221116980381616
665190,128.94763295069438,37.2031204152264,1128464.9644614626,1912571.9362604134,1128,1912,1128_1912,405,405.0,0.6734370293190757,67.344,high,0.554036923169265,0.7518630733713044,0.7450511188168898,0.6664928258518145,12,3,0.3870967741935484,2025-03-25,75.186,0.7799242424242425,1.0,0.9356510925343527,0.018421052631578946,18.9,26.0,0.0,0.0,12.9,12.9,7,0,0,0.6734370293190757,67.344,240,0.0001729317186314472
665191,128.94716426841447,37.202874428422895,1128423.7874231506,1912544.0093869986,1128,1912,1128_1912,405,405.0,0.6734370293190757,67.344,high,0.554036923169265,0.7518630733713044,0.7450511188168898,0.6664928258518145,12,3,0.3870967741935484,2025-03-25,75.186,0.7799242424242425,1.0,0.9356510925343527,0.018421052631578946,18.9,26.0,0.0,0.0,12.9,12.9,7,0,0,0.6734370293190757,67.344,241,0.00017365226745907824
665192,128.94661459942492,37.202889142646576,1128374.9811333409,1912544.8968814516,1128,1912,1128_1912,405,405.0,0.6734370293190757,67.344,high,0.554036923169265,0.7518630733713044,0.7450511188168898,0.6664928258518145,12,3,0.3870967741935484,2025-03-25,75.186,0.7799242424242425,1.0,0.9356510925343527,0.018421052631578946,18.9,26.0,0.0,0.0,12.9,12.9,7,0,0,0.6734370293190757,67.344,242,0.00017437281628670926
665193,128.94609114832988,37.20302188362063,1128328.3017440732,1912558.914845965,1128,1912,1128_1912,405,405.0,0.6734370293190757,67.344,high,0.554036923169265,0.7518630733713044,0.7450511188168898,0.6664928258518145,12,3,0.3870967741935484,2025-03-25,75.186,0.7799242424242425,1.0,0.9356510925343527,0.018421052631578946,18.9,26.0,0.0,0.0,12.9,12.9,7,0,0,0.6734370293190757,67.344,243,0.0001750933651143403
665194,128.94554368249288,37.20307322051042,1128279.6291002005,1912563.8690371746,1128,1912,1128_1912,405,405.0,0.6734370293190757,67.344,high,0.554036923169265,0.7518630733713044,0.7450511188168898,0.6664928258518145,12,3,0.3870967741935484,2025-03-25,75.186,0.7799242424242425,1.0,0.9356510925343527,0.018421052631578946,18.9,26.0,0.0,0.0,12.9,12.9,7,0,0,0.6734370293190757,67.344,244,0.00017581391394197132
665195,128.94499868181236,37.20305605828175,1128231.2912130388,1912561.2270986855,1128,1912,1128_1912,405,405.0,0.6734370293190757,67.344,high,0.554036923169265,0.7518630733713044,0.7450511188168898,0.6664928258518145,12,3,0.3870967741935484,2025-03-25,75.186,0.7799242424242425,1.0,0.9356510925343527,0.018421052631578946,18.9,26.0,0.0,0.0,12.9,12.9,7,0,0,0.6734370293190757,67.344,245,0.00017653446276960234
665366,128.9490307963819,37.20589700796065,1128584.306601659,1912881.8865794886,1128,1912,1128_1912,405,405.0,0.6734370293190757,67.344,high,0.554036923169265,0.7518630733713044,0.7450511188168898,0.6664928258518145,12,3,0.3870967741935484,2025-03-25,75.186,0.7799242424242425,1.0,0.9356510925343527,0.018421052631578946,18.9,26.0,0.0,0.0,12.9,12.9,7,0,0,0.6734370293190757,67.344,246,0.00017725501159723337
665367,128.94952443698344,37.20569276894839,1128628.4606053364,1912859.8971118229,1128,1912,1128_1912,405,405.0,0.6734370293190757,67.344,high,0.554036923169265,0.7518630733713044,0.7450511188168898,0.6664928258518145,12,3,0.3870967741935484,2025-03-25,75.186,0.7799242424242425,1.0,0.9356510925343527,0.018421052631578946,18.9,26.0,0.0,0.0,12.9,12.9,7,0,0,0.6734370293190757,67.344,247,0.00017797556042486442
665368,128.9500007281901,37.20544494161664,1128671.1492150328,1912833.0483224897,1128,1912,1128_1912,405,405.0,0.6734370293190757,67.344,high,0.554036923169265,0.7518630733713044,0.7450511188168898,0.6664928258518145,12,3,0.3870967741935484,2025-03-25,75.186,0.7799242424242425,1.0,0.9356510925343527,0.018421052631578946,18.9,26.0,0.0,0.0,12.9,12.9,7,0,0,0.6734370293190757,67.344,248,0.00017869610925249545
665369,128.9504640489746,37.20520714844352,1128712.6700079069,1912807.2953774473,1128,1912,1128_1912,405,405.0,0.6734370293190757,67.344,high,0.554036923169265,0.7518630733713044,0.7450511188168898,0.6664928258518145,12,3,0.3870967741935484,2025-03-25,75.186,0.7799242424242425,1.0,0.9356510925343527,0.018421052631578946,18.9,26.0,0.0,0.0,12.9,12.9,7,0,0,0.6734370293190757,67.344,249,0.00017941665808012648
665370,128.9509601179486,37.204963637707145,1128757.1069926207,1912780.9527975814,1128,1912,1128_1912,405,405.0,0.6734370293190757,67.344,high,0.554036923169265,0.7518630733713044,0.7450511188168898,0.6664928258518145,12,3,0.3870967741935484,2025-03-25,75.186,0.7799242424242425,1.0,0.9356510925343527,0.018421052631578946,18.9,26.0,0.0,0.0,12.9,12.9,7,0,0,0.6734370293190757,67.344,250,0.0001801372069077575
665371,128.9514164929872,37.20472817498849,1128798.0079551465,1912755.4493778942,1128,1912,1128_1912,405,405.0,0.6734370293190757,67.344,high,0.554036923169265,0.7518630733713044,0.7450511188168898,0.6664928258518145,12,3,0.3870967741935484,2025-03-25,75.186,0.7799242424242425,1.0,0.9356510925343527,0.018421052631578946,18.9,26.0,0.0,0.0,12.9,12.9,7,0,0,0.6734370293190757,67.344,251,0.00018085775573538853
665372,128.95184218450547,37.20449643827219,1128836.179826739,1912730.3178086411,1128,1912,1128_1912,405,405.0,0.6734370293190757,67.344,high,0.554036923169265,0.7518630733713044,0.7450511188168898,0.6664928258518145,12,3,0.3870967741935484,2025-03-25,75.186,0.7799242424242425,1.0,0.9356510925343527,0.018421052631578946,18.9,26.0,0.0,0.0,12.9,12.9,7,0,0,0.6734370293190757,67.344,252,0.00018157830456301955
665373,128.95227879383208,37.20421823058924,1128875.3998691398,1912700.0454575785,1128,1912,1128_1912,405,405.0,0.6734370293190757,67.344,high,0.554036923169265,0.7518630733713044,0.7450511188168898,0.6664928258518145,12,3,0.3870967741935484,2025-03-25,75.186,0.7799242424242425,1.0,0.9356510925343527,0.018421052631578946,18.9,26.0,0.0,0.0,12.9,12.9,7,0,0,0.6734370293190757,67.344,253,0.00018229885339065058
665374,128.95273224736712,37.20392218593011,1128916.145390626,1912667.8172510497,1128,1912,1128_1912,405,405.0,0.6734370293190757,67.344,high,0.554036923169265,0.7518630733713044,0.7450511188168898,0.6664928258518145,12,3,0.3870967741935484,2025-03-25,75.186,0.7799242424242425,1.0,0.9356510925343527,0.018421052631578946,18.9,26.0,0.0,0.0,12.9,12.9,7,0,0,0.6734370293190757,67.344,254,0.00018301940221828163
665375,128.9518501009514,37.20471165471242,1128836.5164427033,1912754.2061405221,1128,1912,1128_1912,405,405.0,0.6734370293190757,67.344,high,0.554036923169265,0.7518630733713044,0.7450511188168898,0.6664928258518145,12,3,0.3870967741935484,2025-03-25,75.186,0.7799242424242425,1.0,0.9356510925343527,0.018421052631578946,18.9,26.0,0.0,0.0,12.9,12.9,7,0,0,0.6734370293190757,67.344,255,0.00018373995104591266
665376,128.95230534013268,37.204427697946585,1128877.399465043,1912723.3212957296,1128,1912,1128_1912,405,405.0,0.6734370293190757,67.344,high,0.554036923169265,0.7518630733713044,0.7450511188168898,0.6664928258518145,12,3,0.3870967741935484,2025-03-25,75.186,0.7799242424242425,1.0,0.9356510925343527,0.018421052631578946,18.9,26.0,0.0,0.0,12.9,12.9,7,0,0,0.6734370293190757,67.344,256,0.0001844604998735437
665510,128.9470363452674,37.20665509756275,1128406.0277519845,1912963.2887149667,1128,1912,1128_1912,405,405.0,0.6734370293190757,67.344,high,0.554036923169265,0.7518630733713044,0.7450511188168898,0.6664928258518145,12,3,0.3870967741935484,2025-03-25,75.186,0.7799242424242425,1.0,0.9356510925343527,0.018421052631578946,18.9,26.0,0.0,0.0,12.9,12.9,7,0,0,0.6734370293190757,67.344,257,0.0001851810487011747
665511,128.94646754292904,37.206604945978874,1128355.6358460633,1912956.9536741436,1128,1912,1128_1912,405,405.0,0.6734370293190757,67.344,high,0.554036923169265,0.7518630733713044,0.7450511188168898,0.6664928258518145,12,3,0.3870967741935484,2025-03-25,75.186,0.7799242424242425,1.0,0.9356510925343527,0.018421052631578946,18.9,26.0,0.0,0.0,12.9,12.9,7,0,0,0.6734370293190757,67.344,258,0.00018590159752880574
665512,128.94591317724232,37.206580075711486,1128306.4822093793,1912953.443370505,1128,1912,1128_1912,405,405.0,0.6734370293190757,67.344,high,0.554036923169265,0.7518630733713044,0.7450511188168898,0.6664928258518145,12,3,0.3870967741935484,2025-03-25,75.186,0.7799242424242425,1.0,0.9356510925343527,0.018421052631578946,18.9,26.0,0.0,0.0,12.9,12.9,7,0,0,0.6734370293190757,67.344,259,0.00018662214635643677
665513,128.94536259427065,37.20656505358402,1128257.6475605823,1912951.0310956524,1128,1912,1128_1912,405,405.0,0.6734370293190757,67.344,high,0.554036923169265,0.7518630733713044,0.7450511188168898,0.6664928258518145,12,3,0.3870967741935484,2025-03-25,75.186,0.7799242424242425,1.0,0.9356510925343527,0.018421052631578946,18.9,26.0,0.0,0.0,12.9,12.9,7,0,0,0.6734370293190757,67.344,260,0.0001873426951840678
665514,128.94482130670133,37.2065574684965,1128209.6252081804,1912949.4568011751,1128,1912,1128_1912,405,405.0,0.6734370293190757,67.344,high,0.554036923169265,0.7518630733713044,0.7450511188168898,0.6664928258518145,12,3,0.3870967741935484,2025-03-25,75.186,0.7799242424242425,1.0,0.9356510925343527,0.018421052631578946,18.9,26.0,0.0,0.0,12.9,12.9,7,0,0,0.6734370293190757,67.344,261,0.00018806324401169882
665515,128.9442393245537,37.20653690921271,1128158.013457212,1912946.3882798762,1128,1912,1128_1912,405,405.0,0.6734370293190757,67.344,high,0.554036923169265,0.7518630733713044,0.7450511188168898,0.6664928258518145,12,3,0.3870967741935484,2025-03-25,75.186,0.7799242424242425,1.0,0.9356510925343527,0.018421052631578946,18.9,26.0,0.0,0.0,12.9,12.9,7,0,0,0.6734370293190757,67.344,262,0.00018878379283932987
665516,128.94365650733565,37.20651570868053,1128106.328659727,1912943.2478026683,1128,1912,1128_1912,405,405.0,0.6734370293190757,67.344,high,0.554036923169265,0.7518630733713044,0.7450511188168898,0.6664928258518145,12,3,0.3870967741935484,2025-03-25,75.186,0.7799242424242425,1.0,0.9356510925343527,0.018421052631578946,18.9,26.0,0.0,0.0,12.9,12.9,7,0,0,0.6734370293190757,67.344,263,0.0001895043416669609
665517,128.94307756420048,37.20648980062602,1128054.995588792,1912939.5905973723,1128,1912,1128_1912,405,405.0,0.6734370293190757,67.344,high,0.554036923169265,0.7518630733713044,0.7450511188168898,0.6664928258518145,12,3,0.3870967741935484,2025-03-25,75.186,0.7799242424242425,1.0,0.9356510925343527,0.018421052631578946,18.9,26.0,0.0,0.0,12.9,12.9,7,0,0,0.6734370293190757,67.344,264,0.00019022489049459192
665518,128.94251856952363,37.206470892141176,1128005.420937977,1912936.7372419287,1128,1912,1128_1912,405,405.0,0.6734370293190757,67.344,high,0.554036923169265,0.7518630733713044,0.7450511188168898,0.6664928258518145,12,3,0.3870967741935484,2025-03-25,75.186,0.7799242424242425,1.0,0.9356510925343527,0.018421052631578946,18.9,26.0,0.0,0.0,12.9,12.9,7,0,0,0.6734370293190757,67.344,265,0.00019094543932222295
682955,128.9518929562556,37.20445363380049,1128840.7583447772,1912725.6378435574,1128,1912,1128_1912,405,405.0,0.6734370293190757,67.344,high,0.554036923169265,0.7518630733713044,0.7450511188168898,0.6664928258518145,12,3,0.3870967741935484,2025-03-25,75.186,0.7799242424242425,1.0,0.9356510925343527,0.018421052631578946,18.9,26.0,0.0,0.0,12.9,12.9,7,0,0,0.6734370293190757,67.344,266,0.00019166598814985398
682956,128.9523089544312,37.204172861692406,1128878.1536435583,1912695.0529576181,1128,1912,1128_1912,405,405.0,0.6734370293190757,67.344,high,0.554036923169265,0.7518630733713044,0.7450511188168898,0.6664928258518145,12,3,0.3870967741935484,2025-03-25,75.186,0.7799242424242425,1.0,0.9356510925343527,0.018421052631578946,18.9,26.0,0.0,0.0,12.9,12.9,7,0,0,0.6734370293190757,67.344,267,0.000192386536977485
682957,128.95272371494528,37.203893519893455,1128915.4369443613,1912664.6252360546,1128,1912,1128_1912,405,405.0,0.6734370293190757,67.344,high,0.554036923169265,0.7518630733713044,0.7450511188168898,0.6664928258518145,12,3,0.3870967741935484,2025-03-25,75.186,0.7799242424242425,1.0,0.9356510925343527,0.018421052631578946,18.9,26.0,0.0,0.0,12.9,12.9,7,0,0,0.6734370293190757,67.344,268,0.00019310708580511603
684200,128.94775306387965,37.20665577151448,1128469.6299197045,1912964.335274913,1128,1912,1128_1912,405,405.0,0.6734370293190757,67.344,high,0.554036923169265,0.7518630733713044,0.7450511188168898,0.6664928258518145,12,3,0.3870967741935484,2025-03-25,75.186,0.7799242424242425,1.0,0.9356510925343527,0.018421052631578946,18.9,26.0,0.0,0.0,12.9,12.9,7,0,0,0.6734370293190757,67.344,269,0.00019382763463274708
684201,128.94761227811995,37.206590298374174,1128457.2472598313,1912956.8803167893,1128,1912,1128_1912,405,405.0,0.6734370293190757,67.344,high,0.554036923169265,0.7518630733713044,0.7450511188168898,0.6664928258518145,12,3,0.3870967741935484,2025-03-25,75.186,0.7799242424242425,1.0,0.9356510925343527,0.018421052631578946,18.9,26.0,0.0,0.0,12.9,12.9,7,0,0,0.6734370293190757,67.344,270,0.0001945481834603781
685916,128.95212355707855,37.19855254272071,1128871.257704574,1912071.2449058867,1128,1912,1128_1912,405,405.0,0.6734370293190757,67.344,high,0.554036923169265,0.7518630733713044,0.7450511188168898,0.6664928258518145,12,3,0.3870967741935484,2025-03-25,75.186,0.7799242424242425,1.0,0.9356510925343527,0.018421052631578946,18.9,26.0,0.0,0.0,12.9,12.9,7,0,0,0.6734370293190757,67.344,271,0.00019526873228800914
685917,128.95257378987534,37.19849277622468,1128911.3183860097,1912065.2265184985,1128,1912,1128_1912,405,405.0,0.6734370293190757,67.344,high,0.554036923169265,0.7518630733713044,0.7450511188168898,0.6664928258518145,12,3,0.3870967741935484,2025-03-25,75.186,0.7799242424242425,1.0,0.9356510925343527,0.018421052631578946,18.9,26.0,0.0,0.0,12.9,12.9,7,0,0,0.6734370293190757,67.344,272,0.00019598928111564016
685918,128.95275934900616,37.19807049446472,1128928.5054716119,1912018.6282634644,1128,1912,1128_1912,405,405.0,0.6734370293190757,67.344,high,0.554036923169265,0.7518630733713044,0.7450511188168898,0.6664928258518145,12,3,0.3870967741935484,2025-03-25,75.186,0.7799242424242425,1.0,0.9356510925343527,0.018421052631578946,18.9,26.0,0.0,0.0,12.9,12.9,7,0,0,0.6734370293190757,67.344,273,0.0001967098299432712
685919,128.9524290899662,37.19839081319797,1128898.649391212,1912053.7171887965,1128,1912,1128_1912,405,405.0,0.6734370293190757,67.344,high,0.554036923169265,0.7518630733713044,0.7450511188168898,0.6664928258518145,12,3,0.3870967741935484,2025-03-25,75.186,0.7799242424242425,1.0,0.9356510925343527,0.018421052631578946,18.9,26.0,0.0,0.0,12.9,12.9,7,0,0,0.6734370293190757,67.344,274,0.00019743037877090221
686094,128.95300844487565,37.2040360775106,1128940.4629139805,1912680.82905193,1128,1912,1128_1912,405,405.0,0.6734370293190757,67.344,high,0.554036923169265,0.7518630733713044,0.7450511188168898,0.6664928258518145,12,3,0.3870967741935484,2025-03-25,75.186,0.7799242424242425,1.0,0.9356510925343527,0.018421052631578946,18.9,26.0,0.0,0.0,12.9,12.9,7,0,0,0.6734370293190757,67.344,275,0.00019815092759853324
686164,128.95287896049967,37.204097296388696,1128928.8675962815,1912687.4448532064,1128,1912,1128_1912,405,405.0,0.6734370293190757,67.344,high,0.554036923169265,0.7518630733713044,0.7450511188168898,0.6664928258518145,12,3,0.3870967741935484,2025-03-25,75.186,0.7799242424242425,1.0,0.9356510925343527,0.018421052631578946,18.9,26.0,0.0,0.0,12.9,12.9,7,0,0,0.6734370293190757,67.344,276,0.00019887147642616427
686264,128.94489983855823,37.20462622549362,1128219.862321872,1912735.2980983073,1128,1912,1128_1912,405,405.0,0.6734370293190757,67.344,high,0.554036923169265,0.7518630733713044,0.7450511188168898,0.6664928258518145,12,3,0.3870967741935484,2025-03-25,75.186,0.7799242424242425,1.0,0.9356510925343527,0.018421052631578946,18.9,26.0,0.0,0.0,12.9,12.9,7,0,0,0.6734370293190757,67.344,277,0.00019959202525379532
686265,128.94433423896695,37.20461572260279,1128169.686109267,1912733.367438149,1128,1912,1128_1912,405,405.0,0.6734370293190757,67.344,high,0.554036923169265,0.7518630733713044,0.7450511188168898,0.6664928258518145,12,3,0.3870967741935484,2025-03-25,75.186,0.7799242424242425,1.0,0.9356510925343527,0.018421052631578946,18.9,26.0,0.0,0.0,12.9,12.9,7,0,0,0.6734370293190757,67.344,278,0.00020031257408142635
686266,128.94446018962464,37.20488925963394,1128180.4008435728,1912763.8858747238,1128,1912,1128_1912,405,405.0,0.6734370293190757,67.344,high,0.554036923169265,0.7518630733713044,0.7450511188168898,0.6664928258518145,12,3,0.3870967741935484,2025-03-25,75.186,0.7799242424242425,1.0,0.9356510925343527,0.018421052631578946,18.9,26.0,0.0,0.0,12.9,12.9,7,0,0,0.6734370293190757,67.344,279,0.00020103312290905737
686267,128.9450227757837,37.204913028357055,1128230.2869990442,1912767.284324563,1128,1912,1128_1912,405,405.0,0.6734370293190757,67.344,high,0.554036923169265,0.7518630733713044,0.7450511188168898,0.6664928258518145,12,3,0.3870967741935484,2025-03-25,75.186,0.7799242424242425,1.0,0.9356510925343527,0.018421052631578946,18.9,26.0,0.0,0.0,12.9,12.9,7,0,0,0.6734370293190757,67.344,280,0.0002017536717366884
686280,128.94272223128544,37.20608326619041,1128024.1493523377,1912894.006666526,1128,1912,1128_1912,405,405.0,0.6734370293190757,67.344,high,0.554036923169265,0.7518630733713044,0.7450511188168898,0.6664928258518145,12,3,0.3870967741935484,2025-03-25,75.186,0.7799242424242425,1.0,0.9356510925343527,0.018421052631578946,18.9,26.0,0.0,0.0,12.9,12.9,7,0,0,0.6734370293190757,67.344,281,0.00020247422056431943
686281,128.94326623321373,37.2061105578067,1128072.3795830489,1912897.7699358184,1128,1912,1128_1912,405,405.0,0.6734370293190757,67.344,high,0.554036923169265,0.7518630733713044,0.7450511188168898,0.6664928258518145,12,3,0.3870967741935484,2025-03-25,75.186,0.7799242424242425,1.0,0.9356510925343527,0.018421052631578946,18.9,26.0,0.0,0.0,12.9,12.9,7,0,0,0.6734370293190757,67.344,282,0.00020319476939195045
686282,128.9438342818055,37.2061322814878,1128122.753168804,1912900.9482628144,1128,1912,1128_1912,405,405.0,0.6734370293190757,67.344,high,0.554036923169265,0.7518630733713044,0.7450511188168898,0.6664928258518145,12,3,0.3870967741935484,2025-03-25,75.186,0.7799242424242425,1.0,0.9356510925343527,0.018421052631578946,18.9,26.0,0.0,0.0,12.9,12.9,7,0,0,0.6734370293190757,67.344,283,0.00020391531821958148
686283,128.94434715548422,37.20602047658809,1128168.456215684,1912889.2376856853,1128,1912,1128_1912,405,405.0,0.6734370293190757,67.344,high,0.554036923169265,0.7518630733713044,0.7450511188168898,0.6664928258518145,12,3,0.3870967741935484,2025-03-25,75.186,0.7799242424242425,1.0,0.9356510925343527,0.018421052631578946,18.9,26.0,0.0,0.0,12.9,12.9,7,0,0,0.6734370293190757,67.344,284,0.00020463586704721253
686284,128.94455943917708,37.20622154475552,1128186.954758866,1912911.832776918,1128,1912,1128_1912,405,405.0,0.6734370293190757,67.344,high,0.554036923169265,0.7518630733713044,0.7450511188168898,0.6664928258518145,12,3,0.3870967741935484,2025-03-25,75.186,0.7799242424242425,1.0,0.9356510925343527,0.018421052631578946,18.9,26.0,0.0,0.0,12.9,12.9,7,0,0,0.6734370293190757,67.344,285,0.00020535641587484356
686285,128.94512570858723,37.20622305260119,1128237.2045705034,1912912.7665050789,1128,1912,1128_1912,405,405.0,0.6734370293190757,67.344,high,0.554036923169265,0.7518630733713044,0.7450511188168898,0.6664928258518145,12,3,0.3870967741935484,2025-03-25,75.186,0.7799242424242425,1.0,0.9356510925343527,0.018421052631578946,18.9,26.0,0.0,0.0,12.9,12.9,7,0,0,0.6734370293190757,67.344,286,0.00020607696470247458
686286,128.94552865090864,37.20630117516908,1128272.830566708,1912921.979505859,1128,1912,1128_1912,405,405.0,0.6734370293190757,67.344,high,0.554036923169265,0.7518630733713044,0.7450511188168898,0.6664928258518145,12,3,0.3870967741935484,2025-03-25,75.186,0.7799242424242425,1.0,0.9356510925343527,0.018421052631578946,18.9,26.0,0.0,0.0,12.9,12.9,7,0,0,0.6734370293190757,67.344,287,0.0002067975135301056
686288,128.94272316776352,37.20605622034981,1128024.2781560526,1912891.0072865463,1128,1912,1128_1912,405,405.0,0.6734370293190757,67.344,high,0.554036923169265,0.7518630733713044,0.7450511188168898,0.6664928258518145,12,3,0.3870967741935484,2025-03-25,75.186,0.7799242424242425,1.0,0.9356510925343527,0.018421052631578946,18.9,26.0,0.0,0.0,12.9,12.9,7,0,0,0.6734370293190757,67.344,288,0.00020751806235773664
686289,128.94327582397872,37.20608395867336,1128073.2756563209,1912894.8318174845,1128,1912,1128_1912,405,405.0,0.6734370293190757,67.344,high,0.554036923169265,0.7518630733713044,0.7450511188168898,0.6664928258518145,12,3,0.3870967741935484,2025-03-25,75.186,0.7799242424242425,1.0,0.9356510925343527,0.018421052631578946,18.9,26.0,0.0,0.0,12.9,12.9,7,0,0,0.6734370293190757,67.344,289,0.00020823861118536766
686290,128.94385489691476,37.20610559899109,1128124.6277337382,1912898.015811507,1128,1912,1128_1912,405,405.0,0.6734370293190757,67.344,high,0.554036923169265,0.7518630733713044,0.7450511188168898,0.6664928258518145,12,3,0.3870967741935484,2025-03-25,75.186,0.7799242424242425,1.0,0.9356510925343527,0.018421052631578946,18.9,26.0,0.0,0.0,12.9,12.9,7,0,0,0.6734370293190757,67.344,290,0.0002089591600129987
686291,128.94431793387625,37.2059537206521,1128165.975918386,1912881.7917993877,1128,1912,1128_1912,405,405.0,0.6734370293190757,67.344,high,0.554036923169265,0.7518630733713044,0.7450511188168898,0.6664928258518145,12,3,0.3870967741935484,2025-03-25,75.186,0.7799242424242425,1.0,0.9356510925343527,0.018421052631578946,18.9,26.0,0.0,0.0,12.9,12.9,7,0,0,0.6734370293190757,67.344,291,0.00020967970884062974
686292,128.94419451113365,37.20577217743944,1128155.330048965,1912861.4832011191,1128,1912,1128_1912,405,405.0,0.6734370293190757,67.344,high,0.554036923169265,0.7518630733713044,0.7450511188168898,0.6664928258518145,12,3,0.3870967741935484,2025-03-25,75.186,0.7799242424242425,1.0,0.9356510925343527,0.018421052631578946,18.9,26.0,0.0,0.0,12.9,12.9,7,0,0,0.6734370293190757,67.344,292,0.00021040025766826077
686293,128.94365374254954,37.2058608494392,1128107.1905019814,1912870.58960994,1128,1912,1128_1912,405,405.0,0.6734370293190757,67.344,high,0.554036923169265,0.7518630733713044,0.7450511188168898,0.6664928258518145,12,3,0.3870967741935484,2025-03-25,75.186,0.7799242424242425,1.0,0.9356510925343527,0.018421052631578946,18.9,26.0,0.0,0.0,12.9,12.9,7,0,0,0.6734370293190757,67.344,293,0.0002111208064958918
686294,128.94318045356246,37.20577944372122,1128065.3268831014,1912860.917962118,1128,1912,1128_1912,405,405.0,0.6734370293190757,67.344,high,0.554036923169265,0.7518630733713044,0.7450511188168898,0.6664928258518145,12,3,0.3870967741935484,2025-03-25,75.186,0.7799242424242425,1.0,0.9356510925343527,0.018421052631578946,18.9,26.0,0.0,0.0,12.9,12.9,7,0,0,0.6734370293190757,67.344,294,0.00021184135532352282
686295,128.94266256380757,37.20592195757773,1128019.126824029,1912876.0293766388,1128,1912,1128_1912,405,405.0,0.6734370293190757,67.344,high,0.554036923169265,0.7518630733713044,0.7450511188168898,0.6664928258518145,12,3,0.3870967741935484,2025-03-25,75.186,0.7799242424242425,1.0,0.9356510925343527,0.018421052631578946,18.9,26.0,0.0,0.0,12.9,12.9,7,0,0,0.6734370293190757,67.344,295,0.00021256190415115385
686539,128.953538349527,37.19924800564069,1128995.6395554647,1912150.32955564,1128,1912,1128_1912,405,405.0,0.6734370293190757,67.344,high,0.554036923169265,0.7518630733713044,0.7450511188168898,0.6664928258518145,12,3,0.3870967741935484,2025-03-25,75.186,0.7799242424242425,1.0,0.9356510925343527,0.018421052631578946,18.9,26.0,0.0,0.0,12.9,12.9,7,0,0,0.6734370293190757,67.344,296,0.00021328245297878488
686544,128.9535654690686,37.19922050815524,1128998.093248033,1912147.3157256616,1128,1912,1128_1912,405,405.0,0.6734370293190757,67.344,high,0.554036923169265,0.7518630733713044,0.7450511188168898,0.6664928258518145,12,3,0.3870967741935484,2025-03-25,75.186,0.7799242424242425,1.0,0.9356510925343527,0.018421052631578946,18.9,26.0,0.0,0.0,12.9,12.9,7,0,0,0.6734370293190757,67.344,297,0.0002140030018064159
686550,128.9525959781869,37.20623796227533,1128900.1125559174,1912924.559726956,1128,1912,1128_1912,405,405.0,0.6734370293190757,67.344,high,0.554036923169265,0.7518630733713044,0.7450511188168898,0.6664928258518145,12,3,0.3870967741935484,2025-03-25,75.186,0.7799242424242425,1.0,0.9356510925343527,0.018421052631578946,18.9,26.0,0.0,0.0,12.9,12.9,7,0,0,0.6734370293190757,67.344,298,0.00021472355063404693
686551,128.95226672440288,37.20591318979528,1128871.4459973811,1912888.0792820475,1128,1912,1128_1912,405,405.0,0.6734370293190757,67.344,high,0.554036923169265,0.7518630733713044,0.7450511188168898,0.6664928258518145,12,3,0.3870967741935484,2025-03-25,75.186,0.7799242424242425,1.0,0.9356510925343527,0.018421052631578946,18.9,26.0,0.0,0.0,12.9,12.9,7,0,0,0.6734370293190757,67.344,299,0.00021544409946167798
686552,128.95181353342556,37.20567966136919,1128831.6254033577,1912861.5536133803,1128,1912,1128_1912,405,405.0,0.6734370293190757,67.344,high,0.554036923169265,0.7518630733713044,0.7450511188168898,0.6664928258518145,12,3,0.3870967741935484,2025-03-25,75.186,0.7799242424242425,1.0,0.9356510925343527,0.018421052631578946,18.9,26.0,0.0,0.0,12.9,12.9,7,0,0,0.6734370293190757,67.344,300,0.000216164648289309
686553,128.9513199415206,37.205447225273126,1128788.2173715825,1912835.0944037514,1128,1912,1128_1912,405,405.0,0.6734370293190757,67.344,high,0.554036923169265,0.7518630733713044,0.7450511188168898,0.6664928258518145,12,3,0.3870967741935484,2025-03-25,75.186,0.7799242424242425,1.0,0.9356510925343527,0.018421052631578946,18.9,26.0,0.0,0.0,12.9,12.9,7,0,0,0.6734370293190757,67.344,301,0.00021688519711694003
687388,128.94353113024786,37.19807610085984,1128109.4690627197,1912006.7324403867,1128,1912,1128_1912,405,405.0,0.6734370293190757,67.344,high,0.554036923169265,0.7518630733713044,0.7450511188168898,0.6664928258518145,12,3,0.3870967741935484,2025-03-25,75.186,0.7799242424242425,1.0,0.9356510925343527,0.018421052631578946,18.9,26.0,0.0,0.0,12.9,12.9,7,0,0,0.6734370293190757,67.344,302,0.00021760574594457106
688159,128.9488682999175,37.205537393812406,1128570.496337393,1912841.7680030009,1128,1912,1128_1912,405,405.0,0.6734370293190757,67.344,high,0.554036923169265,0.7518630733713044,0.7450511188168898,0.6664928258518145,12,3,0.3870967741935484,2025-03-25,75.186,0.7799242424242425,1.0,0.9356510925343527,0.018421052631578946,18.9,26.0,0.0,0.0,12.9,12.9,7,0,0,0.6734370293190757,67.344,303,0.0002183262947722021
688160,128.94849525193735,37.20536942608888,1128537.675618434,1912822.6262801483,1128,1912,1128_1912,405,405.0,0.6734370293190757,67.344,high,0.554036923169265,0.7518630733713044,0.7450511188168898,0.6664928258518145,12,3,0.3870967741935484,2025-03-25,75.186,0.7799242424242425,1.0,0.9356510925343527,0.018421052631578946,18.9,26.0,0.0,0.0,12.9,12.9,7,0,0,0.6734370293190757,67.344,304,0.0002190468435998331
688161,128.95019032989575,37.199460384184526,1128698.1384838498,1912169.339018785,1128,1912,1128_1912,405,405.0,0.6734370293190757,67.344,high,0.554036923169265,0.7518630733713044,0.7450511188168898,0.6664928258518145,12,3,0.3870967741935484,2025-03-25,75.186,0.7799242424242425,1.0,0.9356510925343527,0.018421052631578946,18.9,26.0,0.0,0.0,12.9,12.9,7,0,0,0.6734370293190757,67.344,305,0.00021976739242746414
688162,128.9497940168188,37.199558189783545,1128662.799326982,1912179.6519395085,1128,1912,1128_1912,405,405.0,0.6734370293190757,67.344,high,0.554036923169265,0.7518630733713044,0.7450511188168898,0.6664928258518145,12,3,0.3870967741935484,2025-03-25,75.186,0.7799242424242425,1.0,0.9356510925343527,0.018421052631578946,18.9,26.0,0.0,0.0,12.9,12.9,7,0,0,0.6734370293190757,67.344,306,0.0002204879412550952
688163,128.94953902353592,37.19918648153018,1128640.7994170464,1912138.0659010047,1128,1912,1128_1912,405,405.0,0.6734370293190757,67.344,high,0.554036923169265,0.7518630733713044,0.7450511188168898,0.6664928258518145,12,3,0.3870967741935484,2025-03-25,75.186,0.7799242424242425,1.0,0.9356510925343527,0.018421052631578946,18.9,26.0,0.0,0.0,12.9,12.9,7,0,0,0.6734370293190757,67.344,307,0.00022120849008272622
688164,128.94970518135707,37.19880521129304,1128656.1933390226,1912095.9908756507,1128,1912,1128_1912,405,405.0,0.6734370293190757,67.344,high,0.554036923169265,0.7518630733713044,0.7450511188168898,0.6664928258518145,12,3,0.3870967741935484,2025-03-25,75.186,0.7799242424242425,1.0,0.9356510925343527,0.018421052631578946,18.9,26.0,0.0,0.0,12.9,12.9,7,0,0,0.6734370293190757,67.344,308,0.00022192903891035725
688165,128.9494086628058,37.19842835197016,1128630.5164451553,1912053.7769944747,1128,1912,1128_1912,405,405.0,0.6734370293190757,67.344,high,0.554036923169265,0.7518630733713044,0.7450511188168898,0.6664928258518145,12,3,0.3870967741935484,2025-03-25,75.186,0.7799242424242425,1.0,0.9356510925343527,0.018421052631578946,18.9,26.0,0.0,0.0,12.9,12.9,7,0,0,0.6734370293190757,67.344,309,0.00022264958773798827
688166,128.9489601929053,37.19817314030606,1128591.1468346047,1912024.853350601,1128,1912,1128_1912,405,405.0,0.6734370293190757,67.344,high,0.554036923169265,0.7518630733713044,0.7450511188168898,0.6664928258518145,12,3,0.3870967741935484,2025-03-25,75.186,0.7799242424242425,1.0,0.9356510925343527,0.018421052631578946,18.9,26.0,0.0,0.0,12.9,12.9,7,0,0,0.6734370293190757,67.344,310,0.0002233701365656193
688167,128.94839585521606,37.19817412527451,1128541.0588818481,1912024.1968378644,1128,1912,1128_1912,405,405.0,0.6734370293190757,67.344,high,0.554036923169265,0.7518630733713044,0.7450511188168898,0.6664928258518145,12,3,0.3870967741935484,2025-03-25,75.186,0.7799242424242425,1.0,0.9356510925343527,0.018421052631578946,18.9,26.0,0.0,0.0,12.9,12.9,7,0,0,0.6734370293190757,67.344,311,0.00022409068539325032
688168,128.94786383637737,37.19826635007229,1128493.6846221832,1912033.707202064,1128,1912,1128_1912,405,405.0,0.6734370293190757,67.344,high,0.554036923169265,0.7518630733713044,0.7450511188168898,0.6664928258518145,12,3,0.3870967741935484,2025-03-25,75.186,0.7799242424242425,1.0,0.9356510925343527,0.018421052631578946,18.9,26.0,0.0,0.0,12.9,12.9,7,0,0,0.6734370293190757,67.344,312,0.00022481123422088135
688169,128.94731515911593,37.19832721616611,1128444.8851545588,1912039.7161054092,1128,1912,1128_1912,405,405.0,0.6734370293190757,67.344,high,0.554036923169265,0.7518630733713044,0.7450511188168898,0.6664928258518145,12,3,0.3870967741935484,2025-03-25,75.186,0.7799242424242425,1.0,0.9356510925343527,0.018421052631578946,18.9,26.0,0.0,0.0,12.9,12.9,7,0,0,0.6734370293190757,67.344,313,0.0002255317830485124
688170,128.94682614683975,37.19850384909211,1128401.1850314597,1912058.650082781,1128,1912,1128_1912,405,405.0,0.6734370293190757,67.344,high,0.554036923169265,0.7518630733713044,0.7450511188168898,0.6664928258518145,12,3,0.3870967741935484,2025-03-25,75.186,0.7799242424242425,1.0,0.9356510925343527,0.018421052631578946,18.9,26.0,0.0,0.0,12.9,12.9,7,0,0,0.6734370293190757,67.344,314,0.00022625233187614343
688171,128.94637474681474,37.19828904985643,1128361.486203197,1912034.2071828926,1128,1912,1128_1912,405,405.0,0.6734370293190757,67.344,high,0.554036923169265,0.7518630733713044,0.7450511188168898,0.6664928258518145,12,3,0.3870967741935484,2025-03-25,75.186,0.7799242424242425,1.0,0.9356510925343527,0.018421052631578946,18.9,26.0,0.0,0.0,12.9,12.9,7,0,0,0.6734370293190757,67.344,315,0.00022697288070377446
688178,128.9472048542529,37.200976293134566,1128430.606119905,1912333.4726656603,1128,1912,1128_1912,405,405.0,0.6734370293190757,67.344,high,0.554036923169265,0.7518630733713044,0.7450511188168898,0.6664928258518145,12,3,0.3870967741935484,2025-03-25,75.186,0.7799242424242425,1.0,0.9356510925343527,0.018421052631578946,18.9,26.0,0.0,0.0,12.9,12.9,7,0,0,0.6734370293190757,67.344,316,0.00022769342953140548
688179,128.94766220174003,37.20109221228575,1128470.9987546406,1912346.9535976609,1128,1912,1128_1912,405,405.0,0.6734370293190757,67.344,high,0.554036923169265,0.7518630733713044,0.7450511188168898,0.6664928258518145,12,3,0.3870967741935484,2025-03-25,75.186,0.7799242424242425,1.0,0.9356510925343527,0.018421052631578946,18.9,26.0,0.0,0.0,12.9,12.9,7,0,0,0.6734370293190757,67.344,317,0.0002284139783590365
688180,128.94802515780347,37.20143286776758,1128502.633065883,1912385.2404322498,1128,1912,1128_1912,405,405.0,0.6734370293190757,67.344,high,0.554036923169265,0.7518630733713044,0.7450511188168898,0.6664928258518145,12,3,0.3870967741935484,2025-03-25,75.186,0.7799242424242425,1.0,0.9356510925343527,0.018421052631578946,18.9,26.0,0.0,0.0,12.9,12.9,7,0,0,0.6734370293190757,67.344,318,0.00022913452718666754
688181,128.94840704340365,37.201776035155675,1128535.942784176,1912423.8317660624,1128,1912,1128_1912,405,405.0,0.6734370293190757,67.344,high,0.554036923169265,0.7518630733713044,0.7450511188168898,0.6664928258518145,12,3,0.3870967741935484,2025-03-25,75.186,0.7799242424242425,1.0,0.9356510925343527,0.018421052631578946,18.9,26.0,0.0,0.0,12.9,12.9,7,0,0,0.6734370293190757,67.344,319,0.00022985507601429856
688182,128.94807327076305,37.20211621079607,1128505.7442432393,1912461.1203161154,1128,1912,1128_1912,405,405.0,0.6734370293190757,67.344,high,0.554036923169265,0.7518630733713044,0.7450511188168898,0.6664928258518145,12,3,0.3870967741935484,2025-03-25,75.186,0.7799242424242425,1.0,0.9356510925343527,0.018421052631578946,18.9,26.0,0.0,0.0,12.9,12.9,7,0,0,0.6734370293190757,67.344,320,0.0002305756248419296
688183,128.9477190627748,37.2018992860977,1128474.6768609514,1912436.5728368834,1128,1912,1128_1912,405,405.0,0.6734370293190757,67.344,high,0.554036923169265,0.7518630733713044,0.7450511188168898,0.6664928258518145,12,3,0.3870967741935484,2025-03-25,75.186,0.7799242424242425,1.0,0.9356510925343527,0.018421052631578946,18.9,26.0,0.0,0.0,12.9,12.9,7,0,0,0.6734370293190757,67.344,321,0.00023129617366956064
688184,128.94733932086552,37.201583371918886,1128441.5109838066,1912401.0083094286,1128,1912,1128_1912,405,405.0,0.6734370293190757,67.344,high,0.554036923169265,0.7518630733713044,0.7450511188168898,0.6664928258518145,12,3,0.3870967741935484,2025-03-25,75.186,0.7799242424242425,1.0,0.9356510925343527,0.018421052631578946,18.9,26.0,0.0,0.0,12.9,12.9,7,0,0,0.6734370293190757,67.344,322,0.00023201672249719167
688185,128.9468338212591,37.2014282917607,1128396.9114961633,1912383.1174694116,1128,1912,1128_1912,405,405.0,0.6734370293190757,67.344,high,0.554036923169265,0.7518630733713044,0.7450511188168898,0.6664928258518145,12,3,0.3870967741935484,2025-03-25,75.186,0.7799242424242425,1.0,0.9356510925343527,0.018421052631578946,18.9,26.0,0.0,0.0,12.9,12.9,7,0,0,0.6734370293190757,67.344,323,0.0002327372713248227
688186,128.94638657294018,37.201164187108695,1128357.666210688,1912353.2098933766,1128,1912,1128_1912,405,405.0,0.6734370293190757,67.344,high,0.554036923169265,0.7518630733713044,0.7450511188168898,0.6664928258518145,12,3,0.3870967741935484,2025-03-25,75.186,0.7799242424242425,1.0,0.9356510925343527,0.018421052631578946,18.9,26.0,0.0,0.0,12.9,12.9,7,0,0,0.6734370293190757,67.344,324,0.00023345782015245372
688187,128.9464051521825,37.20076395355135,1128359.9929951741,1912308.8305067418,1128,1912,1128_1912,405,405.0,0.6734370293190757,67.344,high,0.554036923169265,0.7518630733713044,0.7450511188168898,0.6664928258518145,12,3,0.3870967741935484,2025-03-25,75.186,0.7799242424242425,1.0,0.9356510925343527,0.018421052631578946,18.9,26.0,0.0,0.0,12.9,12.9,7,0,0,0.6734370293190757,67.344,325,0.00023417836898008475
688188,128.94688837352035,37.200617654916805,1128403.1264111865,1912293.253983424,1128,1912,1128_1912,405,405.0,0.6734370293190757,67.344,high,0.554036923169265,0.7518630733713044,0.7450511188168898,0.6664928258518145,12,3,0.3870967741935484,2025-03-25,75.186,0.7799242424242425,1.0,0.9356510925343527,0.018421052631578946,18.9,26.0,0.0,0.0,12.9,12.9,7,0,0,0.6734370293190757,67.344,326,0.00023489891780771577
688189,128.9472979042423,37.20088344644044,1128439.0215727226,1912323.2977834744,1128,1912,1128_1912,405,405.0,0.6734370293190757,67.344,high,0.554036923169265,0.7518630733713044,0.7450511188168898,0.6664928258518145,12,3,0.3870967741935484,2025-03-25,75.186,0.7799242424242425,1.0,0.9356510925343527,0.018421052631578946,18.9,26.0,0.0,0.0,12.9,12.9,7,0,0,0.6734370293190757,67.344,327,0.0002356194666353468
688190,128.9481053076906,37.20208684182264,1128508.6372506204,1912457.9053839005,1128,1912,1128_1912,405,405.0,0.6734370293190757,67.344,high,0.554036923169265,0.7518630733713044,0.7450511188168898,0.6664928258518145,12,3,0.3870967741935484,2025-03-25,75.186,0.7799242424242425,1.0,0.9356510925343527,0.018421052631578946,18.9,26.0,0.0,0.0,12.9,12.9,7,0,0,0.6734370293190757,67.344,328,0.00023634001546297785
688191,128.9477541986504,37.20202563927373,1128477.58088139,1912450.6389479972,1128,1912,1128_1912,405,405.0,0.6734370293190757,67.344,high,0.554036923169265,0.7518630733713044,0.7450511188168898,0.6664928258518145,12,3,0.3870967741935484,2025-03-25,75.186,0.7799242424242425,1.0,0.9356510925343527,0.018421052631578946,18.9,26.0,0.0,0.0,12.9,12.9,7,0,0,0.6734370293190757,67.344,329,0.00023706056429060888
688192,128.9472479387161,37.202134940219445,1128432.4661843407,1912462.0790724703,1128,1912,1128_1912,405,405.0,0.6734370293190757,67.344,high,0.554036923169265,0.7518630733713044,0.7450511188168898,0.6664928258518145,12,3,0.3870967741935484,2025-03-25,75.186,0.7799242424242425,1.0,0.9356510925343527,0.018421052631578946,18.9,26.0,0.0,0.0,12.9,12.9,7,0,0,0.6734370293190757,67.344,330,0.0002377811131182399
688193,128.9467380777625,37.20198054025075,1128387.4787981105,1912444.2578249392,1128,1912,1128_1912,405,405.0,0.6734370293190757,67.344,high,0.554036923169265,0.7518630733713044,0.7450511188168898,0.6664928258518145,12,3,0.3870967741935484,2025-03-25,75.186,0.7799242424242425,1.0,0.9356510925343527,0.018421052631578946,18.9,26.0,0.0,0.0,12.9,12.9,7,0,0,0.6734370293190757,67.344,331,0.00023850166194587093
688194,128.94617659190007,37.201972487704886,1128337.6617774286,1912442.6036406187,1128,1912,1128_1912,405,405.0,0.6734370293190757,67.344,high,0.554036923169265,0.7518630733713044,0.7450511188168898,0.6664928258518145,12,3,0.3870967741935484,2025-03-25,75.186,0.7799242424242425,1.0,0.9356510925343527,0.018421052631578946,18.9,26.0,0.0,0.0,12.9,12.9,7,0,0,0.6734370293190757,67.344,332,0.00023922221077350196
688195,128.94589831827946,37.20234176237288,1128312.340332903,1912483.1964856084,1128,1912,1128_1912,405,405.0,0.6734370293190757,67.344,high,0.554036923169265,0.7518630733713044,0.7450511188168898,0.6664928258518145,12,3,0.3870967741935484,2025-03-25,75.186,0.7799242424242425,1.0,0.9356510925343527,0.018421052631578946,18.9,26.0,0.0,0.0,12.9,12.9,7,0,0,0.6734370293190757,67.344,333,0.00023994275960113298
688196,128.9455362207256,37.20261177274666,1128279.748039423,1912512.6628549946,1128,1912,1128_1912,405,405.0,0.6734370293190757,67.344,high,0.554036923169265,0.7518630733713044,0.7450511188168898,0.6664928258518145,12,3,0.3870967741935484,2025-03-25,75.186,0.7799242424242425,1.0,0.9356510925343527,0.018421052631578946,18.9,26.0,0.0,0.0,12.9,12.9,7,0,0,0.6734370293190757,67.344,334,0.000240663308428764
688197,128.9452525636976,37.20230117525915,1128255.0999795822,1912477.8190521726,1128,1912,1128_1912,405,405.0,0.6734370293190757,67.344,high,0.554036923169265,0.7518630733713044,0.7450511188168898,0.6664928258518145,12,3,0.3870967741935484,2025-03-25,75.186,0.7799242424242425,1.0,0.9356510925343527,0.018421052631578946,18.9,26.0,0.0,0.0,12.9,12.9,7,0,0,0.6734370293190757,67.344,335,0.00024138385725639506
688198,128.94524698410547,37.201837495539166,1128255.3895574196,1912426.3678002565,1128,1912,1128_1912,405,405.0,0.6734370293190757,67.344,high,0.554036923169265,0.7518630733713044,0.7450511188168898,0.6664928258518145,12,3,0.3870967741935484,2025-03-25,75.186,0.7799242424242425,1.0,0.9356510925343527,0.018421052631578946,18.9,26.0,0.0,0.0,12.9,12.9,7,0,0,0.6734370293190757,67.344,336,0.0002421044060840261
688199,128.94511974339258,37.20141374970194,1128244.8142952642,1912379.1823836917,1128,1912,1128_1912,405,405.0,0.6734370293190757,67.344,high,0.554036923169265,0.7518630733713044,0.7450511188168898,0.6664928258518145,12,3,0.3870967741935484,2025-03-25,75.186,0.7799242424242425,1.0,0.9356510925343527,0.018421052631578946,18.9,26.0,0.0,0.0,12.9,12.9,7,0,0,0.6734370293190757,67.344,337,0.00024282495491165712
688200,128.94488500981174,37.20169337792256,1128223.5089134045,1912409.888457233,1128,1912,1128_1912,405,405.0,0.6734370293190757,67.344,high,0.554036923169265,0.7518630733713044,0.7450511188168898,0.6664928258518145,12,3,0.3870967741935484,2025-03-25,75.186,0.7799242424242425,1.0,0.9356510925343527,0.018421052631578946,18.9,26.0,0.0,0.0,12.9,12.9,7,0,0,0.6734370293190757,67.344,338,0.00024354550373928814
688201,128.94485284986223,37.20212860059926,1128219.9183902966,1912458.1314122225,1128,1912,1128_1912,405,405.0,0.6734370293190757,67.344,high,0.554036923169265,0.7518630733713044,0.7450511188168898,0.6664928258518145,12,3,0.3870967741935484,2025-03-25,75.186,0.7799242424242425,1.0,0.9356510925343527,0.018421052631578946,18.9,26.0,0.0,0.0,12.9,12.9,7,0,0,0.6734370293190757,67.344,339,0.00024426605256691917
688202,128.9448875221728,37.202565716664566,1128222.2558608504,1912506.6748902248,1128,1912,1128_1912,405,405.0,0.6734370293190757,67.344,high,0.554036923169265,0.7518630733713044,0.7450511188168898,0.6664928258518145,12,3,0.3870967741935484,2025-03-25,75.186,0.7799242424242425,1.0,0.9356510925343527,0.018421052631578946,18.9,26.0,0.0,0.0,12.9,12.9,7,0,0,0.6734370293190757,67.344,340,0.0002449866013945502
688621,128.95135070723805,37.20502389347028,1128791.6671854071,1912788.1689406645,1128,1912,1128_1912,405,405.0,0.6734370293190757,67.344,high,0.554036923169265,0.7518630733713044,0.7450511188168898,0.6664928258518145,12,3,0.3870967741935484,2025-03-25,75.186,0.7799242424242425,1.0,0.9356510925343527,0.018421052631578946,18.9,26.0,0.0,0.0,12.9,12.9,7,0,0,0.6734370293190757,67.344,341,0.0002457071502221812
688622,128.95130436873208,37.20502209613979,1128787.5579607608,1912787.906533231,1128,1912,1128_1912,405,405.0,0.6734370293190757,67.344,high,0.554036923169265,0.7518630733713044,0.7450511188168898,0.6664928258518145,12,3,0.3870967741935484,2025-03-25,75.186,0.7799242424242425,1.0,0.9356510925343527,0.018421052631578946,18.9,26.0,0.0,0.0,12.9,12.9,7,0,0,0.6734370293190757,67.344,342,0.00024642769904981225
688623,128.95175061444624,37.204894566455486,1128827.3765612724,1912774.3643045374,1128,1912,1128_1912,405,405.0,0.6734370293190757,67.344,high,0.554036923169265,0.7518630733713044,0.7450511188168898,0.6664928258518145,12,3,0.3870967741935484,2025-03-25,75.186,0.7799242424242425,1.0,0.9356510925343527,0.018421052631578946,18.9,26.0,0.0,0.0,12.9,12.9,7,0,0,0.6734370293190757,67.344,343,0.0002471482478774433
688624,128.9503034249236,37.20039998018388,1128706.5800593696,1912273.7376830643,1128,1912,1128_1912,405,405.0,0.6734370293190757,67.344,high,0.554036923169265,0.7518630733713044,0.7450511188168898,0.6664928258518145,12,3,0.3870967741935484,2025-03-25,75.186,0.7799242424242425,1.0,0.9356510925343527,0.018421052631578946,18.9,26.0,0.0,0.0,12.9,12.9,7,0,0,0.6734370293190757,67.344,344,0.0002478687967050743
688771,128.94506817189827,37.20586806009288,1128232.6993866744,1912873.3033729927,1128,1912,1128_1912,405,405.0,0.6734370293190757,67.344,high,0.554036923169265,0.7518630733713044,0.7450511188168898,0.6664928258518145,12,3,0.3870967741935484,2025-03-25,75.186,0.7799242424242425,1.0,0.9356510925343527,0.018421052631578946,18.9,26.0,0.0,0.0,12.9,12.9,7,0,0,0.6734370293190757,67.344,345,0.00024858934553270533
688772,128.94548345137227,37.20593978737343,1128269.431221221,1912881.8235190818,1128,1912,1128_1912,405,405.0,0.6734370293190757,67.344,high,0.554036923169265,0.7518630733713044,0.7450511188168898,0.6664928258518145,12,3,0.3870967741935484,2025-03-25,75.186,0.7799242424242425,1.0,0.9356510925343527,0.018421052631578946,18.9,26.0,0.0,0.0,12.9,12.9,7,0,0,0.6734370293190757,67.344,346,0.0002493098943603364
688773,128.94601879777323,37.20584680768034,1128317.0970316995,1912872.2327668297,1128,1912,1128_1912,405,405.0,0.6734370293190757,67.344,high,0.554036923169265,0.7518630733713044,0.7450511188168898,0.6664928258518145,12,3,0.3870967741935484,2025-03-25,75.186,0.7799242424242425,1.0,0.9356510925343527,0.018421052631578946,18.9,26.0,0.0,0.0,12.9,12.9,7,0,0,0.6734370293190757,67.344,347,0.00025003044318796743
688774,128.94658895867738,37.20588958710969,1128367.622521332,1912877.7514864705,1128,1912,1128_1912,405,405.0,0.6734370293190757,67.344,high,0.554036923169265,0.7518630733713044,0.7450511188168898,0.6664928258518145,12,3,0.3870967741935484,2025-03-25,75.186,0.7799242424242425,1.0,0.9356510925343527,0.018421052631578946,18.9,26.0,0.0,0.0,12.9,12.9,7,0,0,0.6734370293190757,67.344,348,0.00025075099201559846
688775,128.94712741269257,37.2059109886522,1128415.37041707,1912880.8557221298,1128,1912,1128_1912,405,405.0,0.6734370293190757,67.344,high,0.554036923169265,0.7518630733713044,0.7450511188168898,0.6664928258518145,12,3,0.3870967741935484,2025-03-25,75.186,0.7799242424242425,1.0,0.9356510925343527,0.018421052631578946,18.9,26.0,0.0,0.0,12.9,12.9,7,0,0,0.6734370293190757,67.344,349,0.0002514715408432295
688776,128.9476717689635,37.2059019924522,1128463.693611518,1912880.5957042477,1128,1912,1128_1912,405,405.0,0.6734370293190757,67.344,high,0.554036923169265,0.7518630733713044,0.7450511188168898,0.6664928258518145,12,3,0.3870967741935484,2025-03-25,75.186,0.7799242424242425,1.0,0.9356510925343527,0.018421052631578946,18.9,26.0,0.0,0.0,12.9,12.9,7,0,0,0.6734370293190757,67.344,350,0.0002521920896708605
688777,128.9482108695025,37.20584678310865,1128511.628790318,1912875.201636818,1128,1912,1128_1912,405,405.0,0.6734370293190757,67.344,high,0.554036923169265,0.7518630733713044,0.7450511188168898,0.6664928258518145,12,3,0.3870967741935484,2025-03-25,75.186,0.7799242424242425,1.0,0.9356510925343527,0.018421052631578946,18.9,26.0,0.0,0.0,12.9,12.9,7,0,0,0.6734370293190757,67.344,351,0.00025291263849849154
688778,128.9485514015915,37.20560560706097,1128542.257887767,1912848.905976352,1128,1912,1128_1912,405,405.0,0.6734370293190757,67.344,high,0.554036923169265,0.7518630733713044,0.7450511188168898,0.6664928258518145,12,3,0.3870967741935484,2025-03-25,75.186,0.7799242424242425,1.0,0.9356510925343527,0.018421052631578946,18.9,26.0,0.0,0.0,12.9,12.9,7,0,0,0.6734370293190757,67.344,352,0.00025363318732612257
691795,128.95239508021348,37.19867325467667,1128895.150610894,1912085.0068562885,1128,1912,1128_1912,405,405.0,0.6734370293190757,67.344,high,0.554036923169265,0.7518630733713044,0.7450511188168898,0.6664928258518145,12,3,0.3870967741935484,2025-03-25,75.186,0.7799242424242425,1.0,0.9356510925343527,0.018421052631578946,18.9,26.0,0.0,0.0,12.9,12.9,7,0,0,0.6734370293190757,67.344,353,0.0002543537361537536
691796,128.95292500590116,37.19860550937821,1128942.2977154737,1912078.2118182657,1128,1912,1128_1912,405,405.0,0.6734370293190757,67.344,high,0.554036923169265,0.7518630733713044,0.7450511188168898,0.6664928258518145,12,3,0.3870967741935484,2025-03-25,75.186,0.7799242424242425,1.0,0.9356510925343527,0.018421052631578946,18.9,26.0,0.0,0.0,12.9,12.9,7,0,0,0.6734370293190757,67.344,354,0.0002550742849813846
691797,128.95344970372764,37.19851908970522,1128989.0127063578,1912069.3380654526,1128,1912,1128_1912,405,405.0,0.6734370293190757,67.344,high,0.554036923169265,0.7518630733713044,0.7450511188168898,0.6664928258518145,12,3,0.3870967741935484,2025-03-25,75.186,0.7799242424242425,1.0,0.9356510925343527,0.018421052631578946,18.9,26.0,0.0,0.0,12.9,12.9,7,0,0,0.6734370293190757,67.344,355,0.00025579483380901564
691808,128.95278615035846,37.198104555242125,1128930.8262168018,1912022.4436642197,1128,1912,1128_1912,405,405.0,0.6734370293190757,67.344,high,0.554036923169265,0.7518630733713044,0.7450511188168898,0.6664928258518145,12,3,0.3870967741935484,2025-03-25,75.186,0.7799242424242425,1.0,0.9356510925343527,0.018421052631578946,18.9,26.0,0.0,0.0,12.9,12.9,7,0,0,0.6734370293190757,67.344,356,0.00025651538263664667
691809,128.95259354316536,37.198526761645496,1128913.0137236093,1912069.0239643909,1128,1912,1128_1912,405,405.0,0.6734370293190757,67.344,high,0.554036923169265,0.7518630733713044,0.7450511188168898,0.6664928258518145,12,3,0.3870967741935484,2025-03-25,75.186,0.7799242424242425,1.0,0.9356510925343527,0.018421052631578946,18.9,26.0,0.0,0.0,12.9,12.9,7,0,0,0.6734370293190757,67.344,357,0.0002572359314642777
691846,128.95310410462517,37.19854681216429,1128958.2929353877,1912071.9433194974,1128,1912,1128_1912,405,405.0,0.6734370293190757,67.344,high,0.554036923169265,0.7518630733713044,0.7450511188168898,0.6664928258518145,12,3,0.3870967741935484,2025-03-25,75.186,0.7799242424242425,1.0,0.9356510925343527,0.018421052631578946,18.9,26.0,0.0,0.0,12.9,12.9,7,0,0,0.6734370293190757,67.344,358,0.0002579564802919087
691847,128.95259189473109,37.19872004822047,1128912.5386576767,1912090.466220998,1128,1912,1128_1912,405,405.0,0.6734370293190757,67.344,high,0.554036923169265,0.7518630733713044,0.7450511188168898,0.6664928258518145,12,3,0.3870967741935484,2025-03-25,75.186,0.7799242424242425,1.0,0.9356510925343527,0.018421052631578946,18.9,26.0,0.0,0.0,12.9,12.9,7,0,0,0.6734370293190757,67.344,359,0.00025867702911953975
691848,128.95210522591182,37.19858613030197,1128869.5736679556,1912074.9464014785,1128,1912,1128_1912,405,405.0,0.6734370293190757,67.344,high,0.554036923169265,0.7518630733713044,0.7450511188168898,0.6664928258518145,12,3,0.3870967741935484,2025-03-25,75.186,0.7799242424242425,1.0,0.9356510925343527,0.018421052631578946,18.9,26.0,0.0,0.0,12.9,12.9,7,0,0,0.6734370293190757,67.344,360,0.0002593975779471708
691878,128.95284850970705,37.19793336558261,1128936.6519883366,1912003.5356067268,1128,1912,1128_1912,405,405.0,0.6734370293190757,67.344,high,0.554036923169265,0.7518630733713044,0.7450511188168898,0.6664928258518145,12,3,0.3870967741935484,2025-03-25,75.186,0.7799242424242425,1.0,0.9356510925343527,0.018421052631578946,18.9,26.0,0.0,0.0,12.9,12.9,7,0,0,0.6734370293190757,67.344,361,0.00026011812677480186
691879,128.95247759596634,37.198290245637565,1128903.1254434579,1912042.6255478773,1128,1912,1128_1912,405,405.0,0.6734370293190757,67.344,high,0.554036923169265,0.7518630733713044,0.7450511188168898,0.6664928258518145,12,3,0.3870967741935484,2025-03-25,75.186,0.7799242424242425,1.0,0.9356510925343527,0.018421052631578946,18.9,26.0,0.0,0.0,12.9,12.9,7,0,0,0.6734370293190757,67.344,362,0.0002608386756024329
692172,128.94403951198032,37.19805318500137,1128154.6279029164,1912004.877534188,1128,1912,1128_1912,405,405.0,0.6734370293190757,67.344,high,0.554036923169265,0.7518630733713044,0.7450511188168898,0.6664928258518145,12,3,0.3870967741935484,2025-03-25,75.186,0.7799242424242425,1.0,0.9356510925343527,0.018421052631578946,18.9,26.0,0.0,0.0,12.9,12.9,7,0,0,0.6734370293190757,67.344,363,0.0002615592244300639
692193,128.95204998071398,37.20346802022304,1128856.3695074583,1912616.5008016261,1128,1912,1128_1912,405,405.0,0.6734370293190757,67.344,high,0.554036923169265,0.7518630733713044,0.7450511188168898,0.6664928258518145,12,3,0.3870967741935484,2025-03-25,75.186,0.7799242424242425,1.0,0.9356510925343527,0.018421052631578946,18.9,26.0,0.0,0.0,12.9,12.9,7,0,0,0.6734370293190757,67.344,364,0.00026227977325769494
692194,128.9517811039176,37.20312636739506,1128833.08858634,1912578.2298440812,1128,1912,1128_1912,405,405.0,0.6734370293190757,67.344,high,0.554036923169265,0.7518630733713044,0.7450511188168898,0.6664928258518145,12,3,0.3870967741935484,2025-03-25,75.186,0.7799242424242425,1.0,0.9356510925343527,0.018421052631578946,18.9,26.0,0.0,0.0,12.9,12.9,7,0,0,0.6734370293190757,67.344,365,0.00026300032208532596
692195,128.95217066983673,37.20303135289495,1128867.8228017346,1912568.2181566174,1128,1912,1128_1912,405,405.0,0.6734370293190757,67.344,high,0.554036923169265,0.7518630733713044,0.7450511188168898,0.6664928258518145,12,3,0.3870967741935484,2025-03-25,75.186,0.7799242424242425,1.0,0.9356510925343527,0.018421052631578946,18.9,26.0,0.0,0.0,12.9,12.9,7,0,0,0.6734370293190757,67.344,366,0.000263720870912957
692196,128.9526569546929,37.203261801409816,1128910.5869326359,1912594.4472778311,1128,1912,1128_1912,405,405.0,0.6734370293190757,67.344,high,0.554036923169265,0.7518630733713044,0.7450511188168898,0.6664928258518145,12,3,0.3870967741935484,2025-03-25,75.186,0.7799242424242425,1.0,0.9356510925343527,0.018421052631578946,18.9,26.0,0.0,0.0,12.9,12.9,7,0,0,0.6734370293190757,67.344,367,0.000264441419740588
692197,128.95305329035,37.20356001134935,1128945.252850927,1912628.0720967164,1128,1912,1128_1912,405,405.0,0.6734370293190757,67.344,high,0.554036923169265,0.7518630733713044,0.7450511188168898,0.6664928258518145,12,3,0.3870967741935484,2025-03-25,75.186,0.7799242424242425,1.0,0.9356510925343527,0.018421052631578946,18.9,26.0,0.0,0.0,12.9,12.9,7,0,0,0.6734370293190757,67.344,368,0.00026516196856821904
692198,128.95264504948065,37.20383448133764,1128908.556160827,1912657.968051725,1128,1912,1128_1912,405,405.0,0.6734370293190757,67.344,high,0.554036923169265,0.7518630733713044,0.7450511188168898,0.6664928258518145,12,3,0.3870967741935484,2025-03-25,75.186,0.7799242424242425,1.0,0.9356510925343527,0.018421052631578946,18.9,26.0,0.0,0.0,12.9,12.9,7,0,0,0.6734370293190757,67.344,369,0.00026588251739585007
692199,128.9522377099871,37.20404873185459,1128872.0421412871,1912681.1842329272,1128,1912,1128_1912,405,405.0,0.6734370293190757,67.344,high,0.554036923169265,0.7518630733713044,0.7450511188168898,0.6664928258518145,12,3,0.3870967741935484,2025-03-25,75.186,0.7799242424242425,1.0,0.9356510925343527,0.018421052631578946,18.9,26.0,0.0,0.0,12.9,12.9,7,0,0,0.6734370293190757,67.344,370,0.0002666030662234811
692200,128.95180296455433,37.20384419057572,1128833.808211984,1912657.899710409,1128,1912,1128_1912,405,405.0,0.6734370293190757,67.344,high,0.554036923169265,0.7518630733713044,0.7450511188168898,0.6664928258518145,12,3,0.3870967741935484,2025-03-25,75.186,0.7799242424242425,1.0,0.9356510925343527,0.018421052631578946,18.9,26.0,0.0,0.0,12.9,12.9,7,0,0,0.6734370293190757,67.344,371,0.0002673236150511121
692201,128.9512527355302,37.20375321508655,1128785.1323635068,1912647.0581195075,1128,1912,1128_1912,405,405.0,0.6734370293190757,67.344,high,0.554036923169265,0.7518630733713044,0.7450511188168898,0.6664928258518145,12,3,0.3870967741935484,2025-03-25,75.186,0.7799242424242425,1.0,0.9356510925343527,0.018421052631578946,18.9,26.0,0.0,0.0,12.9,12.9,7,0,0,0.6734370293190757,67.344,372,0.00026804416387874315
692202,128.9507441877798,37.20388646182373,1128739.7745002967,1912661.1501786746,1128,1912,1128_1912,405,405.0,0.6734370293190757,67.344,high,0.554036923169265,0.7518630733713044,0.7450511188168898,0.6664928258518145,12,3,0.3870967741935484,2025-03-25,75.186,0.7799242424242425,1.0,0.9356510925343527,0.018421052631578946,18.9,26.0,0.0,0.0,12.9,12.9,7,0,0,0.6734370293190757,67.344,373,0.0002687647127063742
692203,128.95020743208883,37.20382036148183,1128692.252027559,1912653.0872538656,1128,1912,1128_1912,405,405.0,0.6734370293190757,67.344,high,0.554036923169265,0.7518630733713044,0.7450511188168898,0.6664928258518145,12,3,0.3870967741935484,2025-03-25,75.186,0.7799242424242425,1.0,0.9356510925343527,0.018421052631578946,18.9,26.0,0.0,0.0,12.9,12.9,7,0,0,0.6734370293190757,67.344,374,0.0002694852615340052
692204,128.94963563907743,37.20383224211913,1128641.4876748493,1912653.628753818,1128,1912,1128_1912,405,405.0,0.6734370293190757,67.344,high,0.554036923169265,0.7518630733713044,0.7450511188168898,0.6664928258518145,12,3,0.3870967741935484,2025-03-25,75.186,0.7799242424242425,1.0,0.9356510925343527,0.018421052631578946,18.9,26.0,0.0,0.0,12.9,12.9,7,0,0,0.6734370293190757,67.344,375,0.0002702058103616362
692205,128.94909425085203,37.203887999853286,1128593.3471746198,1912659.079851536,1128,1912,1128_1912,405,405.0,0.6734370293190757,67.344,high,0.554036923169265,0.7518630733713044,0.7450511188168898,0.6664928258518145,12,3,0.3870967741935484,2025-03-25,75.186,0.7799242424242425,1.0,0.9356510925343527,0.018421052631578946,18.9,26.0,0.0,0.0,12.9,12.9,7,0,0,0.6734370293190757,67.344,376,0.0002709263591892673
692206,128.94852982415296,37.20397599366419,1128543.1075016437,1912668.0764480722,1128,1912,1128_1912,405,405.0,0.6734370293190757,67.344,high,0.554036923169265,0.7518630733713044,0.7450511188168898,0.6664928258518145,12,3,0.3870967741935484,2025-03-25,75.186,0.7799242424242425,1.0,0.9356510925343527,0.018421052631578946,18.9,26.0,0.0,0.0,12.9,12.9,7,0,0,0.6734370293190757,67.344,377,0.00027164690801689833
692207,128.94810084069096,37.20401461434008,1128504.9716448227,1912671.7792776488,1128,1912,1128_1912,405,405.0,0.6734370293190757,67.344,high,0.554036923169265,0.7518630733713044,0.7450511188168898,0.6664928258518145,12,3,0.3870967741935484,2025-03-25,75.186,0.7799242424242425,1.0,0.9356510925343527,0.018421052631578946,18.9,26.0,0.0,0.0,12.9,12.9,7,0,0,0.6734370293190757,67.344,378,0.00027236745684452936
692208,128.94813051362505,37.203567346935934,1128508.3635003762,1912622.19669188,1128,1912,1128_1912,405,405.0,0.6734370293190757,67.344,high,0.554036923169265,0.7518630733713044,0.7450511188168898,0.6664928258518145,12,3,0.3870967741935484,2025-03-25,75.186,0.7799242424242425,1.0,0.9356510925343527,0.018421052631578946,18.9,26.0,0.0,0.0,12.9,12.9,7,0,0,0.6734370293190757,67.344,379,0.0002730880056721604
692209,128.95244398971695,37.20442440254957,1128889.709532783,1912723.1443179436,1128,1912,1128_1912,405,405.0,0.6734370293190757,67.344,high,0.554036923169265,0.7518630733713044,0.7450511188168898,0.6664928258518145,12,3,0.3870967741935484,2025-03-25,75.186,0.7799242424242425,1.0,0.9356510925343527,0.018421052631578946,18.9,26.0,0.0,0.0,12.9,12.9,7,0,0,0.6734370293190757,67.344,380,0.0002738085544997914
692210,128.9522963346832,37.2048212028068,1128875.9310008103,1912766.9671333607,1128,1912,1128_1912,405,405.0,0.6734370293190757,67.344,high,0.554036923169265,0.7518630733713044,0.7450511188168898,0.6664928258518145,12,3,0.3870967741935484,2025-03-25,75.186,0.7799242424242425,1.0,0.9356510925343527,0.018421052631578946,18.9,26.0,0.0,0.0,12.9,12.9,7,0,0,0.6734370293190757,67.344,381,0.00027452910332742244
692211,128.95191700157216,37.20517344144504,1128841.6683080893,1912805.5308716067,1128,1912,1128_1912,405,405.0,0.6734370293190757,67.344,high,0.554036923169265,0.7518630733713044,0.7450511188168898,0.6664928258518145,12,3,0.3870967741935484,2025-03-25,75.186,0.7799242424242425,1.0,0.9356510925343527,0.018421052631578946,18.9,26.0,0.0,0.0,12.9,12.9,7,0,0,0.6734370293190757,67.344,382,0.00027524965215505346
692212,128.9519716780069,37.20558079689084,1128845.8278326865,1912850.8000089321,1128,1912,1128_1912,405,405.0,0.6734370293190757,67.344,high,0.554036923169265,0.7518630733713044,0.7450511188168898,0.6664928258518145,12,3,0.3870967741935484,2025-03-25,75.186,0.7799242424242425,1.0,0.9356510925343527,0.018421052631578946,18.9,26.0,0.0,0.0,12.9,12.9,7,0,0,0.6734370293190757,67.344,383,0.0002759702009826845
692213,128.9523082478707,37.20589480909492,1128875.1621898937,1912886.096493513,1128,1912,1128_1912,405,405.0,0.6734370293190757,67.344,high,0.554036923169265,0.7518630733713044,0.7450511188168898,0.6664928258518145,12,3,0.3870967741935484,2025-03-25,75.186,0.7799242424242425,1.0,0.9356510925343527,0.018421052631578946,18.9,26.0,0.0,0.0,12.9,12.9,7,0,0,0.6734370293190757,67.344,384,0.0002766907498103155
692244,128.94437041303627,37.20570770899758,1128171.0492297616,1912854.5686292697,1128,1912,1128_1912,405,405.0,0.6734370293190757,67.344,high,0.554036923169265,0.7518630733713044,0.7450511188168898,0.6664928258518145,12,3,0.3870967741935484,2025-03-25,75.186,0.7799242424242425,1.0,0.9356510925343527,0.018421052631578946,18.9,26.0,0.0,0.0,12.9,12.9,7,0,0,0.6734370293190757,67.344,385,0.00027741129863794654
692245,128.94380904116477,37.205811600794895,1128121.055483045,1912865.335668937,1128,1912,1128_1912,405,405.0,0.6734370293190757,67.344,high,0.554036923169265,0.7518630733713044,0.7450511188168898,0.6664928258518145,12,3,0.3870967741935484,2025-03-25,75.186,0.7799242424242425,1.0,0.9356510925343527,0.018421052631578946,18.9,26.0,0.0,0.0,12.9,12.9,7,0,0,0.6734370293190757,67.344,386,0.00027813184746557757
692246,128.94352035650815,37.20558187203035,1128095.8250187463,1912839.4576190277,1128,1912,1128_1912,405,405.0,0.6734370293190757,67.344,high,0.554036923169265,0.7518630733713044,0.7450511188168898,0.6664928258518145,12,3,0.3870967741935484,2025-03-25,75.186,0.7799242424242425,1.0,0.9356510925343527,0.018421052631578946,18.9,26.0,0.0,0.0,12.9,12.9,7,0,0,0.6734370293190757,67.344,387,0.0002788523962932086
692247,128.9440298826985,37.20536839293636,1128141.4032289085,1912816.4619479426,1128,1912,1128_1912,405,405.0,0.6734370293190757,67.344,high,0.554036923169265,0.7518630733713044,0.7450511188168898,0.6664928258518145,12,3,0.3870967741935484,2025-03-25,75.186,0.7799242424242425,1.0,0.9356510925343527,0.018421052631578946,18.9,26.0,0.0,0.0,12.9,12.9,7,0,0,0.6734370293190757,67.344,388,0.0002795729451208396
692248,128.94446016241668,37.20543233111527,1128179.4797453473,1912824.1378076042,1128,1912,1128_1912,405,405.0,0.6734370293190757,67.344,high,0.554036923169265,0.7518630733713044,0.7450511188168898,0.6664928258518145,12,3,0.3870967741935484,2025-03-25,75.186,0.7799242424242425,1.0,0.9356510925343527,0.018421052631578946,18.9,26.0,0.0,0.0,12.9,12.9,7,0,0,0.6734370293190757,67.344,389,0.00028029349394847065
692250,128.94250892096218,37.20454248469568,1128007.822495993,1912722.7738670323,1128,1912,1128_1912,405,405.0,0.6734370293190757,67.344,high,0.554036923169265,0.7518630733713044,0.7450511188168898,0.6664928258518145,12,3,0.3870967741935484,2025-03-25,75.186,0.7799242424242425,1.0,0.9356510925343527,0.018421052631578946,18.9,26.0,0.0,0.0,12.9,12.9,7,0,0,0.6734370293190757,67.344,390,0.0002810140427761017
692251,128.94306673997914,37.204540579289485,1128057.3292531292,1912723.3163820782,1128,1912,1128_1912,405,405.0,0.6734370293190757,67.344,high,0.554036923169265,0.7518630733713044,0.7450511188168898,0.6664928258518145,12,3,0.3870967741935484,2025-03-25,75.186,0.7799242424242425,1.0,0.9356510925343527,0.018421052631578946,18.9,26.0,0.0,0.0,12.9,12.9,7,0,0,0.6734370293190757,67.344,391,0.00028173459160373276
692252,128.94361043717134,37.20457562284018,1128105.5203105279,1912727.939454323,1128,1912,1128_1912,405,405.0,0.6734370293190757,67.344,high,0.554036923169265,0.7518630733713044,0.7450511188168898,0.6664928258518145,12,3,0.3870967741935484,2025-03-25,75.186,0.7799242424242425,1.0,0.9356510925343527,0.018421052631578946,18.9,26.0,0.0,0.0,12.9,12.9,7,0,0,0.6734370293190757,67.344,392,0.0002824551404313638
692253,128.9441278798627,37.204761507707595,1128151.1262693645,1912749.2626260077,1128,1912,1128_1912,405,405.0,0.6734370293190757,67.344,high,0.554036923169265,0.7518630733713044,0.7450511188168898,0.6664928258518145,12,3,0.3870967741935484,2025-03-25,75.186,0.7799242424242425,1.0,0.9356510925343527,0.018421052631578946,18.9,26.0,0.0,0.0,12.9,12.9,7,0,0,0.6734370293190757,67.344,393,0.0002831756892589948
692254,128.94441785478648,37.20515307779591,1128176.19759138,1912793.0983363127,1128,1912,1128_1912,405,405.0,0.6734370293190757,67.344,high,0.554036923169265,0.7518630733713044,0.7450511188168898,0.6664928258518145,12,3,0.3870967741935484,2025-03-25,75.186,0.7799242424242425,1.0,0.9356510925343527,0.018421052631578946,18.9,26.0,0.0,0.0,12.9,12.9,7,0,0,0.6734370293190757,67.344,394,0.00028389623808662583
692255,128.9439620911502,37.20531160032483,1128135.4831864033,1912810.0692969493,1128,1912,1128_1912,405,405.0,0.6734370293190757,67.344,high,0.554036923169265,0.7518630733713044,0.7450511188168898,0.6664928258518145,12,3,0.3870967741935484,2025-03-25,75.186,0.7799242424242425,1.0,0.9356510925343527,0.018421052631578946,18.9,26.0,0.0,0.0,12.9,12.9,7,0,0,0.6734370293190757,67.344,395,0.00028461678691425686
692256,128.94347084396148,37.20551790242519,1128091.5392382555,1912832.2934534736,1128,1912,1128_1912,405,405.0,0.6734370293190757,67.344,high,0.554036923169265,0.7518630733713044,0.7450511188168898,0.6664928258518145,12,3,0.3870967741935484,2025-03-25,75.186,0.7799242424242425,1.0,0.9356510925343527,0.018421052631578946,18.9,26.0,0.0,0.0,12.9,12.9,7,0,0,0.6734370293190757,67.344,396,0.0002853373357418879
692257,128.943040055026,37.20577024270448,1128052.8829958641,1912859.7073414226,1128,1912,1128_1912,405,405.0,0.6734370293190757,67.344,high,0.554036923169265,0.7518630733713044,0.7450511188168898,0.6664928258518145,12,3,0.3870967741935484,2025-03-25,75.186,0.7799242424242425,1.0,0.9356510925343527,0.018421052631578946,18.9,26.0,0.0,0.0,12.9,12.9,7,0,0,0.6734370293190757,67.344,397,0.0002860578845695189
692258,128.9424767741038,37.20587895122498,1128002.7119074396,1912871.0068986057,1128,1912,1128_1912,405,405.0,0.6734370293190757,67.344,high,0.554036923169265,0.7518630733713044,0.7450511188168898,0.6664928258518145,12,3,0.3870967741935484,2025-03-25,75.186,0.7799242424242425,1.0,0.9356510925343527,0.018421052631578946,18.9,26.0,0.0,0.0,12.9,12.9,7,0,0,0.6734370293190757,67.344,398,0.00028677843339714994
692308,128.94891491174553,37.20592138565143,1128573.9812527904,1912884.433908374,1128,1912,1128_1912,405,405.0,0.6734370293190757,67.344,high,0.554036923169265,0.7518630733713044,0.7450511188168898,0.6664928258518145,12,3,0.3870967741935484,2025-03-25,75.186,0.7799242424242425,1.0,0.9356510925343527,0.018421052631578946,18.9,26.0,0.0,0.0,12.9,12.9,7,0,0,0.6734370293190757,67.344,399,0.00028749898222478097
692309,128.94849617408204,37.20581883937974,1128536.995072639,1912872.488464692,1128,1912,1128_1912,405,405.0,0.6734370293190757,67.344,high,0.554036923169265,0.7518630733713044,0.7450511188168898,0.6664928258518145,12,3,0.3870967741935484,2025-03-25,75.186,0.7799242424242425,1.0,0.9356510925343527,0.018421052631578946,18.9,26.0,0.0,0.0,12.9,12.9,7,0,0,0.6734370293190757,67.344,400,0.000288219531052412
692310,128.94888824397512,37.205568978833504,1128572.2126518367,1912845.2993270927,1128,1912,1128_1912,405,405.0,0.6734370293190757,67.344,high,0.554036923169265,0.7518630733713044,0.7450511188168898,0.6664928258518145,12,3,0.3870967741935484,2025-03-25,75.186,0.7799242424242425,1.0,0.9356510925343527,0.018421052631578946,18.9,26.0,0.0,0.0,12.9,12.9,7,0,0,0.6734370293190757,67.344,401,0.000288940079880043
692329,128.94273589046003,37.204451967694624,1128028.1177955675,1912713.0380334125,1128,1912,1128_1912,405,405.0,0.6734370293190757,67.344,high,0.554036923169265,0.7518630733713044,0.7450511188168898,0.6664928258518145,12,3,0.3870967741935484,2025-03-25,75.186,0.7799242424242425,1.0,0.9356510925343527,0.018421052631578946,18.9,26.0,0.0,0.0,12.9,12.9,7,0,0,0.6734370293190757,67.344,402,0.00028966062870767404
692330,128.94329311834355,37.20444210577338,1128077.58560211,1912712.6971186514,1128,1912,1128_1912,405,405.0,0.6734370293190757,67.344,high,0.554036923169265,0.7518630733713044,0.7450511188168898,0.6664928258518145,12,3,0.3870967741935484,2025-03-25,75.186,0.7799242424242425,1.0,0.9356510925343527,0.018421052631578946,18.9,26.0,0.0,0.0,12.9,12.9,7,0,0,0.6734370293190757,67.344,403,0.00029038117753530507
692331,128.94384121147735,37.20450471044792,1128126.1202288338,1912720.3840654315,1128,1912,1128_1912,405,405.0,0.6734370293190757,67.344,high,0.554036923169265,0.7518630733713044,0.7450511188168898,0.6664928258518145,12,3,0.3870967741935484,2025-03-25,75.186,0.7799242424242425,1.0,0.9356510925343527,0.018421052631578946,18.9,26.0,0.0,0.0,12.9,12.9,7,0,0,0.6734370293190757,67.344,404,0.0002911017263629361
692332,128.94438625736697,37.204547886440096,1128174.417215402,1912725.9116244395,1128,1912,1128_1912,405,405.0,0.6734370293190757,67.344,high,0.554036923169265,0.7518630733713044,0.7450511188168898,0.6664928258518145,12,3,0.3870967741935484,2025-03-25,75.186,0.7799242424242425,1.0,0.9356510925343527,0.018421052631578946,18.9,26.0,0.0,0.0,12.9,12.9,7,0,0,0.6734370293190757,67.344,405,0.0002918222751905672
692333,128.94493461993872,37.20456803136989,1128223.0474607102,1912728.8887323774,1128,1912,1128_1912,405,405.0,0.6734370293190757,67.344,high,0.554036923169265,0.7518630733713044,0.7450511188168898,0.6664928258518145,12,3,0.3870967741935484,2025-03-25,75.186,0.7799242424242425,1.0,0.9356510925343527,0.018421052631578946,18.9,26.0,0.0,0.0,12.9,12.9,7,0,0,0.6734370293190757,67.344,406,0.0002925428240181982
692334,128.94817894388328,37.200382939189645,1128518.0618553266,1912268.9629921596,1128,1912,1128_1912,405,405.0,0.6734370293190757,67.344,high,0.554036923169265,0.7518630733713044,0.7450511188168898,0.6664928258518145,12,3,0.3870967741935484,2025-03-25,75.186,0.7799242424242425,1.0,0.9356510925343527,0.018421052631578946,18.9,26.0,0.0,0.0,12.9,12.9,7,0,0,0.6734370293190757,67.344,407,0.00029326337284582923
692335,128.94765472253283,37.200283685044646,1128471.7056083921,1912257.2400838216,1128,1912,1128_1912,405,405.0,0.6734370293190757,67.344,high,0.554036923169265,0.7518630733713044,0.7450511188168898,0.6664928258518145,12,3,0.3870967741935484,2025-03-25,75.186,0.7799242424242425,1.0,0.9356510925343527,0.018421052631578946,18.9,26.0,0.0,0.0,12.9,12.9,7,0,0,0.6734370293190757,67.344,408,0.00029398392167346026
692336,128.94726094562793,37.20028289803028,1128436.75930501,1912256.6188614815,1128,1912,1128_1912,405,405.0,0.6734370293190757,67.344,high,0.554036923169265,0.7518630733713044,0.7450511188168898,0.6664928258518145,12,3,0.3870967741935484,2025-03-25,75.186,0.7799242424242425,1.0,0.9356510925343527,0.018421052631578946,18.9,26.0,0.0,0.0,12.9,12.9,7,0,0,0.6734370293190757,67.344,409,0.0002947044705010913
692337,128.94774818198806,37.200454777893775,1128479.7100650412,1912276.3489970157,1128,1912,1128_1912,405,405.0,0.6734370293190757,67.344,high,0.554036923169265,0.7518630733713044,0.7450511188168898,0.6664928258518145,12,3,0.3870967741935484,2025-03-25,75.186,0.7799242424242425,1.0,0.9356510925343527,0.018421052631578946,18.9,26.0,0.0,0.0,12.9,12.9,7,0,0,0.6734370293190757,67.344,410,0.0002954250193287223
692338,128.94800853074173,37.20076602115432,1128502.2881727437,1912311.2334877895,1128,1912,1128_1912,405,405.0,0.6734370293190757,67.344,high,0.554036923169265,0.7518630733713044,0.7450511188168898,0.6664928258518145,12,3,0.3870967741935484,2025-03-25,75.186,0.7799242424242425,1.0,0.9356510925343527,0.018421052631578946,18.9,26.0,0.0,0.0,12.9,12.9,7,0,0,0.6734370293190757,67.344,411,0.00029614556815635334
692339,128.94749216560808,37.20064781286055,1128456.6615058575,1912297.4184134,1128,1912,1128_1912,405,405.0,0.6734370293190757,67.344,high,0.554036923169265,0.7518630733713044,0.7450511188168898,0.6664928258518145,12,3,0.3870967741935484,2025-03-25,75.186,0.7799242424242425,1.0,0.9356510925343527,0.018421052631578946,18.9,26.0,0.0,0.0,12.9,12.9,7,0,0,0.6734370293190757,67.344,412,0.00029686611698398436
692340,128.94748339581858,37.2008845403242,1128455.4819357311,1912323.6706363168,1128,1912,1128_1912,405,405.0,0.6734370293190757,67.344,high,0.554036923169265,0.7518630733713044,0.7450511188168898,0.6664928258518145,12,3,0.3870967741935484,2025-03-25,75.186,0.7799242424242425,1.0,0.9356510925343527,0.018421052631578946,18.9,26.0,0.0,0.0,12.9,12.9,7,0,0,0.6734370293190757,67.344,413,0.0002975866658116154
692341,128.94787297157438,37.20120511965778,1128489.512911807,1912359.7661287065,1128,1912,1128_1912,405,405.0,0.6734370293190757,67.344,high,0.554036923169265,0.7518630733713044,0.7450511188168898,0.6664928258518145,12,3,0.3870967741935484,2025-03-25,75.186,0.7799242424242425,1.0,0.9356510925343527,0.018421052631578946,18.9,26.0,0.0,0.0,12.9,12.9,7,0,0,0.6734370293190757,67.344,414,0.0002983072146392464
692342,128.9482355012024,37.2015427838441,1128521.114317771,1912397.720584446,1128,1912,1128_1912,405,405.0,0.6734370293190757,67.344,high,0.554036923169265,0.7518630733713044,0.7450511188168898,0.6664928258518145,12,3,0.3870967741935484,2025-03-25,75.186,0.7799242424242425,1.0,0.9356510925343527,0.018421052631578946,18.9,26.0,0.0,0.0,12.9,12.9,7,0,0,0.6734370293190757,67.344,415,0.00029902776346687744
692343,128.94869879906548,37.20173365232085,1128561.9074471188,1912419.5254166755,1128,1912,1128_1912,405,405.0,0.6734370293190757,67.344,high,0.554036923169265,0.7518630733713044,0.7450511188168898,0.6664928258518145,12,3,0.3870967741935484,2025-03-25,75.186,0.7799242424242425,1.0,0.9356510925343527,0.018421052631578946,18.9,26.0,0.0,0.0,12.9,12.9,7,0,0,0.6734370293190757,67.344,416,0.00029974831229450847
692344,128.9492192907976,37.20187453057596,1128607.8610459277,1912435.8618453522,1128,1912,1128_1912,405,405.0,0.6734370293190757,67.344,high,0.554036923169265,0.7518630733713044,0.7450511188168898,0.6664928258518145,12,3,0.3870967741935484,2025-03-25,75.186,0.7799242424242425,1.0,0.9356510925343527,0.018421052631578946,18.9,26.0,0.0,0.0,12.9,12.9,7,0,0,0.6734370293190757,67.344,417,0.0003004688611221395
692345,128.9497231855244,37.20202360804536,1128652.327607008,1912453.085666909,1128,1912,1128_1912,405,405.0,0.6734370293190757,67.344,high,0.554036923169265,0.7518630733713044,0.7450511188168898,0.6664928258518145,12,3,0.3870967741935484,2025-03-25,75.186,0.7799242424242425,1.0,0.9356510925343527,0.018421052631578946,18.9,26.0,0.0,0.0,12.9,12.9,7,0,0,0.6734370293190757,67.344,418,0.0003011894099497705
692346,128.9502863458806,37.20201868043391,1128702.315234233,1912453.303887897,1128,1912,1128_1912,405,405.0,0.6734370293190757,67.344,high,0.554036923169265,0.7518630733713044,0.7450511188168898,0.6664928258518145,12,3,0.3870967741935484,2025-03-25,75.186,0.7799242424242425,1.0,0.9356510925343527,0.018421052631578946,18.9,26.0,0.0,0.0,12.9,12.9,7,0,0,0.6734370293190757,67.344,419,0.00030190995877740155
692347,128.95082970899287,37.20193044422448,1128750.6874483966,1912444.2526871248,1128,1912,1128_1912,405,405.0,0.6734370293190757,67.344,high,0.554036923169265,0.7518630733713044,0.7450511188168898,0.6664928258518145,12,3,0.3870967741935484,2025-03-25,75.186,0.7799242424242425,1.0,0.9356510925343527,0.018421052631578946,18.9,26.0,0.0,0.0,12.9,12.9,7,0,0,0.6734370293190757,67.344,420,0.0003026305076050326
692348,128.95140095129585,37.20191059100498,1128801.417774677,1912442.8265324591,1128,1912,1128_1912,405,405.0,0.6734370293190757,67.344,high,0.554036923169265,0.7518630733713044,0.7450511188168898,0.6664928258518145,12,3,0.3870967741935484,2025-03-25,75.186,0.7799242424242425,1.0,0.9356510925343527,0.018421052631578946,18.9,26.0,0.0,0.0,12.9,12.9,7,0,0,0.6734370293190757,67.344,421,0.00030335105643266365
692349,128.9519609193506,37.20190942210021,1128851.1157949213,1912443.4583123836,1128,1912,1128_1912,405,405.0,0.6734370293190757,67.344,high,0.554036923169265,0.7518630733713044,0.7450511188168898,0.6664928258518145,12,3,0.3870967741935484,2025-03-25,75.186,0.7799242424242425,1.0,0.9356510925343527,0.018421052631578946,18.9,26.0,0.0,0.0,12.9,12.9,7,0,0,0.6734370293190757,67.344,422,0.0003040716052602947
692350,128.95167183462053,37.201704016777754,1128825.8092902142,1912420.2761241237,1128,1912,1128_1912,405,405.0,0.6734370293190757,67.344,high,0.554036923169265,0.7518630733713044,0.7450511188168898,0.6664928258518145,12,3,0.3870967741935484,2025-03-25,75.186,0.7799242424242425,1.0,0.9356510925343527,0.018421052631578946,18.9,26.0,0.0,0.0,12.9,12.9,7,0,0,0.6734370293190757,67.344,423,0.0003047921540879257
692351,128.95111790031677,37.20159853320625,1128776.8278573297,1912407.81995976,1128,1912,1128_1912,405,405.0,0.6734370293190757,67.344,high,0.554036923169265,0.7518630733713044,0.7450511188168898,0.6664928258518145,12,3,0.3870967741935484,2025-03-25,75.186,0.7799242424242425,1.0,0.9356510925343527,0.018421052631578946,18.9,26.0,0.0,0.0,12.9,12.9,7,0,0,0.6734370293190757,67.344,424,0.00030551270291555673
692352,128.95057282423352,37.201505476957664,1128728.6113338957,1912396.7548914524,1128,1912,1128_1912,405,405.0,0.6734370293190757,67.344,high,0.554036923169265,0.7518630733713044,0.7450511188168898,0.6664928258518145,12,3,0.3870967741935484,2025-03-25,75.186,0.7799242424242425,1.0,0.9356510925343527,0.018421052631578946,18.9,26.0,0.0,0.0,12.9,12.9,7,0,0,0.6734370293190757,67.344,425,0.00030623325174318776
692353,128.95016343732019,37.2011914782453,1128692.8121099537,1912361.3615846995,1128,1912,1128_1912,405,405.0,0.6734370293190757,67.344,high,0.554036923169265,0.7518630733713044,0.7450511188168898,0.6664928258518145,12,3,0.3870967741935484,2025-03-25,75.186,0.7799242424242425,1.0,0.9356510925343527,0.018421052631578946,18.9,26.0,0.0,0.0,12.9,12.9,7,0,0,0.6734370293190757,67.344,426,0.0003069538005708188
692354,128.94989759650866,37.200781593060256,1128669.9149803566,1912315.5251041432,1128,1912,1128_1912,405,405.0,0.6734370293190757,67.344,high,0.554036923169265,0.7518630733713044,0.7450511188168898,0.6664928258518145,12,3,0.3870967741935484,2025-03-25,75.186,0.7799242424242425,1.0,0.9356510925343527,0.018421052631578946,18.9,26.0,0.0,0.0,12.9,12.9,7,0,0,0.6734370293190757,67.344,427,0.0003076743493984498
692355,128.94974972725822,37.20040889756103,1128657.4244020558,1912273.9749665598,1128,1912,1128_1912,405,405.0,0.6734370293190757,67.344,high,0.554036923169265,0.7518630733713044,0.7450511188168898,0.6664928258518145,12,3,0.3870967741935484,2025-03-25,75.186,0.7799242424242425,1.0,0.9356510925343527,0.018421052631578946,18.9,26.0,0.0,0.0,12.9,12.9,7,0,0,0.6734370293190757,67.344,428,0.00030839489822608084
692356,128.9481677303527,37.201731771097286,1128514.7792710636,1912418.5961514337,1128,1912,1128_1912,405,405.0,0.6734370293190757,67.344,high,0.554036923169265,0.7518630733713044,0.7450511188168898,0.6664928258518145,12,3,0.3870967741935484,2025-03-25,75.186,0.7799242424242425,1.0,0.9356510925343527,0.018421052631578946,18.9,26.0,0.0,0.0,12.9,12.9,7,0,0,0.6734370293190757,67.344,429,0.00030911544705371186
692357,128.94857645127732,37.20184241121488,1128550.8648153222,1912431.4258288075,1128,1912,1128_1912,405,405.0,0.6734370293190757,67.344,high,0.554036923169265,0.7518630733713044,0.7450511188168898,0.6664928258518145,12,3,0.3870967741935484,2025-03-25,75.186,0.7799242424242425,1.0,0.9356510925343527,0.018421052631578946,18.9,26.0,0.0,0.0,12.9,12.9,7,0,0,0.6734370293190757,67.344,430,0.0003098359958813429
692358,128.9490581349863,37.202064587161225,1128593.2362827314,1912456.7292287953,1128,1912,1128_1912,405,405.0,0.6734370293190757,67.344,high,0.554036923169265,0.7518630733713044,0.7450511188168898,0.6664928258518145,12,3,0.3870967741935484,2025-03-25,75.186,0.7799242424242425,1.0,0.9356510925343527,0.018421052631578946,18.9,26.0,0.0,0.0,12.9,12.9,7,0,0,0.6734370293190757,67.344,431,0.0003105565447089739
692359,128.94954482909677,37.20227744200725,1128636.0679830147,1912481.0055081334,1128,1912,1128_1912,405,405.0,0.6734370293190757,67.344,high,0.554036923169265,0.7518630733713044,0.7450511188168898,0.6664928258518145,12,3,0.3870967741935484,2025-03-25,75.186,0.7799242424242425,1.0,0.9356510925343527,0.018421052631578946,18.9,26.0,0.0,0.0,12.9,12.9,7,0,0,0.6734370293190757,67.344,432,0.00031127709353660494
692360,128.9500350468045,37.202475257801616,1128679.2376883253,1912503.6182661196,1128,1912,1128_1912,405,405.0,0.6734370293190757,67.344,high,0.554036923169265,0.7518630733713044,0.7450511188168898,0.6664928258518145,12,3,0.3870967741935484,2025-03-25,75.186,0.7799242424242425,1.0,0.9356510925343527,0.018421052631578946,18.9,26.0,0.0,0.0,12.9,12.9,7,0,0,0.6734370293190757,67.344,433,0.00031199764236423597
692361,128.95059185569184,37.20257389033225,1128728.4854252161,1912515.3176805032,1128,1912,1128_1912,405,405.0,0.6734370293190757,67.344,high,0.554036923169265,0.7518630733713044,0.7450511188168898,0.6664928258518145,12,3,0.3870967741935484,2025-03-25,75.186,0.7799242424242425,1.0,0.9356510925343527,0.018421052631578946,18.9,26.0,0.0,0.0,12.9,12.9,7,0,0,0.6734370293190757,67.344,434,0.000312718191191867
692362,128.95071820401395,37.20272697640279,1128739.4384091073,1912532.4737683616,1128,1912,1128_1912,405,405.0,0.6734370293190757,67.344,high,0.554036923169265,0.7518630733713044,0.7450511188168898,0.6664928258518145,12,3,0.3870967741935484,2025-03-25,75.186,0.7799242424242425,1.0,0.9356510925343527,0.018421052631578946,18.9,26.0,0.0,0.0,12.9,12.9,7,0,0,0.6734370293190757,67.344,435,0.0003134387400194981
692364,128.94303331902466,37.19804016514434,1128065.3478512936,1912002.0724990307,1128,1912,1128_1912,405,405.0,0.6734370293190757,67.344,high,0.554036923169265,0.7518630733713044,0.7450511188168898,0.6664928258518145,12,3,0.3870967741935484,2025-03-25,75.186,0.7799242424242425,1.0,0.9356510925343527,0.018421052631578946,18.9,26.0,0.0,0.0,12.9,12.9,7,0,0,0.6734370293190757,67.344,436,0.0003141592888471291
692365,128.94356817982288,37.19809038860864,1128112.7331499597,1912008.3677137021,1128,1912,1128_1912,405,405.0,0.6734370293190757,67.344,high,0.554036923169265,0.7518630733713044,0.7450511188168898,0.6664928258518145,12,3,0.3870967741935484,2025-03-25,75.186,0.7799242424242425,1.0,0.9356510925343527,0.018421052631578946,18.9,26.0,0.0,0.0,12.9,12.9,7,0,0,0.6734370293190757,67.344,437,0.00031487983767476013
692366,128.94411488682917,37.19810606344354,1128161.2281874947,1912010.8461707397,1128,1912,1128_1912,405,405.0,0.6734370293190757,67.344,high,0.554036923169265,0.7518630733713044,0.7450511188168898,0.6664928258518145,12,3,0.3870967741935484,2025-03-25,75.186,0.7799242424242425,1.0,0.9356510925343527,0.018421052631578946,18.9,26.0,0.0,0.0,12.9,12.9,7,0,0,0.6734370293190757,67.344,438,0.00031560038650239115
692371,128.94629109560717,37.19818045303048,1128354.2458881289,1912022.0454090277,1128,1912,1128_1912,405,405.0,0.6734370293190757,67.344,high,0.554036923169265,0.7518630733713044,0.7450511188168898,0.6664928258518145,12,3,0.3870967741935484,2025-03-25,75.186,0.7799242424242425,1.0,0.9356510925343527,0.018421052631578946,18.9,26.0,0.0,0.0,12.9,12.9,7,0,0,0.6734370293190757,67.344,439,0.0003163209353300222
692372,128.94656494024355,37.19852211785516,1128377.9715007904,1912060.3229731028,1128,1912,1128_1912,405,405.0,0.6734370293190757,67.344,high,0.554036923169265,0.7518630733713044,0.7450511188168898,0.6664928258518145,12,3,0.3870967741935484,2025-03-25,75.186,0.7799242424242425,1.0,0.9356510925343527,0.018421052631578946,18.9,26.0,0.0,0.0,12.9,12.9,7,0,0,0.6734370293190757,67.344,440,0.0003170414841576532
692373,128.94710104345225,37.19849534884524,1128425.5970370362,1912058.0795965053,1128,1912,1128_1912,405,405.0,0.6734370293190757,67.344,high,0.554036923169265,0.7518630733713044,0.7450511188168898,0.6664928258518145,12,3,0.3870967741935484,2025-03-25,75.186,0.7799242424242425,1.0,0.9356510925343527,0.018421052631578946,18.9,26.0,0.0,0.0,12.9,12.9,7,0,0,0.6734370293190757,67.344,441,0.00031776203298528423
692374,128.9476242398514,37.19836353041652,1128472.255173104,1912044.1641127018,1128,1912,1128_1912,405,405.0,0.6734370293190757,67.344,high,0.554036923169265,0.7518630733713044,0.7450511188168898,0.6664928258518145,12,3,0.3870967741935484,2025-03-25,75.186,0.7799242424242425,1.0,0.9356510925343527,0.018421052631578946,18.9,26.0,0.0,0.0,12.9,12.9,7,0,0,0.6734370293190757,67.344,442,0.00031848258181291526
692375,128.9481808543742,37.198250555344615,1128521.8474534275,1912032.3848216266,1128,1912,1128_1912,405,405.0,0.6734370293190757,67.344,high,0.554036923169265,0.7518630733713044,0.7450511188168898,0.6664928258518145,12,3,0.3870967741935484,2025-03-25,75.186,0.7799242424242425,1.0,0.9356510925343527,0.018421052631578946,18.9,26.0,0.0,0.0,12.9,12.9,7,0,0,0.6734370293190757,67.344,443,0.0003192031306405463
692376,128.94874289609933,37.198188872376655,1128571.8345496517,1912026.3038688495,1128,1912,1128_1912,405,405.0,0.6734370293190757,67.344,high,0.554036923169265,0.7518630733713044,0.7450511188168898,0.6664928258518145,12,3,0.3870967741935484,2025-03-25,75.186,0.7799242424242425,1.0,0.9356510925343527,0.018421052631578946,18.9,26.0,0.0,0.0,12.9,12.9,7,0,0,0.6734370293190757,67.344,444,0.0003199236794681773
692377,128.94926293102424,37.198339577081846,1128617.7331047105,1912043.7298770093,1128,1912,1128_1912,405,405.0,0.6734370293190757,67.344,high,0.554036923169265,0.7518630733713044,0.7450511188168898,0.6664928258518145,12,3,0.3870967741935484,2025-03-25,75.186,0.7799242424242425,1.0,0.9356510925343527,0.018421052631578946,18.9,26.0,0.0,0.0,12.9,12.9,7,0,0,0.6734370293190757,67.344,445,0.00032064422829580834
692378,128.94957433480337,37.19872204689453,1128644.7216607204,1912086.5863922697,1128,1912,1128_1912,405,405.0,0.6734370293190757,67.344,high,0.554036923169265,0.7518630733713044,0.7450511188168898,0.6664928258518145,12,3,0.3870967741935484,2025-03-25,75.186,0.7799242424242425,1.0,0.9356510925343527,0.018421052631578946,18.9,26.0,0.0,0.0,12.9,12.9,7,0,0,0.6734370293190757,67.344,446,0.00032136477712343937
692379,128.94957216038887,37.19908623986316,1128643.91050075,1912126.9894197292,1128,1912,1128_1912,405,405.0,0.6734370293190757,67.344,high,0.554036923169265,0.7518630733713044,0.7450511188168898,0.6664928258518145,12,3,0.3870967741935484,2025-03-25,75.186,0.7799242424242425,1.0,0.9356510925343527,0.018421052631578946,18.9,26.0,0.0,0.0,12.9,12.9,7,0,0,0.6734370293190757,67.344,447,0.0003220853259510704
692380,128.94960663152446,37.19949918057216,1128646.2689138022,1912172.8506061255,1128,1912,1128_1912,405,405.0,0.6734370293190757,67.344,high,0.554036923169265,0.7518630733713044,0.7450511188168898,0.6664928258518145,12,3,0.3870967741935484,2025-03-25,75.186,0.7799242424242425,1.0,0.9356510925343527,0.018421052631578946,18.9,26.0,0.0,0.0,12.9,12.9,7,0,0,0.6734370293190757,67.344,448,0.0003228058747787014
692381,128.95002035638927,37.199768292209434,1128682.5303837878,1912203.2695000216,1128,1912,1128_1912,405,405.0,0.6734370293190757,67.344,high,0.554036923169265,0.7518630733713044,0.7450511188168898,0.6664928258518145,12,3,0.3870967741935484,2025-03-25,75.186,0.7799242424242425,1.0,0.9356510925343527,0.018421052631578946,18.9,26.0,0.0,0.0,12.9,12.9,7,0,0,0.6734370293190757,67.344,449,0.00032352642360633244
692382,128.94986342990634,37.2001894307988,1128667.8880873192,1912249.7802794375,1128,1912,1128_1912,405,405.0,0.6734370293190757,67.344,high,0.554036923169265,0.7518630733713044,0.7450511188168898,0.6664928258518145,12,3,0.3870967741935484,2025-03-25,75.186,0.7799242424242425,1.0,0.9356510925343527,0.018421052631578946,18.9,26.0,0.0,0.0,12.9,12.9,7,0,0,0.6734370293190757,67.344,450,0.0003242469724339635
692383,128.94369987790697,37.202914305318046,1128116.2664938907,1912543.7428291421,1128,1912,1128_1912,405,405.0,0.6734370293190757,67.344,high,0.554036923169265,0.7518630733713044,0.7450511188168898,0.6664928258518145,12,3,0.3870967741935484,2025-03-25,75.186,0.7799242424242425,1.0,0.9356510925343527,0.018421052631578946,18.9,26.0,0.0,0.0,12.9,12.9,7,0,0,0.6734370293190757,67.344,451,0.00032496752126159455
692384,128.94425670603874,37.20300952143222,1128165.5221235044,1912555.0599190854,1128,1912,1128_1912,405,405.0,0.6734370293190757,67.344,high,0.554036923169265,0.7518630733713044,0.7450511188168898,0.6664928258518145,12,3,0.3870967741935484,2025-03-25,75.186,0.7799242424242425,1.0,0.9356510925343527,0.018421052631578946,18.9,26.0,0.0,0.0,12.9,12.9,7,0,0,0.6734370293190757,67.344,452,0.0003256880700892256
692388,128.953228937139,37.20349102914447,1128960.958209316,1912620.6578405944,1128,1912,1128_1912,405,405.0,0.6734370293190757,67.344,high,0.554036923169265,0.7518630733713044,0.7450511188168898,0.6664928258518145,12,3,0.3870967741935484,2025-03-25,75.186,0.7799242424242425,1.0,0.9356510925343527,0.018421052631578946,18.9,26.0,0.0,0.0,12.9,12.9,7,0,0,0.6734370293190757,67.344,453,0.0003264086189168566
692389,128.9527885919294,37.20324219161392,1128922.3026269793,1912592.4507711483,1128,1912,1128_1912,405,405.0,0.6734370293190757,67.344,high,0.554036923169265,0.7518630733713044,0.7450511188168898,0.6664928258518145,12,3,0.3870967741935484,2025-03-25,75.186,0.7799242424242425,1.0,0.9356510925343527,0.018421052631578946,18.9,26.0,0.0,0.0,12.9,12.9,7,0,0,0.6734370293190757,67.344,454,0.00032712916774448763
692390,128.9523007068956,37.20300601134929,1128879.4062573763,1912565.5834938977,1128,1912,1128_1912,405,405.0,0.6734370293190757,67.344,high,0.554036923169265,0.7518630733713044,0.7450511188168898,0.6664928258518145,12,3,0.3870967741935484,2025-03-25,75.186,0.7799242424242425,1.0,0.9356510925343527,0.018421052631578946,18.9,26.0,0.0,0.0,12.9,12.9,7,0,0,0.6734370293190757,67.344,455,0.00032784971657211866
692391,128.95181698438583,37.20280796853712,1128836.814189252,1912542.9533300335,1128,1912,1128_1912,405,405.0,0.6734370293190757,67.344,high,0.554036923169265,0.7518630733713044,0.7450511188168898,0.6664928258518145,12,3,0.3870967741935484,2025-03-25,75.186,0.7799242424242425,1.0,0.9356510925343527,0.018421052631578946,18.9,26.0,0.0,0.0,12.9,12.9,7,0,0,0.6734370293190757,67.344,456,0.0003285702653997497
692392,128.95130038074257,37.20263809238273,1128791.2559196013,1912523.4036846585,1128,1912,1128_1912,405,405.0,0.6734370293190757,67.344,high,0.554036923169265,0.7518630733713044,0.7450511188168898,0.6664928258518145,12,3,0.3870967741935484,2025-03-25,75.186,0.7799242424242425,1.0,0.9356510925343527,0.018421052631578946,18.9,26.0,0.0,0.0,12.9,12.9,7,0,0,0.6734370293190757,67.344,457,0.0003292908142273807
692393,128.9507311178596,37.202540565086686,1128740.9011672356,1912511.8095966012,1128,1912,1128_1912,405,405.0,0.6734370293190757,67.344,high,0.554036923169265,0.7518630733713044,0.7450511188168898,0.6664928258518145,12,3,0.3870967741935484,2025-03-25,75.186,0.7799242424242425,1.0,0.9356510925343527,0.018421052631578946,18.9,26.0,0.0,0.0,12.9,12.9,7,0,0,0.6734370293190757,67.344,458,0.00033001136305501174
692394,128.95016472149996,37.20243350455822,1128690.816873695,1912499.1620272745,1128,1912,1128_1912,405,405.0,0.6734370293190757,67.344,high,0.554036923169265,0.7518630733713044,0.7450511188168898,0.6664928258518145,12,3,0.3870967741935484,2025-03-25,75.186,0.7799242424242425,1.0,0.9356510925343527,0.018421052631578946,18.9,26.0,0.0,0.0,12.9,12.9,7,0,0,0.6734370293190757,67.344,459,0.00033073191188264276
692395,128.94966216197955,37.20224715619855,1128646.532400093,1912477.8047239773,1128,1912,1128_1912,405,405.0,0.6734370293190757,67.344,high,0.554036923169265,0.7518630733713044,0.7450511188168898,0.6664928258518145,12,3,0.3870967741935484,2025-03-25,75.186,0.7799242424242425,1.0,0.9356510925343527,0.018421052631578946,18.9,26.0,0.0,0.0,12.9,12.9,7,0,0,0.6734370293190757,67.344,460,0.0003314524607102738
692396,128.9491698752314,37.202029029363295,1128603.213323392,1912452.9358894862,1128,1912,1128_1912,405,405.0,0.6734370293190757,67.344,high,0.554036923169265,0.7518630733713044,0.7450511188168898,0.6664928258518145,12,3,0.3870967741935484,2025-03-25,75.186,0.7799242424242425,1.0,0.9356510925343527,0.018421052631578946,18.9,26.0,0.0,0.0,12.9,12.9,7,0,0,0.6734370293190757,67.344,461,0.0003321730095379048
692397,128.9488129058828,37.20178092790382,1128571.9540082866,1912424.9253385593,1128,1912,1128_1912,405,405.0,0.6734370293190757,67.344,high,0.554036923169265,0.7518630733713044,0.7450511188168898,0.6664928258518145,12,3,0.3870967741935484,2025-03-25,75.186,0.7799242424242425,1.0,0.9356510925343527,0.018421052631578946,18.9,26.0,0.0,0.0,12.9,12.9,7,0,0,0.6734370293190757,67.344,462,0.00033289355836553584
692398,128.94931914785013,37.2019644534787,1128616.570541004,1912445.974055867,1128,1912,1128_1912,405,405.0,0.6734370293190757,67.344,high,0.554036923169265,0.7518630733713044,0.7450511188168898,0.6664928258518145,12,3,0.3870967741935484,2025-03-25,75.186,0.7799242424242425,1.0,0.9356510925343527,0.018421052631578946,18.9,26.0,0.0,0.0,12.9,12.9,7,0,0,0.6734370293190757,67.344,463,0.00033361410719316687
692399,128.9498733853503,37.20208171327887,1128665.5588601292,1912459.7362324551,1128,1912,1128_1912,405,405.0,0.6734370293190757,67.344,high,0.554036923169265,0.7518630733713044,0.7450511188168898,0.6664928258518145,12,3,0.3870967741935484,2025-03-25,75.186,0.7799242424242425,1.0,0.9356510925343527,0.018421052631578946,18.9,26.0,0.0,0.0,12.9,12.9,7,0,0,0.6734370293190757,67.344,464,0.00033433465602079795
692400,128.95042836132893,37.202044412168135,1128714.8750924333,1912456.3516806955,1128,1912,1128_1912,405,405.0,0.6734370293190757,67.344,high,0.554036923169265,0.7518630733713044,0.7450511188168898,0.6664928258518145,12,3,0.3870967741935484,2025-03-25,75.186,0.7799242424242425,1.0,0.9356510925343527,0.018421052631578946,18.9,26.0,0.0,0.0,12.9,12.9,7,0,0,0.6734370293190757,67.344,465,0.000335055204848429
692401,128.95097719902668,37.2019599763875,1128763.7267063505,1912447.7296381746,1128,1912,1128_1912,405,405.0,0.6734370293190757,67.344,high,0.554036923169265,0.7518630733713044,0.7450511188168898,0.6664928258518145,12,3,0.3870967741935484,2025-03-25,75.186,0.7799242424242425,1.0,0.9356510925343527,0.018421052631578946,18.9,26.0,0.0,0.0,12.9,12.9,7,0,0,0.6734370293190757,67.344,466,0.00033577575367606
692402,128.95154184094375,37.20195597799671,1128813.8442962528,1912448.0536289986,1128,1912,1128_1912,405,405.0,0.6734370293190757,67.344,high,0.554036923169265,0.7518630733713044,0.7450511188168898,0.6664928258518145,12,3,0.3870967741935484,2025-03-25,75.186,0.7799242424242425,1.0,0.9356510925343527,0.018421052631578946,18.9,26.0,0.0,0.0,12.9,12.9,7,0,0,0.6734370293190757,67.344,467,0.000336496302503691
692403,128.95210508863255,37.201952231619,1128863.8377314177,1912448.4039821352,1128,1912,1128_1912,405,405.0,0.6734370293190757,67.344,high,0.554036923169265,0.7518630733713044,0.7450511188168898,0.6664928258518145,12,3,0.3870967741935484,2025-03-25,75.186,0.7799242424242425,1.0,0.9356510925343527,0.018421052631578946,18.9,26.0,0.0,0.0,12.9,12.9,7,0,0,0.6734370293190757,67.344,468,0.00033721685133132205
692404,128.95178976487816,37.201682196429765,1128836.3124874628,1912418.0155997728,1128,1912,1128_1912,405,405.0,0.6734370293190757,67.344,high,0.554036923169265,0.7518630733713044,0.7450511188168898,0.6664928258518145,12,3,0.3870967741935484,2025-03-25,75.186,0.7799242424242425,1.0,0.9356510925343527,0.018421052631578946,18.9,26.0,0.0,0.0,12.9,12.9,7,0,0,0.6734370293190757,67.344,469,0.0003379374001589531
692405,128.9512604300661,37.20158619990723,1128789.4980958959,1912406.6453721612,1128,1912,1128_1912,405,405.0,0.6734370293190757,67.344,high,0.554036923169265,0.7518630733713044,0.7450511188168898,0.6664928258518145,12,3,0.3870967741935484,2025-03-25,75.186,0.7799242424242425,1.0,0.9356510925343527,0.018421052631578946,18.9,26.0,0.0,0.0,12.9,12.9,7,0,0,0.6734370293190757,67.344,470,0.0003386579489865841
692406,128.95070034049388,37.20150088941229,1128739.9359966926,1912396.4191945035,1128,1912,1128_1912,405,405.0,0.6734370293190757,67.344,high,0.554036923169265,0.7518630733713044,0.7450511188168898,0.6664928258518145,12,3,0.3870967741935484,2025-03-25,75.186,0.7799242424242425,1.0,0.9356510925343527,0.018421052631578946,18.9,26.0,0.0,0.0,12.9,12.9,7,0,0,0.6734370293190757,67.344,471,0.00033937849781421513
692407,128.9502619344554,37.20125326233594,1128701.4486858456,1912368.3501276765,1128,1912,1128_1912,405,405.0,0.6734370293190757,67.344,high,0.554036923169265,0.7518630733713044,0.7450511188168898,0.6664928258518145,12,3,0.3870967741935484,2025-03-25,75.186,0.7799242424242425,1.0,0.9356510925343527,0.018421052631578946,18.9,26.0,0.0,0.0,12.9,12.9,7,0,0,0.6734370293190757,67.344,472,0.00034009904664184616
692408,128.95000029233,37.2008697794852,1128678.8794233047,1912325.4485751118,1128,1912,1128_1912,405,405.0,0.6734370293190757,67.344,high,0.554036923169265,0.7518630733713044,0.7450511188168898,0.6664928258518145,12,3,0.3870967741935484,2025-03-25,75.186,0.7799242424242425,1.0,0.9356510925343527,0.018421052631578946,18.9,26.0,0.0,0.0,12.9,12.9,7,0,0,0.6734370293190757,67.344,473,0.0003408195954694772
692409,128.94983880133077,37.20045599118686,1128665.2497471266,1912279.3208137813,1128,1912,1128_1912,405,405.0,0.6734370293190757,67.344,high,0.554036923169265,0.7518630733713044,0.7450511188168898,0.6664928258518145,12,3,0.3870967741935484,2025-03-25,75.186,0.7799242424242425,1.0,0.9356510925343527,0.018421052631578946,18.9,26.0,0.0,0.0,12.9,12.9,7,0,0,0.6734370293190757,67.344,474,0.0003415401442971082
692424,128.94278243426567,37.19874195876811,1128041.8956022933,1912079.5949750908,1128,1912,1128_1912,405,405.0,0.6734370293190757,67.344,high,0.554036923169265,0.7518630733713044,0.7450511188168898,0.6664928258518145,12,3,0.3870967741935484,2025-03-25,75.186,0.7799242424242425,1.0,0.9356510925343527,0.018421052631578946,18.9,26.0,0.0,0.0,12.9,12.9,7,0,0,0.6734370293190757,67.344,475,0.00034226069312473924
692425,128.9433101365474,37.1989310181796,1128088.4105040594,1912101.2837592543,1128,1912,1128_1912,405,405.0,0.6734370293190757,67.344,high,0.554036923169265,0.7518630733713044,0.7450511188168898,0.6664928258518145,12,3,0.3870967741935484,2025-03-25,75.186,0.7799242424242425,1.0,0.9356510925343527,0.018421052631578946,18.9,26.0,0.0,0.0,12.9,12.9,7,0,0,0.6734370293190757,67.344,476,0.00034298124195237026
692426,128.94377398844205,37.19916513839447,1128129.1821973964,1912127.8857958107,1128,1912,1128_1912,405,405.0,0.6734370293190757,67.344,high,0.554036923169265,0.7518630733713044,0.7450511188168898,0.6664928258518145,12,3,0.3870967741935484,2025-03-25,75.186,0.7799242424242425,1.0,0.9356510925343527,0.018421052631578946,18.9,26.0,0.0,0.0,12.9,12.9,7,0,0,0.6734370293190757,67.344,477,0.0003437017907800013
692427,128.9442501846419,37.19939232553303,1128171.0609288956,1912153.7355366973,1128,1912,1128_1912,405,405.0,0.6734370293190757,67.344,high,0.554036923169265,0.7518630733713044,0.7450511188168898,0.6664928258518145,12,3,0.3870967741935484,2025-03-25,75.186,0.7799242424242425,1.0,0.9356510925343527,0.018421052631578946,18.9,26.0,0.0,0.0,12.9,12.9,7,0,0,0.6734370293190757,67.344,478,0.0003444223396076323
692428,128.94476328788548,37.19959584904522,1128216.2549628266,1912177.0100422408,1128,1912,1128_1912,405,405.0,0.6734370293190757,67.344,high,0.554036923169265,0.7518630733713044,0.7450511188168898,0.6664928258518145,12,3,0.3870967741935484,2025-03-25,75.186,0.7799242424242425,1.0,0.9356510925343527,0.018421052631578946,18.9,26.0,0.0,0.0,12.9,12.9,7,0,0,0.6734370293190757,67.344,479,0.0003451428884352634
692429,128.94526049961226,37.199794104391245,1128260.0472906916,1912199.6787990779,1128,1912,1128_1912,405,405.0,0.6734370293190757,67.344,high,0.554036923169265,0.7518630733713044,0.7450511188168898,0.6664928258518145,12,3,0.3870967741935484,2025-03-25,75.186,0.7799242424242425,1.0,0.9356510925343527,0.018421052631578946,18.9,26.0,0.0,0.0,12.9,12.9,7,0,0,0.6734370293190757,67.344,480,0.0003458634372628944
692430,128.9457492076782,37.19999084009588,1128303.0872600363,1912222.1676757578,1128,1912,1128_1912,405,405.0,0.6734370293190757,67.344,high,0.554036923169265,0.7518630733713044,0.7450511188168898,0.6664928258518145,12,3,0.3870967741935484,2025-03-25,75.186,0.7799242424242425,1.0,0.9356510925343527,0.018421052631578946,18.9,26.0,0.0,0.0,12.9,12.9,7,0,0,0.6734370293190757,67.344,481,0.00034658398609052545
692431,128.9462529314726,37.2001680277127,1128347.4927557337,1912242.5083277419,1128,1912,1128_1912,405,405.0,0.6734370293190757,67.344,high,0.554036923169265,0.7518630733713044,0.7450511188168898,0.6664928258518145,12,3,0.3870967741935484,2025-03-25,75.186,0.7799242424242425,1.0,0.9356510925343527,0.018421052631578946,18.9,26.0,0.0,0.0,12.9,12.9,7,0,0,0.6734370293190757,67.344,482,0.0003473045349181565
692432,128.9467408931894,37.200419067911994,1128390.3740473096,1912271.021553537,1128,1912,1128_1912,405,405.0,0.6734370293190757,67.344,high,0.554036923169265,0.7518630733713044,0.7450511188168898,0.6664928258518145,12,3,0.3870967741935484,2025-03-25,75.186,0.7799242424242425,1.0,0.9356510925343527,0.018421052631578946,18.9,26.0,0.0,0.0,12.9,12.9,7,0,0,0.6734370293190757,67.344,483,0.0003480250837457875
692433,128.94716527154412,37.200687749899046,1128427.5821712092,1912301.4061087961,1128,1912,1128_1912,405,405.0,0.6734370293190757,67.344,high,0.554036923169265,0.7518630733713044,0.7450511188168898,0.6664928258518145,12,3,0.3870967741935484,2025-03-25,75.186,0.7799242424242425,1.0,0.9356510925343527,0.018421052631578946,18.9,26.0,0.0,0.0,12.9,12.9,7,0,0,0.6734370293190757,67.344,484,0.00034874563257341853
692434,128.9476826660748,37.200593767457946,1128473.65993076,1912291.680573961,1128,1912,1128_1912,405,405.0,0.6734370293190757,67.344,high,0.554036923169265,0.7518630733713044,0.7450511188168898,0.6664928258518145,12,3,0.3870967741935484,2025-03-25,75.186,0.7799242424242425,1.0,0.9356510925343527,0.018421052631578946,18.9,26.0,0.0,0.0,12.9,12.9,7,0,0,0.6734370293190757,67.344,485,0.00034946618140104955
692435,128.9478806542382,37.20058503169669,1128491.2460885043,1912290.97987553,1128,1912,1128_1912,405,405.0,0.6734370293190757,67.344,high,0.554036923169265,0.7518630733713044,0.7450511188168898,0.6664928258518145,12,3,0.3870967741935484,2025-03-25,75.186,0.7799242424242425,1.0,0.9356510925343527,0.018421052631578946,18.9,26.0,0.0,0.0,12.9,12.9,7,0,0,0.6734370293190757,67.344,486,0.0003501867302286806
692436,128.94740886914155,37.20035870514784,1128449.7590068558,1912265.2299511773,1128,1912,1128_1912,405,405.0,0.6734370293190757,67.344,high,0.554036923169265,0.7518630733713044,0.7450511188168898,0.6664928258518145,12,3,0.3870967741935484,2025-03-25,75.186,0.7799242424242425,1.0,0.9356510925343527,0.018421052631578946,18.9,26.0,0.0,0.0,12.9,12.9,7,0,0,0.6734370293190757,67.344,487,0.0003509072790563116
692437,128.94736597883593,37.2001325791312,1128446.335754032,1912240.0838841985,1128,1912,1128_1912,405,405.0,0.6734370293190757,67.344,high,0.554036923169265,0.7518630733713044,0.7450511188168898,0.6664928258518145,12,3,0.3870967741935484,2025-03-25,75.186,0.7799242424242425,1.0,0.9356510925343527,0.018421052631578946,18.9,26.0,0.0,0.0,12.9,12.9,7,0,0,0.6734370293190757,67.344,488,0.00035162782788394263
692438,128.94784786515055,37.20030936851584,1128488.8034409944,1912260.351505435,1128,1912,1128_1912,405,405.0,0.6734370293190757,67.344,high,0.554036923169265,0.7518630733713044,0.7450511188168898,0.6664928258518145,12,3,0.3870967741935484,2025-03-25,75.186,0.7799242424242425,1.0,0.9356510925343527,0.018421052631578946,18.9,26.0,0.0,0.0,12.9,12.9,7,0,0,0.6734370293190757,67.344,489,0.00035234837671157366
692468,128.94483415502432,37.202917425940136,1128216.9245914188,1912545.6236181564,1128,1912,1128_1912,405,405.0,0.6734370293190757,67.344,high,0.554036923169265,0.7518630733713044,0.7450511188168898,0.6664928258518145,12,3,0.3870967741935484,2025-03-25,75.186,0.7799242424242425,1.0,0.9356510925343527,0.018421052631578946,18.9,26.0,0.0,0.0,12.9,12.9,7,0,0,0.6734370293190757,67.344,490,0.0003530689255392047
692469,128.9447614486448,37.20251145629094,1128211.1589989183,1912500.484254514,1128,1912,1128_1912,405,405.0,0.6734370293190757,67.344,high,0.554036923169265,0.7518630733713044,0.7450511188168898,0.6664928258518145,12,3,0.3870967741935484,2025-03-25,75.186,0.7799242424242425,1.0,0.9356510925343527,0.018421052631578946,18.9,26.0,0.0,0.0,12.9,12.9,7,0,0,0.6734370293190757,67.344,491,0.0003537894743668357
692470,128.94479800697707,37.20208979115197,1128215.1168756208,1912453.7514101672,1128,1912,1128_1912,405,405.0,0.6734370293190757,67.344,high,0.554036923169265,0.7518630733713044,0.7450511188168898,0.6664928258518145,12,3,0.3870967741935484,2025-03-25,75.186,0.7799242424242425,1.0,0.9356510925343527,0.018421052631578946,18.9,26.0,0.0,0.0,12.9,12.9,7,0,0,0.6734370293190757,67.344,492,0.00035451002319446674
692471,128.9447806891378,37.20164514269978,1128214.3322538892,1912404.395733533,1128,1912,1128_1912,405,405.0,0.6734370293190757,67.344,high,0.554036923169265,0.7518630733713044,0.7450511188168898,0.6664928258518145,12,3,0.3870967741935484,2025-03-25,75.186,0.7799242424242425,1.0,0.9356510925343527,0.018421052631578946,18.9,26.0,0.0,0.0,12.9,12.9,7,0,0,0.6734370293190757,67.344,493,0.00035523057202209777
692472,128.9450486045626,37.201318318397526,1128238.662318922,1912368.4983073736,1128,1912,1128_1912,405,405.0,0.6734370293190757,67.344,high,0.554036923169265,0.7518630733713044,0.7450511188168898,0.6664928258518145,12,3,0.3870967741935484,2025-03-25,75.186,0.7799242424242425,1.0,0.9356510925343527,0.018421052631578946,18.9,26.0,0.0,0.0,12.9,12.9,7,0,0,0.6734370293190757,67.344,494,0.00035595112084972885
692473,128.94530132043457,37.201642587716414,1128260.5416783923,1912404.8169991781,1128,1912,1128_1912,405,405.0,0.6734370293190757,67.344,high,0.554036923169265,0.7518630733713044,0.7450511188168898,0.6664928258518145,12,3,0.3870967741935484,2025-03-25,75.186,0.7799242424242425,1.0,0.9356510925343527,0.018421052631578946,18.9,26.0,0.0,0.0,12.9,12.9,7,0,0,0.6734370293190757,67.344,495,0.00035667166967735987
692474,128.94532440981988,37.202107876240014,1128261.803306436,1912456.4704475037,1128,1912,1128_1912,405,405.0,0.6734370293190757,67.344,high,0.554036923169265,0.7518630733713044,0.7450511188168898,0.6664928258518145,12,3,0.3870967741935484,2025-03-25,75.186,0.7799242424242425,1.0,0.9356510925343527,0.018421052631578946,18.9,26.0,0.0,0.0,12.9,12.9,7,0,0,0.6734370293190757,67.344,496,0.0003573922185049909
692475,128.94544303752258,37.20252145994591,1128271.6311731935,1912502.5167796796,1128,1912,1128_1912,405,405.0,0.6734370293190757,67.344,high,0.554036923169265,0.7518630733713044,0.7450511188168898,0.6664928258518145,12,3,0.3870967741935484,2025-03-25,75.186,0.7799242424242425,1.0,0.9356510925343527,0.018421052631578946,18.9,26.0,0.0,0.0,12.9,12.9,7,0,0,0.6734370293190757,67.344,497,0.0003581127673326219
692476,128.94581548211002,37.202277905356254,1128305.0969549436,1912475.9995725455,1128,1912,1128_1912,405,405.0,0.6734370293190757,67.344,high,0.554036923169265,0.7518630733713044,0.7450511188168898,0.6664928258518145,12,3,0.3870967741935484,2025-03-25,75.186,0.7799242424242425,1.0,0.9356510925343527,0.018421052631578946,18.9,26.0,0.0,0.0,12.9,12.9,7,0,0,0.6734370293190757,67.344,498,0.00035883331616025295
692477,128.94611400029595,37.201931188394944,1128332.1768459058,1912437.9368315816,1128,1912,1128_1912,405,405.0,0.6734370293190757,67.344,high,0.554036923169265,0.7518630733713044,0.7450511188168898,0.6664928258518145,12,3,0.3870967741935484,2025-03-25,75.186,0.7799242424242425,1.0,0.9356510925343527,0.018421052631578946,18.9,26.0,0.0,0.0,12.9,12.9,7,0,0,0.6734370293190757,67.344,499,0.000359553864987884
692478,128.9466627056719,37.2018941705211,1128380.9360064678,1912434.5732517776,1128,1912,1128_1912,405,405.0,0.6734370293190757,67.344,high,0.554036923169265,0.7518630733713044,0.7450511188168898,0.6664928258518145,12,3,0.3870967741935484,2025-03-25,75.186,0.7799242424242425,1.0,0.9356510925343527,0.018421052631578946,18.9,26.0,0.0,0.0,12.9,12.9,7,0,0,0.6734370293190757,67.344,500,0.000360274413815515
692479,128.9471723849377,37.20205466899549,1128425.8969985212,1912453.0708247703,1128,1912,1128_1912,405,405.0,0.6734370293190757,67.344,high,0.554036923169265,0.7518630733713044,0.7450511188168898,0.6664928258518145,12,3,0.3870967741935484,2025-03-25,75.186,0.7799242424242425,1.0,0.9356510925343527,0.018421052631578946,18.9,26.0,0.0,0.0,12.9,12.9,7,0,0,0.6734370293190757,67.344,501,0.00036099496264314603
692480,128.94762618943443,37.20193039449152,1128466.3818067054,1912439.8982651653,1128,1912,1128_1912,405,405.0,0.6734370293190757,67.344,high,0.554036923169265,0.7518630733713044,0.7450511188168898,0.6664928258518145,12,3,0.3870967741935484,2025-03-25,75.186,0.7799242424242425,1.0,0.9356510925343527,0.018421052631578946,18.9,26.0,0.0,0.0,12.9,12.9,7,0,0,0.6734370293190757,67.344,502,0.00036171551147077706
692481,128.94726045899736,37.20163479700159,1128434.4249713605,1912406.6068343285,1128,1912,1128_1912,405,405.0,0.6734370293190757,67.344,high,0.554036923169265,0.7518630733713044,0.7450511188168898,0.6664928258518145,12,3,0.3870967741935484,2025-03-25,75.186,0.7799242424242425,1.0,0.9356510925343527,0.018421052631578946,18.9,26.0,0.0,0.0,12.9,12.9,7,0,0,0.6734370293190757,67.344,503,0.0003624360602984081
692482,128.94673947831134,37.201475768327406,1128388.4582685234,1912388.2569767216,1128,1912,1128_1912,405,405.0,0.6734370293190757,67.344,high,0.554036923169265,0.7518630733713044,0.7450511188168898,0.6664928258518145,12,3,0.3870967741935484,2025-03-25,75.186,0.7799242424242425,1.0,0.9356510925343527,0.018421052631578946,18.9,26.0,0.0,0.0,12.9,12.9,7,0,0,0.6734370293190757,67.344,504,0.0003631566091260391
692483,128.94630756205964,37.20117231701724,1128350.640320919,1912354.0048330063,1128,1912,1128_1912,405,405.0,0.6734370293190757,67.344,high,0.554036923169265,0.7518630733713044,0.7450511188168898,0.6664928258518145,12,3,0.3870967741935484,2025-03-25,75.186,0.7799242424242425,1.0,0.9356510925343527,0.018421052631578946,18.9,26.0,0.0,0.0,12.9,12.9,7,0,0,0.6734370293190757,67.344,505,0.00036387715795367014
692484,128.94626263468592,37.20074282134684,1128347.3804612576,1912306.2928759302,1128,1912,1128_1912,405,405.0,0.6734370293190757,67.344,high,0.554036923169265,0.7518630733713044,0.7450511188168898,0.6664928258518145,12,3,0.3870967741935484,2025-03-25,75.186,0.7799242424242425,1.0,0.9356510925343527,0.018421052631578946,18.9,26.0,0.0,0.0,12.9,12.9,7,0,0,0.6734370293190757,67.344,506,0.00036459770678130116
692485,128.94673779612015,37.20050670488786,1128389.9507150971,1912280.740382037,1128,1912,1128_1912,405,405.0,0.6734370293190757,67.344,high,0.554036923169265,0.7518630733713044,0.7450511188168898,0.6664928258518145,12,3,0.3870967741935484,2025-03-25,75.186,0.7799242424242425,1.0,0.9356510925343527,0.018421052631578946,18.9,26.0,0.0,0.0,12.9,12.9,7,0,0,0.6734370293190757,67.344,507,0.0003653182556089322
692486,128.94629798027384,37.200226337255536,1128351.3920819361,1912249.0386031938,1128,1912,1128_1912,405,405.0,0.6734370293190757,67.344,high,0.554036923169265,0.7518630733713044,0.7450511188168898,0.6664928258518145,12,3,0.3870967741935484,2025-03-25,75.186,0.7799242424242425,1.0,0.9356510925343527,0.018421052631578946,18.9,26.0,0.0,0.0,12.9,12.9,7,0,0,0.6734370293190757,67.344,508,0.00036603880443656327
692487,128.94579151645388,37.20004542904484,1128306.7497516156,1912228.2814312475,1128,1912,1128_1912,405,405.0,0.6734370293190757,67.344,high,0.554036923169265,0.7518630733713044,0.7450511188168898,0.6664928258518145,12,3,0.3870967741935484,2025-03-25,75.186,0.7799242424242425,1.0,0.9356510925343527,0.018421052631578946,18.9,26.0,0.0,0.0,12.9,12.9,7,0,0,0.6734370293190757,67.344,509,0.0003667593532641943
692488,128.94530431963915,37.19984576261035,1128263.8489075634,1912205.4694260564,1128,1912,1128_1912,405,405.0,0.6734370293190757,67.344,high,0.554036923169265,0.7518630733713044,0.7450511188168898,0.6664928258518145,12,3,0.3870967741935484,2025-03-25,75.186,0.7799242424242425,1.0,0.9356510925343527,0.018421052631578946,18.9,26.0,0.0,0.0,12.9,12.9,7,0,0,0.6734370293190757,67.344,510,0.0003674799020918253
692489,128.94481874069416,37.199653143072695,1128221.0795010708,1912183.4416652557,1128,1912,1128_1912,405,405.0,0.6734370293190757,67.344,high,0.554036923169265,0.7518630733713044,0.7450511188168898,0.6664928258518145,12,3,0.3870967741935484,2025-03-25,75.186,0.7799242424242425,1.0,0.9356510925343527,0.018421052631578946,18.9,26.0,0.0,0.0,12.9,12.9,7,0,0,0.6734370293190757,67.344,511,0.00036820045091945635
692490,128.94433401353857,37.19946162001809,1128178.3836189604,1912161.5369320102,1128,1912,1128_1912,405,405.0,0.6734370293190757,67.344,high,0.554036923169265,0.7518630733713044,0.7450511188168898,0.6664928258518145,12,3,0.3870967741935484,2025-03-25,75.186,0.7799242424242425,1.0,0.9356510925343527,0.018421052631578946,18.9,26.0,0.0,0.0,12.9,12.9,7,0,0,0.6734370293190757,67.344,512,0.0003689209997470874
692491,128.94384177007225,37.199248010984725,1128135.0577808558,1912137.1718933738,1128,1912,1128_1912,405,405.0,0.6734370293190757,67.344,high,0.554036923169265,0.7518630733713044,0.7450511188168898,0.6664928258518145,12,3,0.3870967741935484,2025-03-25,75.186,0.7799242424242425,1.0,0.9356510925343527,0.018421052631578946,18.9,26.0,0.0,0.0,12.9,12.9,7,0,0,0.6734370293190757,67.344,513,0.0003696415485747184
692492,128.943374778071,37.19900350137629,1128094.0250225232,1912109.4129135194,1128,1912,1128_1912,405,405.0,0.6734370293190757,67.344,high,0.554036923169265,0.7518630733713044,0.7450511188168898,0.6664928258518145,12,3,0.3870967741935484,2025-03-25,75.186,0.7799242424242425,1.0,0.9356510925343527,0.018421052631578946,18.9,26.0,0.0,0.0,12.9,12.9,7,0,0,0.6734370293190757,67.344,514,0.0003703620974023494
692493,128.9428744612582,37.198811460642766,1128049.9457189115,1912087.4303414267,1128,1912,1128_1912,405,405.0,0.6734370293190757,67.344,high,0.554036923169265,0.7518630733713044,0.7450511188168898,0.6664928258518145,12,3,0.3870967741935484,2025-03-25,75.186,0.7799242424242425,1.0,0.9356510925343527,0.018421052631578946,18.9,26.0,0.0,0.0,12.9,12.9,7,0,0,0.6734370293190757,67.344,515,0.00037108264622998045
692494,128.9423632869196,37.198670800268346,1128004.815789155,1912071.1338100736,1128,1912,1128_1912,405,405.0,0.6734370293190757,67.344,high,0.554036923169265,0.7518630733713044,0.7450511188168898,0.6664928258518145,12,3,0.3870967741935484,2025-03-25,75.186,0.7799242424242425,1.0,0.9356510925343527,0.018421052631578946,18.9,26.0,0.0,0.0,12.9,12.9,7,0,0,0.6734370293190757,67.344,516,0.0003718031950576115
692536,128.951519844606,37.20465491519071,1128807.304395119,1912747.461966157,1128,1912,1128_1912,405,405.0,0.6734370293190757,67.344,high,0.554036923169265,0.7518630733713044,0.7450511188168898,0.6664928258518145,12,3,0.3870967741935484,2025-03-25,75.186,0.7799242424242425,1.0,0.9356510925343527,0.018421052631578946,18.9,26.0,0.0,0.0,12.9,12.9,7,0,0,0.6734370293190757,67.344,517,0.0003725237438852425
692537,128.95192711442797,37.204368431266815,1128843.9345871855,1912716.2313573612,1128,1912,1128_1912,405,405.0,0.6734370293190757,67.344,high,0.554036923169265,0.7518630733713044,0.7450511188168898,0.6664928258518145,12,3,0.3870967741935484,2025-03-25,75.186,0.7799242424242425,1.0,0.9356510925343527,0.018421052631578946,18.9,26.0,0.0,0.0,12.9,12.9,7,0,0,0.6734370293190757,67.344,518,0.00037324429271287353
692538,128.95206811517372,37.20419567944822,1128856.7414814348,1912697.2568891335,1128,1912,1128_1912,405,405.0,0.6734370293190757,67.344,high,0.554036923169265,0.7518630733713044,0.7450511188168898,0.6664928258518145,12,3,0.3870967741935484,2025-03-25,75.186,0.7799242424242425,1.0,0.9356510925343527,0.018421052631578946,18.9,26.0,0.0,0.0,12.9,12.9,7,0,0,0.6734370293190757,67.344,519,0.00037396484154050456
692539,128.94805426609292,37.20352489209509,1128501.6688315806,1912617.3830385213,1128,1912,1128_1912,405,405.0,0.6734370293190757,67.344,high,0.554036923169265,0.7518630733713044,0.7450511188168898,0.6664928258518145,12,3,0.3870967741935484,2025-03-25,75.186,0.7799242424242425,1.0,0.9356510925343527,0.018421052631578946,18.9,26.0,0.0,0.0,12.9,12.9,7,0,0,0.6734370293190757,67.344,520,0.0003746853903681356
692540,128.94808192694464,37.20396656626816,1128503.3746173782,1912666.4228464607,1128,1912,1128_1912,405,405.0,0.6734370293190757,67.344,high,0.554036923169265,0.7518630733713044,0.7450511188168898,0.6664928258518145,12,3,0.3870967741935484,2025-03-25,75.186,0.7799242424242425,1.0,0.9356510925343527,0.018421052631578946,18.9,26.0,0.0,0.0,12.9,12.9,7,0,0,0.6734370293190757,67.344,521,0.0003754059391957666
692541,128.948346835522,37.204057673305485,1128526.7295385506,1912676.8902506088,1128,1912,1128_1912,405,405.0,0.6734370293190757,67.344,high,0.554036923169265,0.7518630733713044,0.7450511188168898,0.6664928258518145,12,3,0.3870967741935484,2025-03-25,75.186,0.7799242424242425,1.0,0.9356510925343527,0.018421052631578946,18.9,26.0,0.0,0.0,12.9,12.9,7,0,0,0.6734370293190757,67.344,522,0.00037612648802339764
692542,128.9488738080132,37.20394906104978,1128573.6802288138,1912665.5551746972,1128,1912,1128_1912,405,405.0,0.6734370293190757,67.344,high,0.554036923169265,0.7518630733713044,0.7450511188168898,0.6664928258518145,12,3,0.3870967741935484,2025-03-25,75.186,0.7799242424242425,1.0,0.9356510925343527,0.018421052631578946,18.9,26.0,0.0,0.0,12.9,12.9,7,0,0,0.6734370293190757,67.344,523,0.0003768470368510287
692543,128.94943037869797,37.20387560725549,1128623.1980893195,1912658.1612599904,1128,1912,1128_1912,405,405.0,0.6734370293190757,67.344,high,0.554036923169265,0.7518630733713044,0.7450511188168898,0.6664928258518145,12,3,0.3870967741935484,2025-03-25,75.186,0.7799242424242425,1.0,0.9356510925343527,0.018421052631578946,18.9,26.0,0.0,0.0,12.9,12.9,7,0,0,0.6734370293190757,67.344,524,0.00037756758567865974
692544,128.95000322711147,37.203842718231,1128674.0917453507,1912655.2902723681,1128,1912,1128_1912,405,405.0,0.6734370293190757,67.344,high,0.554036923169265,0.7518630733713044,0.7450511188168898,0.6664928258518145,12,3,0.3870967741935484,2025-03-25,75.186,0.7799242424242425,1.0,0.9356510925343527,0.018421052631578946,18.9,26.0,0.0,0.0,12.9,12.9,7,0,0,0.6734370293190757,67.344,525,0.00037828813450629077
692545,128.9505691991041,37.203893063177134,1128724.233802097,1912661.6447842815,1128,1912,1128_1912,405,405.0,0.6734370293190757,67.344,high,0.554036923169265,0.7518630733713044,0.7450511188168898,0.6664928258518145,12,3,0.3870967741935484,2025-03-25,75.186,0.7799242424242425,1.0,0.9356510925343527,0.018421052631578946,18.9,26.0,0.0,0.0,12.9,12.9,7,0,0,0.6734370293190757,67.344,526,0.0003790086833339218
692546,128.9510967700502,37.203821613600574,1128771.1748458908,1912654.4346932261,1128,1912,1128_1912,405,405.0,0.6734370293190757,67.344,high,0.554036923169265,0.7518630733713044,0.7450511188168898,0.6664928258518145,12,3,0.3870967741935484,2025-03-25,75.186,0.7799242424242425,1.0,0.9356510925343527,0.018421052631578946,18.9,26.0,0.0,0.0,12.9,12.9,7,0,0,0.6734370293190757,67.344,527,0.0003797292321615528
692547,128.9516577703129,37.20383280836005,1128820.942195566,1912656.439439549,1128,1912,1128_1912,405,405.0,0.6734370293190757,67.344,high,0.554036923169265,0.7518630733713044,0.7450511188168898,0.6664928258518145,12,3,0.3870967741935484,2025-03-25,75.186,0.7799242424242425,1.0,0.9356510925343527,0.018421052631578946,18.9,26.0,0.0,0.0,12.9,12.9,7,0,0,0.6734370293190757,67.344,528,0.00038044978098918385
692548,128.95214678662245,37.20398970217845,1128864.0734900632,1912674.511395139,1128,1912,1128_1912,405,405.0,0.6734370293190757,67.344,high,0.554036923169265,0.7518630733713044,0.7450511188168898,0.6664928258518145,12,3,0.3870967741935484,2025-03-25,75.186,0.7799242424242425,1.0,0.9356510925343527,0.018421052631578946,18.9,26.0,0.0,0.0,12.9,12.9,7,0,0,0.6734370293190757,67.344,529,0.0003811703298168149
694978,128.9434016068182,37.20285972451292,1128089.888173075,1912537.2839422936,1128,1912,1128_1912,405,405.0,0.6734370293190757,67.344,high,0.554036923169265,0.7518630733713044,0.7450511188168898,0.6664928258518145,12,3,0.3870967741935484,2025-03-25,75.186,0.7799242424242425,1.0,0.9356510925343527,0.018421052631578946,18.9,26.0,0.0,0.0,12.9,12.9,7,0,0,0.6734370293190757,67.344,530,0.0003818908786444459
694979,128.9437136789057,37.20304571056781,1128117.2691224718,1912558.3404611861,1128,1912,1128_1912,405,405.0,0.6734370293190757,67.344,high,0.554036923169265,0.7518630733713044,0.7450511188168898,0.6664928258518145,12,3,0.3870967741935484,2025-03-25,75.186,0.7799242424242425,1.0,0.9356510925343527,0.018421052631578946,18.9,26.0,0.0,0.0,12.9,12.9,7,0,0,0.6734370293190757,67.344,531,0.00038261142747207693
694980,128.943185018205,37.20294820458333,1128070.51709494,1912546.8076805377,1128,1912,1128_1912,405,405.0,0.6734370293190757,67.344,high,0.554036923169265,0.7518630733713044,0.7450511188168898,0.6664928258518145,12,3,0.3870967741935484,2025-03-25,75.186,0.7799242424242425,1.0,0.9356510925343527,0.018421052631578946,18.9,26.0,0.0,0.0,12.9,12.9,7,0,0,0.6734370293190757,67.344,532,0.00038333197629970795
694981,128.94265413581,37.203073521556064,1128023.191334562,1912559.9936110422,1128,1912,1128_1912,405,405.0,0.6734370293190757,67.344,high,0.554036923169265,0.7518630733713044,0.7450511188168898,0.6664928258518145,12,3,0.3870967741935484,2025-03-25,75.186,0.7799242424242425,1.0,0.9356510925343527,0.018421052631578946,18.9,26.0,0.0,0.0,12.9,12.9,7,0,0,0.6734370293190757,67.344,533,0.000384052525127339
695000,128.94711868761112,37.206664811725965,1128413.3185429499,1912964.478091751,1128,1912,1128_1912,405,405.0,0.6734370293190757,67.344,high,0.554036923169265,0.7518630733713044,0.7450511188168898,0.6664928258518145,12,3,0.3870967741935484,2025-03-25,75.186,0.7799242424242425,1.0,0.9356510925343527,0.018421052631578946,18.9,26.0,0.0,0.0,12.9,12.9,7,0,0,0.6734370293190757,67.344,534,0.00038477307395497
695029,128.94743206315826,37.20666623858651,1128441.1258098932,1912965.0612630998,1128,1912,1128_1912,405,405.0,0.6734370293190757,67.344,high,0.554036923169265,0.7518630733713044,0.7450511188168898,0.6664928258518145,12,3,0.3870967741935484,2025-03-25,75.186,0.7799242424242425,1.0,0.9356510925343527,0.018421052631578946,18.9,26.0,0.0,0.0,12.9,12.9,7,0,0,0.6734370293190757,67.344,535,0.00038549362278260103
695077,128.9448806927608,37.20306501558693,1128220.8049338213,1912562.0611792267,1128,1912,1128_1912,405,405.0,0.6734370293190757,67.344,high,0.554036923169265,0.7518630733713044,0.7450511188168898,0.6664928258518145,12,3,0.3870967741935484,2025-03-25,75.186,0.7799242424242425,1.0,0.9356510925343527,0.018421052631578946,18.9,26.0,0.0,0.0,12.9,12.9,7,0,0,0.6734370293190757,67.344,536,0.00038621417161023206
695078,128.9443198736306,37.20309316735672,1128170.9865547994,1912564.4256131288,1128,1912,1128_1912,405,405.0,0.6734370293190757,67.344,high,0.554036923169265,0.7518630733713044,0.7450511188168898,0.6664928258518145,12,3,0.3870967741935484,2025-03-25,75.186,0.7799242424242425,1.0,0.9356510925343527,0.018421052631578946,18.9,26.0,0.0,0.0,12.9,12.9,7,0,0,0.6734370293190757,67.344,537,0.0003869347204378631
695079,128.9437496709728,37.20309326346496,1128120.3828956552,1912563.664970104,1128,1912,1128_1912,405,405.0,0.6734370293190757,67.344,high,0.554036923169265,0.7518630733713044,0.7450511188168898,0.6664928258518145,12,3,0.3870967741935484,2025-03-25,75.186,0.7799242424242425,1.0,0.9356510925343527,0.018421052631578946,18.9,26.0,0.0,0.0,12.9,12.9,7,0,0,0.6734370293190757,67.344,538,0.00038765526926549417
695080,128.9432302176143,37.20297818787501,1128074.4777168469,1912550.1953306464,1128,1912,1128_1912,405,405.0,0.6734370293190757,67.344,high,0.554036923169265,0.7518630733713044,0.7450511188168898,0.6664928258518145,12,3,0.3870967741935484,2025-03-25,75.186,0.7799242424242425,1.0,0.9356510925343527,0.018421052631578946,18.9,26.0,0.0,0.0,12.9,12.9,7,0,0,0.6734370293190757,67.344,539,0.0003883758180931252
695081,128.94267043039912,37.20310068324785,1128024.591533891,1912563.0291290446,1128,1912,1128_1912,405,405.0,0.6734370293190757,67.344,high,0.554036923169265,0.7518630733713044,0.7450511188168898,0.6664928258518145,12,3,0.3870967741935484,2025-03-25,75.186,0.7799242424242425,1.0,0.9356510925343527,0.018421052631578946,18.9,26.0,0.0,0.0,12.9,12.9,7,0,0,0.6734370293190757,67.344,540,0.0003890963669207562
695441,128.9504859225206,37.202818968603886,1128718.6678620558,1912542.3643668455,1128,1912,1128_1912,405,405.0,0.6734370293190757,67.344,high,0.554036923169265,0.7518630733713044,0.7450511188168898,0.6664928258518145,12,3,0.3870967741935484,2025-03-25,75.186,0.7799242424242425,1.0,0.9356510925343527,0.018421052631578946,18.9,26.0,0.0,0.0,12.9,12.9,7,0,0,0.6734370293190757,67.344,541,0.00038981691574838725
695442,128.95094585591787,37.202747446845855,1128759.6070531625,1912535.0542877736,1128,1912,1128_1912,405,405.0,0.6734370293190757,67.344,high,0.554036923169265,0.7518630733713044,0.7450511188168898,0.6664928258518145,12,3,0.3870967741935484,2025-03-25,75.186,0.7799242424242425,1.0,0.9356510925343527,0.018421052631578946,18.9,26.0,0.0,0.0,12.9,12.9,7,0,0,0.6734370293190757,67.344,542,0.00039053746457601827
695443,128.95139564756434,37.202734795470576,1128799.5462121575,1912534.2620931217,1128,1912,1128_1912,405,405.0,0.6734370293190757,67.344,high,0.554036923169265,0.7518630733713044,0.7450511188168898,0.6664928258518145,12,3,0.3870967741935484,2025-03-25,75.186,0.7799242424242425,1.0,0.9356510925343527,0.018421052631578946,18.9,26.0,0.0,0.0,12.9,12.9,7,0,0,0.6734370293190757,67.344,543,0.0003912580134036493
695444,128.95181886764993,37.202943566125015,1128836.7507832097,1912557.9999991874,1128,1912,1128_1912,405,405.0,0.6734370293190757,67.344,high,0.554036923169265,0.7518630733713044,0.7450511188168898,0.6664928258518145,12,3,0.3870967741935484,2025-03-25,75.186,0.7799242424242425,1.0,0.9356510925343527,0.018421052631578946,18.9,26.0,0.0,0.0,12.9,12.9,7,0,0,0.6734370293190757,67.344,544,0.0003919785622312803
695445,128.95179933784664,37.20334642927667,1128834.3326424106,1912602.66978729,1128,1912,1128_1912,405,405.0,0.6734370293190757,67.344,high,0.554036923169265,0.7518630733713044,0.7450511188168898,0.6664928258518145,12,3,0.3870967741935484,2025-03-25,75.186,0.7799242424242425,1.0,0.9356510925343527,0.018421052631578946,18.9,26.0,0.0,0.0,12.9,12.9,7,0,0,0.6734370293190757,67.344,545,0.00039269911105891135
695446,128.95023680058787,37.19946579962578,1128702.2536000707,1912170.0029710052,1128,1912,1128_1912,405,405.0,0.6734370293190757,67.344,high,0.554036923169265,0.7518630733713044,0.7450511188168898,0.6664928258518145,12,3,0.3870967741935484,2025-03-25,75.186,0.7799242424242425,1.0,0.9356510925343527,0.018421052631578946,18.9,26.0,0.0,0.0,12.9,12.9,7,0,0,0.6734370293190757,67.344,546,0.0003934196598865424
695447,128.95003167117798,37.19986732291076,1128683.3664261533,1912214.2719924937,1128,1912,1128_1912,405,405.0,0.6734370293190757,67.344,high,0.554036923169265,0.7518630733713044,0.7450511188168898,0.6664928258518145,12,3,0.3870967741935484,2025-03-25,75.186,0.7799242424242425,1.0,0.9356510925343527,0.018421052631578946,18.9,26.0,0.0,0.0,12.9,12.9,7,0,0,0.6734370293190757,67.344,547,0.0003941402087141734
695448,128.9499171929953,37.20030559163406,1128672.4623369938,1912262.7409527372,1128,1912,1128_1912,405,405.0,0.6734370293190757,67.344,high,0.554036923169265,0.7518630733713044,0.7450511188168898,0.6664928258518145,12,3,0.3870967741935484,2025-03-25,75.186,0.7799242424242425,1.0,0.9356510925343527,0.018421052631578946,18.9,26.0,0.0,0.0,12.9,12.9,7,0,0,0.6734370293190757,67.344,548,0.00039486075754180443
695493,128.95215026871298,37.204753081921645,1128863.0842877568,1912759.2106358018,1128,1912,1128_1912,405,405.0,0.6734370293190757,67.344,high,0.554036923169265,0.7518630733713044,0.7450511188168898,0.6664928258518145,12,3,0.3870967741935484,2025-03-25,75.186,0.7799242424242425,1.0,0.9356510925343527,0.018421052631578946,18.9,26.0,0.0,0.0,12.9,12.9,7,0,0,0.6734370293190757,67.344,549,0.00039558130636943546
695494,128.9518251918176,37.20493152668583,1128833.932049337,1912778.5663458952,1128,1912,1128_1912,405,405.0,0.6734370293190757,67.344,high,0.554036923169265,0.7518630733713044,0.7450511188168898,0.6664928258518145,12,3,0.3870967741935484,2025-03-25,75.186,0.7799242424242425,1.0,0.9356510925343527,0.018421052631578946,18.9,26.0,0.0,0.0,12.9,12.9,7,0,0,0.6734370293190757,67.344,550,0.0003963018551970665
695495,128.95184715748192,37.20475565362733,1128836.1804147605,1912759.0836741633,1128,1912,1128_1912,405,405.0,0.6734370293190757,67.344,high,0.554036923169265,0.7518630733713044,0.7450511188168898,0.6664928258518145,12,3,0.3870967741935484,2025-03-25,75.186,0.7799242424242425,1.0,0.9356510925343527,0.018421052631578946,18.9,26.0,0.0,0.0,12.9,12.9,7,0,0,0.6734370293190757,67.344,551,0.0003970224040246975
695496,128.9522990687501,37.20466127587724,1128876.44564029,1912749.2274779973,1128,1912,1128_1912,405,405.0,0.6734370293190757,67.344,high,0.554036923169265,0.7518630733713044,0.7450511188168898,0.6664928258518145,12,3,0.3870967741935484,2025-03-25,75.186,0.7799242424242425,1.0,0.9356510925343527,0.018421052631578946,18.9,26.0,0.0,0.0,12.9,12.9,7,0,0,0.6734370293190757,67.344,552,0.00039774295285232853
695497,128.95135006411417,37.205299895729325,1128791.140985814,1912818.7896217012,1128,1912,1128_1912,405,405.0,0.6734370293190757,67.344,high,0.554036923169265,0.7518630733713044,0.7450511188168898,0.6664928258518145,12,3,0.3870967741935484,2025-03-25,75.186,0.7799242424242425,1.0,0.9356510925343527,0.018421052631578946,18.9,26.0,0.0,0.0,12.9,12.9,7,0,0,0.6734370293190757,67.344,553,0.0003984635016799596
695498,128.9516097413805,37.2055886475261,1128813.6948986275,1912851.1787812945,1128,1912,1128_1912,405,405.0,0.6734370293190757,67.344,high,0.554036923169265,0.7518630733713044,0.7450511188168898,0.6664928258518145,12,3,0.3870967741935484,2025-03-25,75.186,0.7799242424242425,1.0,0.9356510925343527,0.018421052631578946,18.9,26.0,0.0,0.0,12.9,12.9,7,0,0,0.6734370293190757,67.344,554,0.00039918405050759064
695499,128.95192508211633,37.205484943139126,1128841.855732201,1912840.1019678917,1128,1912,1128_1912,405,405.0,0.6734370293190757,67.344,high,0.554036923169265,0.7518630733713044,0.7450511188168898,0.6664928258518145,12,3,0.3870967741935484,2025-03-25,75.186,0.7799242424242425,1.0,0.9356510925343527,0.018421052631578946,18.9,26.0,0.0,0.0,12.9,12.9,7,0,0,0.6734370293190757,67.344,555,0.00039990459933522167
695500,128.95193304136353,37.20509783377777,1128843.2203091444,1912797.164261501,1128,1912,1128_1912,405,405.0,0.6734370293190757,67.344,high,0.554036923169265,0.7518630733713044,0.7450511188168898,0.6664928258518145,12,3,0.3870967741935484,2025-03-25,75.186,0.7799242424242425,1.0,0.9356510925343527,0.018421052631578946,18.9,26.0,0.0,0.0,12.9,12.9,7,0,0,0.6734370293190757,67.344,556,0.0004006251481628527
695501,128.9523084882974,37.20475265948316,1128877.1261484167,1912759.3790080072,1128,1912,1128_1912,405,405.0,0.6734370293190757,67.344,high,0.554036923169265,0.7518630733713044,0.7450511188168898,0.6664928258518145,12,3,0.3870967741935484,2025-03-25,75.186,0.7799242424242425,1.0,0.9356510925343527,0.018421052631578946,18.9,26.0,0.0,0.0,12.9,12.9,7,0,0,0.6734370293190757,67.344,557,0.0004013456969904837
695502,128.95100845668873,37.205160136432426,1128761.0628718068,1912802.819395832,1128,1912,1128_1912,405,405.0,0.6734370293190757,67.344,high,0.554036923169265,0.7518630733713044,0.7450511188168898,0.6664928258518145,12,3,0.3870967741935484,2025-03-25,75.186,0.7799242424242425,1.0,0.9356510925343527,0.018421052631578946,18.9,26.0,0.0,0.0,12.9,12.9,7,0,0,0.6734370293190757,67.344,558,0.00040206624581811475
695503,128.95139855436037,37.20523891489359,1128795.547858334,1912812.0899227662,1128,1912,1128_1912,405,405.0,0.6734370293190757,67.344,high,0.554036923169265,0.7518630733713044,0.7450511188168898,0.6664928258518145,12,3,0.3870967741935484,2025-03-25,75.186,0.7799242424242425,1.0,0.9356510925343527,0.018421052631578946,18.9,26.0,0.0,0.0,12.9,12.9,7,0,0,0.6734370293190757,67.344,559,0.0004027867946457458
695914,128.94505636889423,37.2059377522159,1128231.5340045064,1912881.0195055013,1128,1912,1128_1912,405,405.0,0.6734370293190757,67.344,high,0.554036923169265,0.7518630733713044,0.7450511188168898,0.6664928258518145,12,3,0.3870967741935484,2025-03-25,75.186,0.7799242424242425,1.0,0.9356510925343527,0.018421052631578946,18.9,26.0,0.0,0.0,12.9,12.9,7,0,0,0.6734370293190757,67.344,560,0.0004035073434733768
695915,128.94461144894163,37.20608341103991,1128191.8039566085,1912896.5776811142,1128,1912,1128_1912,405,405.0,0.6734370293190757,67.344,high,0.554036923169265,0.7518630733713044,0.7450511188168898,0.6664928258518145,12,3,0.3870967741935484,2025-03-25,75.186,0.7799242424242425,1.0,0.9356510925343527,0.018421052631578946,18.9,26.0,0.0,0.0,12.9,12.9,7,0,0,0.6734370293190757,67.344,561,0.0004042278923010078
695916,128.9446271700868,37.205630826707086,1128193.9648109404,1912846.3862272543,1128,1912,1128_1912,405,405.0,0.6734370293190757,67.344,high,0.554036923169265,0.7518630733713044,0.7450511188168898,0.6664928258518145,12,3,0.3870967741935484,2025-03-25,75.186,0.7799242424242425,1.0,0.9356510925343527,0.018421052631578946,18.9,26.0,0.0,0.0,12.9,12.9,7,0,0,0.6734370293190757,67.344,562,0.00040494844112863885
695917,128.94457181364152,37.20518224255064,1128189.8111915714,1912796.5423974122,1128,1912,1128_1912,405,405.0,0.6734370293190757,67.344,high,0.554036923169265,0.7518630733713044,0.7450511188168898,0.6664928258518145,12,3,0.3870967741935484,2025-03-25,75.186,0.7799242424242425,1.0,0.9356510925343527,0.018421052631578946,18.9,26.0,0.0,0.0,12.9,12.9,7,0,0,0.6734370293190757,67.344,563,0.0004056689899562699
695918,128.9448026964411,37.20496313223393,1128210.6714148365,1912772.5452976837,1128,1912,1128_1912,405,405.0,0.6734370293190757,67.344,high,0.554036923169265,0.7518630733713044,0.7450511188168898,0.6664928258518145,12,3,0.3870967741935484,2025-03-25,75.186,0.7799242424242425,1.0,0.9356510925343527,0.018421052631578946,18.9,26.0,0.0,0.0,12.9,12.9,7,0,0,0.6734370293190757,67.344,564,0.0004063895387839009
695919,128.9485190301892,37.206004113155686,1128538.7090965244,1912893.0749984721,1128,1912,1128_1912,405,405.0,0.6734370293190757,67.344,high,0.554036923169265,0.7518630733713044,0.7450511188168898,0.6664928258518145,12,3,0.3870967741935484,2025-03-25,75.186,0.7799242424242425,1.0,0.9356510925343527,0.018421052631578946,18.9,26.0,0.0,0.0,12.9,12.9,7,0,0,0.6734370293190757,67.344,565,0.00040711008761153193
695920,128.94801839662523,37.20588188295721,1128494.4885828835,1912878.8347513585,1128,1912,1128_1912,405,405.0,0.6734370293190757,67.344,high,0.554036923169265,0.7518630733713044,0.7450511188168898,0.6664928258518145,12,3,0.3870967741935484,2025-03-25,75.186,0.7799242424242425,1.0,0.9356510925343527,0.018421052631578946,18.9,26.0,0.0,0.0,12.9,12.9,7,0,0,0.6734370293190757,67.344,566,0.00040783063643916296
695921,128.94745083382963,37.20595823623313,1128443.991764813,1912886.5361724799,1128,1912,1128_1912,405,405.0,0.6734370293190757,67.344,high,0.554036923169265,0.7518630733713044,0.7450511188168898,0.6664928258518145,12,3,0.3870967741935484,2025-03-25,75.186,0.7799242424242425,1.0,0.9356510925343527,0.018421052631578946,18.9,26.0,0.0,0.0,12.9,12.9,7,0,0,0.6734370293190757,67.344,567,0.00040855118526679404
695922,128.94688638109355,37.20595508169773,1128393.9057753729,1912885.420979636,1128,1912,1128_1912,405,405.0,0.6734370293190757,67.344,high,0.554036923169265,0.7518630733713044,0.7450511188168898,0.6664928258518145,12,3,0.3870967741935484,2025-03-25,75.186,0.7799242424242425,1.0,0.9356510925343527,0.018421052631578946,18.9,26.0,0.0,0.0,12.9,12.9,7,0,0,0.6734370293190757,67.344,568,0.00040927173409442506
695923,128.9463452825075,37.20587087113248,1128346.0296062143,1912875.344828267,1128,1912,1128_1912,405,405.0,0.6734370293190757,67.344,high,0.554036923169265,0.7518630733713044,0.7450511188168898,0.6664928258518145,12,3,0.3870967741935484,2025-03-25,75.186,0.7799242424242425,1.0,0.9356510925343527,0.018421052631578946,18.9,26.0,0.0,0.0,12.9,12.9,7,0,0,0.6734370293190757,67.344,569,0.0004099922829220561
695924,128.94578243132045,37.20593047917137,1128295.9794172137,1912881.1956903446,1128,1912,1128_1912,405,405.0,0.6734370293190757,67.344,high,0.554036923169265,0.7518630733713044,0.7450511188168898,0.6664928258518145,12,3,0.3870967741935484,2025-03-25,75.186,0.7799242424242425,1.0,0.9356510925343527,0.018421052631578946,18.9,26.0,0.0,0.0,12.9,12.9,7,0,0,0.6734370293190757,67.344,570,0.0004107128317496871
695925,128.94521888504462,37.20599315902278,1128245.8624264684,1912887.386714938,1128,1912,1128_1912,405,405.0,0.6734370293190757,67.344,high,0.554036923169265,0.7518630733713044,0.7450511188168898,0.6664928258518145,12,3,0.3870967741935484,2025-03-25,75.186,0.7799242424242425,1.0,0.9356510925343527,0.018421052631578946,18.9,26.0,0.0,0.0,12.9,12.9,7,0,0,0.6734370293190757,67.344,571,0.00041143338057731814
695926,128.94512490596946,37.206081951113134,1128237.3721528077,1912897.1106753093,1128,1912,1128_1912,405,405.0,0.6734370293190757,67.344,high,0.554036923169265,0.7518630733713044,0.7450511188168898,0.6664928258518145,12,3,0.3870967741935484,2025-03-25,75.186,0.7799242424242425,1.0,0.9356510925343527,0.018421052631578946,18.9,26.0,0.0,0.0,12.9,12.9,7,0,0,0.6734370293190757,67.344,572,0.00041215392940494917
695927,128.94564281042943,37.2061096098572,1128283.285732301,1912900.88055981,1128,1912,1128_1912,405,405.0,0.6734370293190757,67.344,high,0.554036923169265,0.7518630733713044,0.7450511188168898,0.6664928258518145,12,3,0.3870967741935484,2025-03-25,75.186,0.7799242424242425,1.0,0.9356510925343527,0.018421052631578946,18.9,26.0,0.0,0.0,12.9,12.9,7,0,0,0.6734370293190757,67.344,573,0.0004128744782325802
1111497,128.81155386013964,37.31269126399537,1116220.0175599742,1924552.5217994673,1116,1924,1116_1924,356,356.0,0.6690233125431235,66.902,high,0.549132793418207,0.7469589436202463,0.7401469890658317,0.6615886961007564,12,3,0.3870967741935484,2025-03-25,74.696,0.7799242424242425,1.0,0.9111304437790625,0.018421052631578946,18.9,26.0,0.0,0.0,12.9,12.9,7,0,0,0.6690233125431235,66.902,574,0.0004135950270602112
1111498,128.81213156455232,37.31276217826798,1116271.1025286787,1924561.100154441,1116,1924,1116_1924,356,356.0,0.6690233125431235,66.902,high,0.549132793418207,0.7469589436202463,0.7401469890658317,0.6615886961007564,12,3,0.3870967741935484,2025-03-25,74.696,0.7799242424242425,1.0,0.9111304437790625,0.018421052631578946,18.9,26.0,0.0,0.0,12.9,12.9,7,0,0,0.6690233125431235,66.902,575,0.00041431557588784225
1111499,128.8123052282976,37.31315819691085,1116285.8818903714,1924605.2508863893,1116,1924,1116_1924,356,356.0,0.6690233125431235,66.902,high,0.549132793418207,0.7469589436202463,0.7401469890658317,0.6615886961007564,12,3,0.3870967741935484,2025-03-25,74.696,0.7799242424242425,1.0,0.9111304437790625,0.018421052631578946,18.9,26.0,0.0,0.0,12.9,12.9,7,0,0,0.6690233125431235,66.902,576,0.0004150361247154733
1111500,128.8116102425085,37.31262324974647,1116225.1187024438,1924545.045171672,1116,1924,1116_1924,356,356.0,0.6690233125431235,66.902,high,0.549132793418207,0.7469589436202463,0.7401469890658317,0.6615886961007564,12,3,0.3870967741935484,2025-03-25,74.696,0.7799242424242425,1.0,0.9111304437790625,0.018421052631578946,18.9,26.0,0.0,0.0,12.9,12.9,7,0,0,0.6690233125431235,66.902,577,0.0004157566735431043
1111583,128.8116122572418,37.31664641270944,1116219.1020868549,1924991.405252332,1116,1924,1116_1924,356,356.0,0.6690233125431235,66.902,high,0.549132793418207,0.7469589436202463,0.7401469890658317,0.6615886961007564,12,3,0.3870967741935484,2025-03-25,74.696,0.7799242424242425,1.0,0.9111304437790625,0.018421052631578946,18.9,26.0,0.0,0.0,12.9,12.9,7,0,0,0.6690233125431235,66.902,578,0.00041647722237073533
1111584,128.81203365470097,37.316359415739605,1116256.8850425195,1924960.0821810458,1116,1924,1116_1924,356,356.0,0.6690233125431235,66.902,high,0.549132793418207,0.7469589436202463,0.7401469890658317,0.6615886961007564,12,3,0.3870967741935484,2025-03-25,74.696,0.7799242424242425,1.0,0.9111304437790625,0.018421052631578946,18.9,26.0,0.0,0.0,12.9,12.9,7,0,0,0.6690233125431235,66.902,579,0.00041719777119836635
1111585,128.8121967456851,37.31592078404251,1116272.012671316,1924911.6179909615,1116,1924,1116_1924,356,356.0,0.6690233125431235,66.902,high,0.549132793418207,0.7469589436202463,0.7401469890658317,0.6615886961007564,12,3,0.3870967741935484,2025-03-25,74.696,0.7799242424242425,1.0,0.9111304437790625,0.018421052631578946,18.9,26.0,0.0,0.0,12.9,12.9,7,0,0,0.6690233125431235,66.902,580,0.0004179183200259974
1111586,128.81235138908508,37.315470232969616,1116286.4102579942,1924861.8210133165,1116,1924,1116_1924,356,356.0,0.6690233125431235,66.902,high,0.549132793418207,0.7469589436202463,0.7401469890658317,0.6615886961007564,12,3,0.3870967741935484,2025-03-25,74.696,0.7799242424242425,1.0,0.9111304437790625,0.018421052631578946,18.9,26.0,0.0,0.0,12.9,12.9,7,0,0,0.6690233125431235,66.902,581,0.0004186388688536284
1111587,128.81255917857655,37.31504523625309,1116305.478103564,1924814.9246490863,1116,1924,1116_1924,356,356.0,0.6690233125431235,66.902,high,0.549132793418207,0.7469589436202463,0.7401469890658317,0.6615886961007564,12,3,0.3870967741935484,2025-03-25,74.696,0.7799242424242425,1.0,0.9111304437790625,0.018421052631578946,18.9,26.0,0.0,0.0,12.9,12.9,7,0,0,0.6690233125431235,66.902,582,0.0004193594176812595
1111588,128.8128163235268,37.31465689834694,1116328.8632508772,1924772.156267034,1116,1924,1116_1924,356,356.0,0.6690233125431235,66.902,high,0.549132793418207,0.7469589436202463,0.7401469890658317,0.6615886961007564,12,3,0.3870967741935484,2025-03-25,74.696,0.7799242424242425,1.0,0.9111304437790625,0.018421052631578946,18.9,26.0,0.0,0.0,12.9,12.9,7,0,0,0.6690233125431235,66.902,583,0.0004200799665088905
1111599,128.81135863028183,37.31259740146613,1116202.8614543725,1924541.8679611038,1116,1924,1116_1924,356,356.0,0.6690233125431235,66.902,high,0.549132793418207,0.7469589436202463,0.7401469890658317,0.6615886961007564,12,3,0.3870967741935484,2025-03-25,74.696,0.7799242424242425,1.0,0.9111304437790625,0.018421052631578946,18.9,26.0,0.0,0.0,12.9,12.9,7,0,0,0.6690233125431235,66.902,584,0.00042080051533652154
1111600,128.81077927438048,37.31252913137308,1116151.625894755,1924533.581360671,1116,1924,1116_1924,356,356.0,0.6690233125431235,66.902,high,0.549132793418207,0.7469589436202463,0.7401469890658317,0.6615886961007564,12,3,0.3870967741935484,2025-03-25,74.696,0.7799242424242425,1.0,0.9111304437790625,0.018421052631578946,18.9,26.0,0.0,0.0,12.9,12.9,7,0,0,0.6690233125431235,66.902,585,0.00042152106416415257
1111601,128.81022078407062,37.312394571084496,1116102.3412533794,1924517.9660205953,1116,1924,1116_1924,356,356.0,0.6690233125431235,66.902,high,0.549132793418207,0.7469589436202463,0.7401469890658317,0.6615886961007564,12,3,0.3870967741935484,2025-03-25,74.696,0.7799242424242425,1.0,0.9111304437790625,0.018421052631578946,18.9,26.0,0.0,0.0,12.9,12.9,7,0,0,0.6690233125431235,66.902,586,0.0004222416129917836
1111602,128.81085450284573,37.31261173679785,1116158.1652776632,1924542.8386418326,1116,1924,1116_1924,356,356.0,0.6690233125431235,66.902,high,0.549132793418207,0.7469589436202463,0.7401469890658317,0.6615886961007564,12,3,0.3870967741935484,2025-03-25,74.696,0.7799242424242425,1.0,0.9111304437790625,0.018421052631578946,18.9,26.0,0.0,0.0,12.9,12.9,7,0,0,0.6690233125431235,66.902,587,0.0004229621618194146
1111603,128.81140149439156,37.312676042682014,1116206.5388586312,1924550.6456686351,1116,1924,1116_1924,356,356.0,0.6690233125431235,66.902,high,0.549132793418207,0.7469589436202463,0.7401469890658317,0.6615886961007564,12,3,0.3870967741935484,2025-03-25,74.696,0.7799242424242425,1.0,0.9111304437790625,0.018421052631578946,18.9,26.0,0.0,0.0,12.9,12.9,7,0,0,0.6690233125431235,66.902,588,0.00042368271064704565
1111607,128.82012603316508,37.30999617114751,1116983.8315223732,1924264.086189494,1116,1924,1116_1924,356,356.0,0.6690233125431235,66.902,high,0.549132793418207,0.7469589436202463,0.7401469890658317,0.6615886961007564,12,3,0.3870967741935484,2025-03-25,74.696,0.7799242424242425,1.0,0.9111304437790625,0.018421052631578946,18.9,26.0,0.0,0.0,12.9,12.9,7,0,0,0.6690233125431235,66.902,589,0.00042440325947467667
1111608,128.8195679037856,37.30986358509088,1116934.575562413,1924248.6854417713,1116,1924,1116_1924,356,356.0,0.6690233125431235,66.902,high,0.549132793418207,0.7469589436202463,0.7401469890658317,0.6615886961007564,12,3,0.3870967741935484,2025-03-25,74.696,0.7799242424242425,1.0,0.9111304437790625,0.018421052631578946,18.9,26.0,0.0,0.0,12.9,12.9,7,0,0,0.6690233125431235,66.902,590,0.0004251238083023077
1111609,128.81904212803127,37.30968482017551,1116888.2581186183,1924228.2016006259,1116,1924,1116_1924,356,356.0,0.6690233125431235,66.902,high,0.549132793418207,0.7469589436202463,0.7401469890658317,0.6615886961007564,12,3,0.3870967741935484,2025-03-25,74.696,0.7799242424242425,1.0,0.9111304437790625,0.018421052631578946,18.9,26.0,0.0,0.0,12.9,12.9,7,0,0,0.6690233125431235,66.902,591,0.0004258443571299387
1111610,128.81851080852445,37.30949373582264,1116841.468233821,1924206.3443640382,1116,1924,1116_1924,356,356.0,0.6690233125431235,66.902,high,0.549132793418207,0.7469589436202463,0.7401469890658317,0.6615886961007564,12,3,0.3870967741935484,2025-03-25,74.696,0.7799242424242425,1.0,0.9111304437790625,0.018421052631578946,18.9,26.0,0.0,0.0,12.9,12.9,7,0,0,0.6690233125431235,66.902,592,0.00042656490595756975
1111611,128.81800761608616,37.30932359357956,1116797.1383494502,1924186.8456182238,1116,1924,1116_1924,356,356.0,0.6690233125431235,66.902,high,0.549132793418207,0.7469589436202463,0.7401469890658317,0.6615886961007564,12,3,0.3870967741935484,2025-03-25,74.696,0.7799242424242425,1.0,0.9111304437790625,0.018421052631578946,18.9,26.0,0.0,0.0,12.9,12.9,7,0,0,0.6690233125431235,66.902,593,0.0004272854547852008
1111612,128.81746251032303,37.30918506274176,1116749.0449836587,1924170.8025224528,1116,1924,1116_1924,356,356.0,0.6690233125431235,66.902,high,0.549132793418207,0.7469589436202463,0.7401469890658317,0.6615886961007564,12,3,0.3870967741935484,2025-03-25,74.696,0.7799242424242425,1.0,0.9111304437790625,0.018421052631578946,18.9,26.0,0.0,0.0,12.9,12.9,7,0,0,0.6690233125431235,66.902,594,0.0004280060036128318
1111613,128.81690564775255,37.30906311315,1116699.8839105559,1924156.5848279383,1116,1924,1116_1924,356,356.0,0.6690233125431235,66.902,high,0.549132793418207,0.7469589436202463,0.7401469890658317,0.6615886961007564,12,3,0.3870967741935484,2025-03-25,74.696,0.7799242424242425,1.0,0.9111304437790625,0.018421052631578946,18.9,26.0,0.0,0.0,12.9,12.9,7,0,0,0.6690233125431235,66.902,595,0.00042872655244046283
1111614,128.8163267534776,37.30899844390801,1116648.681697416,1924148.6953097505,1116,1924,1116_1924,356,356.0,0.6690233125431235,66.902,high,0.549132793418207,0.7469589436202463,0.7401469890658317,0.6615886961007564,12,3,0.3870967741935484,2025-03-25,74.696,0.7799242424242425,1.0,0.9111304437790625,0.018421052631578946,18.9,26.0,0.0,0.0,12.9,12.9,7,0,0,0.6690233125431235,66.902,596,0.00042944710126809386
1111615,128.81575467162307,37.30895906757869,1116598.0440575115,1924143.6206814025,1116,1924,1116_1924,356,356.0,0.6690233125431235,66.902,high,0.549132793418207,0.7469589436202463,0.7401469890658317,0.6615886961007564,12,3,0.3870967741935484,2025-03-25,74.696,0.7799242424242425,1.0,0.9111304437790625,0.018421052631578946,18.9,26.0,0.0,0.0,12.9,12.9,7,0,0,0.6690233125431235,66.902,597,0.00043016765009572494
1111616,128.81518339308025,37.308987447533056,1116547.3729516016,1924146.064699356,1116,1924,1116_1924,356,356.0,0.6690233125431235,66.902,high,0.549132793418207,0.7469589436202463,0.7401469890658317,0.6615886961007564,12,3,0.3870967741935484,2025-03-25,74.696,0.7799242424242425,1.0,0.9111304437790625,0.018421052631578946,18.9,26.0,0.0,0.0,12.9,12.9,7,0,0,0.6690233125431235,66.902,598,0.00043088819892335596
1111617,128.81462155623197,37.309034336724395,1116497.510055232,1924150.5742034514,1116,1924,1116_1924,356,356.0,0.6690233125431235,66.902,high,0.549132793418207,0.7469589436202463,0.7401469890658317,0.6615886961007564,12,3,0.3870967741935484,2025-03-25,74.696,0.7799242424242425,1.0,0.9111304437790625,0.018421052631578946,18.9,26.0,0.0,0.0,12.9,12.9,7,0,0,0.6690233125431235,66.902,599,0.000431608747750987
1111627,128.8143184185602,37.309116832753965,1116470.5184339427,1924159.3532552014,1116,1924,1116_1924,356,356.0,0.6690233125431235,66.902,high,0.549132793418207,0.7469589436202463,0.7401469890658317,0.6615886961007564,12,3,0.3870967741935484,2025-03-25,74.696,0.7799242424242425,1.0,0.9111304437790625,0.018421052631578946,18.9,26.0,0.0,0.0,12.9,12.9,7,0,0,0.6690233125431235,66.902,600,0.000432329296578618
1111628,128.8149002853183,37.30906581774972,1116522.162694501,1924154.410541179,1116,1924,1116_1924,356,356.0,0.6690233125431235,66.902,high,0.549132793418207,0.7469589436202463,0.7401469890658317,0.6615886961007564,12,3,0.3870967741935484,2025-03-25,74.696,0.7799242424242425,1.0,0.9111304437790625,0.018421052631578946,18.9,26.0,0.0,0.0,12.9,12.9,7,0,0,0.6690233125431235,66.902,601,0.00043304984540624904
1111629,128.8154637185483,37.309022945448206,1116572.160857001,1924150.3488144863,1116,1924,1116_1924,356,356.0,0.6690233125431235,66.902,high,0.549132793418207,0.7469589436202463,0.7401469890658317,0.6615886961007564,12,3,0.3870967741935484,2025-03-25,74.696,0.7799242424242425,1.0,0.9111304437790625,0.018421052631578946,18.9,26.0,0.0,0.0,12.9,12.9,7,0,0,0.6690233125431235,66.902,602,0.00043377039423388007
1111630,128.81602716505583,37.309024919827976,1116622.0909741619,1924151.263001172,1116,1924,1116_1924,356,356.0,0.6690233125431235,66.902,high,0.549132793418207,0.7469589436202463,0.7401469890658317,0.6615886961007564,12,3,0.3870967741935484,2025-03-25,74.696,0.7799242424242425,1.0,0.9111304437790625,0.018421052631578946,18.9,26.0,0.0,0.0,12.9,12.9,7,0,0,0.6690233125431235,66.902,603,0.0004344909430615111
1111631,128.8165816830457,37.30907940014757,1116671.1486894982,1924157.9918343902,1116,1924,1116_1924,356,356.0,0.6690233125431235,66.902,high,0.549132793418207,0.7469589436202463,0.7401469890658317,0.6615886961007564,12,3,0.3870967741935484,2025-03-25,74.696,0.7799242424242425,1.0,0.9111304437790625,0.018421052631578946,18.9,26.0,0.0,0.0,12.9,12.9,7,0,0,0.6690233125431235,66.902,604,0.0004352114918891421
1111632,128.8171322269912,37.30917543994983,1116719.7898959364,1924169.3269447295,1116,1924,1116_1924,356,356.0,0.6690233125431235,66.902,high,0.549132793418207,0.7469589436202463,0.7401469890658317,0.6615886961007564,12,3,0.3870967741935484,2025-03-25,74.696,0.7799242424242425,1.0,0.9111304437790625,0.018421052631578946,18.9,26.0,0.0,0.0,12.9,12.9,7,0,0,0.6690233125431235,66.902,605,0.00043593204071677315
1111633,128.8176892970672,37.30930305716133,1116768.96048633,1924184.1738202272,1116,1924,1116_1924,356,356.0,0.6690233125431235,66.902,high,0.549132793418207,0.7469589436202463,0.7401469890658317,0.6615886961007564,12,3,0.3870967741935484,2025-03-25,74.696,0.7799242424242425,1.0,0.9111304437790625,0.018421052631578946,18.9,26.0,0.0,0.0,12.9,12.9,7,0,0,0.6690233125431235,66.902,606,0.0004366525895444042
1111634,128.81824062934183,37.3094578514168,1116817.5803695624,1924202.0291059017,1116,1924,1116_1924,356,356.0,0.6690233125431235,66.902,high,0.549132793418207,0.7469589436202463,0.7401469890658317,0.6615886961007564,12,3,0.3870967741935484,2025-03-25,74.696,0.7799242424242425,1.0,0.9111304437790625,0.018421052631578946,18.9,26.0,0.0,0.0,12.9,12.9,7,0,0,0.6690233125431235,66.902,607,0.0004373731383720352
1111635,128.81874608464557,37.309639707566106,1116862.0925301032,1924222.8303834766,1116,1924,1116_1924,356,356.0,0.6690233125431235,66.902,high,0.549132793418207,0.7469589436202463,0.7401469890658317,0.6615886961007564,12,3,0.3870967741935484,2025-03-25,74.696,0.7799242424242425,1.0,0.9111304437790625,0.018421052631578946,18.9,26.0,0.0,0.0,12.9,12.9,7,0,0,0.6690233125431235,66.902,608,0.0004380936871996662
1111636,128.8192782759552,37.309827681217406,1116908.9643479635,1924244.34369493,1116,1924,1116_1924,356,356.0,0.6690233125431235,66.902,high,0.549132793418207,0.7469589436202463,0.7401469890658317,0.6615886961007564,12,3,0.3870967741935484,2025-03-25,74.696,0.7799242424242425,1.0,0.9111304437790625,0.018421052631578946,18.9,26.0,0.0,0.0,12.9,12.9,7,0,0,0.6690233125431235,66.902,609,0.00043881423602729725
1111637,128.8198194475843,37.30998695801546,1116956.6762279975,1924262.6845603301,1116,1924,1116_1924,356,356.0,0.6690233125431235,66.902,high,0.549132793418207,0.7469589436202463,0.7401469890658317,0.6615886961007564,12,3,0.3870967741935484,2025-03-25,74.696,0.7799242424242425,1.0,0.9111304437790625,0.018421052631578946,18.9,26.0,0.0,0.0,12.9,12.9,7,0,0,0.6690233125431235,66.902,610,0.0004395347848549283
1111645,128.81023412889724,37.3125067502889,1116103.3512798124,1924530.4283486186,1116,1924,1116_1924,356,356.0,0.6690233125431235,66.902,high,0.549132793418207,0.7469589436202463,0.7401469890658317,0.6615886961007564,12,3,0.3870967741935484,2025-03-25,74.696,0.7799242424242425,1.0,0.9111304437790625,0.018421052631578946,18.9,26.0,0.0,0.0,12.9,12.9,7,0,0,0.6690233125431235,66.902,611,0.00044025533368255936
1111646,128.81215667664785,37.31208990645721,1116274.3634648637,1924486.5445767245,1116,1924,1116_1924,356,356.0,0.6690233125431235,66.902,high,0.549132793418207,0.7469589436202463,0.7401469890658317,0.6615886961007564,12,3,0.3870967741935484,2025-03-25,74.696,0.7799242424242425,1.0,0.9111304437790625,0.018421052631578946,18.9,26.0,0.0,0.0,12.9,12.9,7,0,0,0.6690233125431235,66.902,612,0.0004409758825101904
1111647,128.81215896882475,37.31163892784944,1116275.2612858287,1924436.512721706,1116,1924,1116_1924,356,356.0,0.6690233125431235,66.902,high,0.549132793418207,0.7469589436202463,0.7401469890658317,0.6615886961007564,12,3,0.3870967741935484,2025-03-25,74.696,0.7799242424242425,1.0,0.9111304437790625,0.018421052631578946,18.9,26.0,0.0,0.0,12.9,12.9,7,0,0,0.6690233125431235,66.902,613,0.0004416964313378214
1111648,128.81229215168435,37.31118497061824,1116287.7630107426,1924386.3114550929,1116,1924,1116_1924,356,356.0,0.6690233125431235,66.902,high,0.549132793418207,0.7469589436202463,0.7401469890658317,0.6615886961007564,12,3,0.3870967741935484,2025-03-25,74.696,0.7799242424242425,1.0,0.9111304437790625,0.018421052631578946,18.9,26.0,0.0,0.0,12.9,12.9,7,0,0,0.6690233125431235,66.902,614,0.00044241698016545244
1111649,128.81247722957178,37.310745445885914,1116304.8415148323,1924337.7753126558,1116,1924,1116_1924,356,356.0,0.6690233125431235,66.902,high,0.549132793418207,0.7469589436202463,0.7401469890658317,0.6615886961007564,12,3,0.3870967741935484,2025-03-25,74.696,0.7799242424242425,1.0,0.9111304437790625,0.018421052631578946,18.9,26.0,0.0,0.0,12.9,12.9,7,0,0,0.6690233125431235,66.902,615,0.00044313752899308346
1111650,128.80960156305952,37.31212609883757,1116047.8805388487,1924487.419284095,1116,1924,1116_1924,356,356.0,0.6690233125431235,66.902,high,0.549132793418207,0.7469589436202463,0.7401469890658317,0.6615886961007564,12,3,0.3870967741935484,2025-03-25,74.696,0.7799242424242425,1.0,0.9111304437790625,0.018421052631578946,18.9,26.0,0.0,0.0,12.9,12.9,7,0,0,0.6690233125431235,66.902,616,0.0004438580778207145
1111651,128.8091007494616,37.31189299590702,1116003.8580546936,1924460.9423679493,1116,1924,1116_1924,356,356.0,0.6690233125431235,66.902,high,0.549132793418207,0.7469589436202463,0.7401469890658317,0.6615886961007564,12,3,0.3870967741935484,2025-03-25,74.696,0.7799242424242425,1.0,0.9111304437790625,0.018421052631578946,18.9,26.0,0.0,0.0,12.9,12.9,7,0,0,0.6690233125431235,66.902,617,0.0004445786266483455
1111654,128.80940727475385,37.31211697516003,1116030.6772682187,1924486.168473633,1116,1924,1116_1924,356,356.0,0.6690233125431235,66.902,high,0.549132793418207,0.7469589436202463,0.7401469890658317,0.6615886961007564,12,3,0.3870967741935484,2025-03-25,74.696,0.7799242424242425,1.0,0.9111304437790625,0.018421052631578946,18.9,26.0,0.0,0.0,12.9,12.9,7,0,0,0.6690233125431235,66.902,618,0.00044529917547597654
1111655,128.8098888751449,37.31235131965183,1116072.9950104868,1924512.7596851478,1116,1924,1116_1924,356,356.0,0.6690233125431235,66.902,high,0.549132793418207,0.7469589436202463,0.7401469890658317,0.6615886961007564,12,3,0.3870967741935484,2025-03-25,74.696,0.7799242424242425,1.0,0.9111304437790625,0.018421052631578946,18.9,26.0,0.0,0.0,12.9,12.9,7,0,0,0.6690233125431235,66.902,619,0.00044601972430360757
1111666,128.81262133382748,37.310455422300954,1116318.058776887,1924305.7754571885,1116,1924,1116_1924,356,356.0,0.6690233125431235,66.902,high,0.549132793418207,0.7469589436202463,0.7401469890658317,0.6615886961007564,12,3,0.3870967741935484,2025-03-25,74.696,0.7799242424242425,1.0,0.9111304437790625,0.018421052631578946,18.9,26.0,0.0,0.0,12.9,12.9,7,0,0,0.6690233125431235,66.902,620,0.0004467402731312386
1111667,128.81289853466353,37.31005754418308,1116343.2373257903,1924261.9733407998,1116,1924,1116_1924,356,356.0,0.6690233125431235,66.902,high,0.549132793418207,0.7469589436202463,0.7401469890658317,0.6615886961007564,12,3,0.3870967741935484,2025-03-25,74.696,0.7799242424242425,1.0,0.9111304437790625,0.018421052631578946,18.9,26.0,0.0,0.0,12.9,12.9,7,0,0,0.6690233125431235,66.902,621,0.0004474608219588696
1111668,128.8132162339276,37.30969685166584,1116371.9477823898,1924222.3467897447,1116,1924,1116_1924,356,356.0,0.6690233125431235,66.902,high,0.549132793418207,0.7469589436202463,0.7401469890658317,0.6615886961007564,12,3,0.3870967741935484,2025-03-25,74.696,0.7799242424242425,1.0,0.9111304437790625,0.018421052631578946,18.9,26.0,0.0,0.0,12.9,12.9,7,0,0,0.6690233125431235,66.902,622,0.00044818137078650065
1111675,128.81278176745752,37.31408597993947,1116326.6810086728,1924708.7720745956,1116,1924,1116_1924,356,356.0,0.6690233125431235,66.902,high,0.549132793418207,0.7469589436202463,0.7401469890658317,0.6615886961007564,12,3,0.3870967741935484,2025-03-25,74.696,0.7799242424242425,1.0,0.9111304437790625,0.018421052631578946,18.9,26.0,0.0,0.0,12.9,12.9,7,0,0,0.6690233125431235,66.902,623,0.0004489019196141317
1111676,128.8126026049089,37.31367477630376,1116311.4381913613,1924662.9297578728,1116,1924,1116_1924,356,356.0,0.6690233125431235,66.902,high,0.549132793418207,0.7469589436202463,0.7401469890658317,0.6615886961007564,12,3,0.3870967741935484,2025-03-25,74.696,0.7799242424242425,1.0,0.9111304437790625,0.018421052631578946,18.9,26.0,0.0,0.0,12.9,12.9,7,0,0,0.6690233125431235,66.902,624,0.0004496224684417627
1111677,128.81242776070206,37.31324462052012,1116296.6070703007,1924614.9901079633,1116,1924,1116_1924,356,356.0,0.6690233125431235,66.902,high,0.549132793418207,0.7469589436202463,0.7401469890658317,0.6615886961007564,12,3,0.3870967741935484,2025-03-25,74.696,0.7799242424242425,1.0,0.9111304437790625,0.018421052631578946,18.9,26.0,0.0,0.0,12.9,12.9,7,0,0,0.6690233125431235,66.902,625,0.00045034301726939373
1111678,128.81230657610004,37.31279286779098,1116286.5641636823,1924564.7204063153,1116,1924,1116_1924,356,356.0,0.6690233125431235,66.902,high,0.549132793418207,0.7469589436202463,0.7401469890658317,0.6615886961007564,12,3,0.3870967741935484,2025-03-25,74.696,0.7799242424242425,1.0,0.9111304437790625,0.018421052631578946,18.9,26.0,0.0,0.0,12.9,12.9,7,0,0,0.6690233125431235,66.902,626,0.0004510635660970248
1111679,128.81221459729144,37.312338681827455,1116279.1130002288,1924514.216699351,1116,1924,1116_1924,356,356.0,0.6690233125431235,66.902,high,0.549132793418207,0.7469589436202463,0.7401469890658317,0.6615886961007564,12,3,0.3870967741935484,2025-03-25,74.696,0.7799242424242425,1.0,0.9111304437790625,0.018421052631578946,18.9,26.0,0.0,0.0,12.9,12.9,7,0,0,0.6690233125431235,66.902,627,0.00045178411492465583
1111680,128.81234727209997,37.31325883355047,1116289.4525974048,1924616.467948997,1116,1924,1116_1924,356,356.0,0.6690233125431235,66.902,high,0.549132793418207,0.7469589436202463,0.7401469890658317,0.6615886961007564,12,3,0.3870967741935484,2025-03-25,74.696,0.7799242424242425,1.0,0.9111304437790625,0.018421052631578946,18.9,26.0,0.0,0.0,12.9,12.9,7,0,0,0.6690233125431235,66.902,628,0.00045250466375228686
1111681,128.81251600454547,37.31367344014606,1116303.766119155,1924662.6749287168,1116,1924,1116_1924,356,356.0,0.6690233125431235,66.902,high,0.549132793418207,0.7469589436202463,0.7401469890658317,0.6615886961007564,12,3,0.3870967741935484,2025-03-25,74.696,0.7799242424242425,1.0,0.9111304437790625,0.018421052631578946,18.9,26.0,0.0,0.0,12.9,12.9,7,0,0,0.6690233125431235,66.902,629,0.0004532252125799179
1111682,128.8126918851,37.31408589998309,1116318.7162086503,1924708.652562275,1116,1924,1116_1924,356,356.0,0.6690233125431235,66.902,high,0.549132793418207,0.7469589436202463,0.7401469890658317,0.6615886961007564,12,3,0.3870967741935484,2025-03-25,74.696,0.7799242424242425,1.0,0.9111304437790625,0.018421052631578946,18.9,26.0,0.0,0.0,12.9,12.9,7,0,0,0.6690233125431235,66.902,630,0.0004539457614075489
1111683,128.8127511916478,37.31451682871052,1116323.3075108286,1924756.5357903915,1116,1924,1116_1924,356,356.0,0.6690233125431235,66.902,high,0.549132793418207,0.7469589436202463,0.7401469890658317,0.6615886961007564,12,3,0.3870967741935484,2025-03-25,74.696,0.7799242424242425,1.0,0.9111304437790625,0.018421052631578946,18.9,26.0,0.0,0.0,12.9,12.9,7,0,0,0.6690233125431235,66.902,631,0.00045466631023517994
1111684,128.8125391491103,37.31491853111304,1116303.8984645943,1924800.8424477426,1116,1924,1116_1924,356,356.0,0.6690233125431235,66.902,high,0.549132793418207,0.7469589436202463,0.7401469890658317,0.6615886961007564,12,3,0.3870967741935484,2025-03-25,74.696,0.7799242424242425,1.0,0.9111304437790625,0.018421052631578946,18.9,26.0,0.0,0.0,12.9,12.9,7,0,0,0.6690233125431235,66.902,632,0.00045538685906281097
1111685,128.8123161313583,37.315331100504366,1116283.5003176865,1924846.3413015478,1116,1924,1116_1924,356,356.0,0.6690233125431235,66.902,high,0.549132793418207,0.7469589436202463,0.7401469890658317,0.6615886961007564,12,3,0.3870967741935484,2025-03-25,74.696,0.7799242424242425,1.0,0.9111304437790625,0.018421052631578946,18.9,26.0,0.0,0.0,12.9,12.9,7,0,0,0.6690233125431235,66.902,633,0.000456107407890442
1111686,128.8121562427121,37.315761823108446,1116268.6684765308,1924893.931920933,1116,1924,1116_1924,356,356.0,0.6690233125431235,66.902,high,0.549132793418207,0.7469589436202463,0.7401469890658317,0.6615886961007564,12,3,0.3870967741935484,2025-03-25,74.696,0.7799242424242425,1.0,0.9111304437790625,0.018421052631578946,18.9,26.0,0.0,0.0,12.9,12.9,7,0,0,0.6690233125431235,66.902,634,0.000456827956718073
1111687,128.81201418610686,37.31619070831936,1116255.419762829,1924941.3406514723,1116,1924,1116_1924,356,356.0,0.6690233125431235,66.902,high,0.549132793418207,0.7469589436202463,0.7401469890658317,0.6615886961007564,12,3,0.3870967741935484,2025-03-25,74.696,0.7799242424242425,1.0,0.9111304437790625,0.018421052631578946,18.9,26.0,0.0,0.0,12.9,12.9,7,0,0,0.6690233125431235,66.902,635,0.00045754850554570404
1111688,128.81169592353615,37.316526263297995,1116226.7009561076,1924978.177946251,1116,1924,1116_1924,356,356.0,0.6690233125431235,66.902,high,0.549132793418207,0.7469589436202463,0.7401469890658317,0.6615886961007564,12,3,0.3870967741935484,2025-03-25,74.696,0.7799242424242425,1.0,0.9111304437790625,0.018421052631578946,18.9,26.0,0.0,0.0,12.9,12.9,7,0,0,0.6690233125431235,66.902,636,0.00045826905437333507
1111704,128.81357756330243,37.30943700700976,1116404.369522852,1924193.9628249633,1116,1924,1116_1924,356,356.0,0.6690233125431235,66.902,high,0.549132793418207,0.7469589436202463,0.7401469890658317,0.6615886961007564,12,3,0.3870967741935484,2025-03-25,74.696,0.7799242424242425,1.0,0.9111304437790625,0.018421052631578946,18.9,26.0,0.0,0.0,12.9,12.9,7,0,0,0.6690233125431235,66.902,637,0.0004589896032009661
1111705,128.8140433348846,37.30919086177904,1116446.0260983147,1924167.2275707347,1116,1924,1116_1924,356,356.0,0.6690233125431235,66.902,high,0.549132793418207,0.7469589436202463,0.7401469890658317,0.6615886961007564,12,3,0.3870967741935484,2025-03-25,74.696,0.7799242424242425,1.0,0.9111304437790625,0.018421052631578946,18.9,26.0,0.0,0.0,12.9,12.9,7,0,0,0.6690233125431235,66.902,638,0.0004597101520285971
1111711,128.81424765021117,37.30904940586568,1116464.350908252,1924151.785241775,1116,1924,1116_1924,356,356.0,0.6690233125431235,66.902,high,0.549132793418207,0.7469589436202463,0.7401469890658317,0.6615886961007564,12,3,0.3870967741935484,2025-03-25,74.696,0.7799242424242425,1.0,0.9111304437790625,0.018421052631578946,18.9,26.0,0.0,0.0,12.9,12.9,7,0,0,0.6690233125431235,66.902,639,0.00046043070085622815
1111712,128.81373902674252,37.30927213945784,1116418.9327410688,1924175.8701719851,1116,1924,1116_1924,356,356.0,0.6690233125431235,66.902,high,0.549132793418207,0.7469589436202463,0.7401469890658317,0.6615886961007564,12,3,0.3870967741935484,2025-03-25,74.696,0.7799242424242425,1.0,0.9111304437790625,0.018421052631578946,18.9,26.0,0.0,0.0,12.9,12.9,7,0,0,0.6690233125431235,66.902,640,0.0004611512496838592
1111713,128.81327627392932,37.309557646402446,1116377.4831412432,1924206.9763342799,1116,1924,1116_1924,356,356.0,0.6690233125431235,66.902,high,0.549132793418207,0.7469589436202463,0.7401469890658317,0.6615886961007564,12,3,0.3870967741935484,2025-03-25,74.696,0.7799242424242425,1.0,0.9111304437790625,0.018421052631578946,18.9,26.0,0.0,0.0,12.9,12.9,7,0,0,0.6690233125431235,66.902,641,0.00046187179851149026
1111714,128.81293595976564,37.30990036999725,1116346.7961740193,1924244.581430339,1116,1924,1116_1924,356,356.0,0.6690233125431235,66.902,high,0.549132793418207,0.7469589436202463,0.7401469890658317,0.6615886961007564,12,3,0.3870967741935484,2025-03-25,74.696,0.7799242424242425,1.0,0.9111304437790625,0.018421052631578946,18.9,26.0,0.0,0.0,12.9,12.9,7,0,0,0.6690233125431235,66.902,642,0.0004625923473391213
1111715,128.8126390664657,37.31028292898298,1116319.8960293164,1924286.6596887188,1116,1924,1116_1924,356,356.0,0.6690233125431235,66.902,high,0.549132793418207,0.7469589436202463,0.7401469890658317,0.6615886961007564,12,3,0.3870967741935484,2025-03-25,74.696,0.7799242424242425,1.0,0.9111304437790625,0.018421052631578946,18.9,26.0,0.0,0.0,12.9,12.9,7,0,0,0.6690233125431235,66.902,643,0.0004633128961667523
1111716,128.81240789994237,37.31070487779955,1116298.7601012574,1924333.1890902556,1116,1924,1116_1924,356,356.0,0.6690233125431235,66.902,high,0.549132793418207,0.7469589436202463,0.7401469890658317,0.6615886961007564,12,3,0.3870967741935484,2025-03-25,74.696,0.7799242424242425,1.0,0.9111304437790625,0.018421052631578946,18.9,26.0,0.0,0.0,12.9,12.9,7,0,0,0.6690233125431235,66.902,644,0.00046403344499438334
1111717,128.8122356672525,37.311120297296014,1116282.8570797502,1924379.066648743,1116,1924,1116_1924,356,356.0,0.6690233125431235,66.902,high,0.549132793418207,0.7469589436202463,0.7401469890658317,0.6615886961007564,12,3,0.3870967741935484,2025-03-25,74.696,0.7799242424242425,1.0,0.9111304437790625,0.018421052631578946,18.9,26.0,0.0,0.0,12.9,12.9,7,0,0,0.6690233125431235,66.902,645,0.00046475399382201436
1111718,128.8120950051052,37.311542993297145,1116269.740729595,1924425.7903835508,1116,1924,1116_1924,356,356.0,0.6690233125431235,66.902,high,0.549132793418207,0.7469589436202463,0.7401469890658317,0.6615886961007564,12,3,0.3870967741935484,2025-03-25,74.696,0.7799242424242425,1.0,0.9111304437790625,0.018421052631578946,18.9,26.0,0.0,0.0,12.9,12.9,7,0,0,0.6690233125431235,66.902,646,0.0004654745426496454
1111719,128.81206947538547,37.31200243210079,1116266.7706610947,1924476.732280488,1116,1924,1116_1924,356,356.0,0.6690233125431235,66.902,high,0.549132793418207,0.7469589436202463,0.7401469890658317,0.6615886961007564,12,3,0.3870967741935484,2025-03-25,74.696,0.7799242424242425,1.0,0.9111304437790625,0.018421052631578946,18.9,26.0,0.0,0.0,12.9,12.9,7,0,0,0.6690233125431235,66.902,647,0.0004661950914772764
1111720,128.81215280467586,37.31245288938251,1116273.461193981,1924526.811643037,1116,1924,1116_1924,356,356.0,0.6690233125431235,66.902,high,0.549132793418207,0.7469589436202463,0.7401469890658317,0.6615886961007564,12,3,0.3870967741935484,2025-03-25,74.696,0.7799242424242425,1.0,0.9111304437790625,0.018421052631578946,18.9,26.0,0.0,0.0,12.9,12.9,7,0,0,0.6690233125431235,66.902,648,0.00046691564030490744
1111721,128.8118374913428,37.31263986922863,1116245.231146345,1924547.1685656037,1116,1924,1116_1924,356,356.0,0.6690233125431235,66.902,high,0.549132793418207,0.7469589436202463,0.7401469890658317,0.6615886961007564,12,3,0.3870967741935484,2025-03-25,74.696,0.7799242424242425,1.0,0.9111304437790625,0.018421052631578946,18.9,26.0,0.0,0.0,12.9,12.9,7,0,0,0.6690233125431235,66.902,649,0.00046763618913253847
1118887,128.81170571168403,37.31259411879706,1116233.623723523,1924541.9306033768,1116,1924,1116_1924,356,356.0,0.6690233125431235,66.902,high,0.549132793418207,0.7469589436202463,0.7401469890658317,0.6615886961007564,12,3,0.3870967741935484,2025-03-25,74.696,0.7799242424242425,1.0,0.9111304437790625,0.018421052631578946,18.9,26.0,0.0,0.0,12.9,12.9,7,0,0,0.6690233125431235,66.902,650,0.0004683567379601695
1178303,128.81070318272526,37.31262179212841,1116144.7403166485,1924543.768261375,1116,1924,1116_1924,356,356.0,0.6690233125431235,66.902,high,0.549132793418207,0.7469589436202463,0.7401469890658317,0.6615886961007564,12,3,0.3870967741935484,2025-03-25,74.696,0.7799242424242425,1.0,0.9111304437790625,0.018421052631578946,18.9,26.0,0.0,0.0,12.9,12.9,7,0,0,0.6690233125431235,66.902,651,0.0004690772867878005
1178304,128.81069897846606,37.31302975909407,1116143.7399962256,1924589.0257613745,1116,1924,1116_1924,356,356.0,0.6690233125431235,66.902,high,0.549132793418207,0.7469589436202463,0.7401469890658317,0.6615886961007564,12,3,0.3870967741935484,2025-03-25,74.696,0.7799242424242425,1.0,0.9111304437790625,0.018421052631578946,18.9,26.0,0.0,0.0,12.9,12.9,7,0,0,0.6690233125431235,66.902,652,0.00046979783561543155
1186935,128.80933152383778,37.311760947668205,1116024.511678424,1924446.5753359778,1116,1924,1116_1924,356,356.0,0.6690233125431235,66.902,high,0.549132793418207,0.7469589436202463,0.7401469890658317,0.6615886961007564,12,3,0.3870967741935484,2025-03-25,74.696,0.7799242424242425,1.0,0.9111304437790625,0.018421052631578946,18.9,26.0,0.0,0.0,12.9,12.9,7,0,0,0.6690233125431235,66.902,653,0.00047051838444306257
1186936,128.8096281879446,37.31211245197874,1116050.2609443804,1924485.9379033728,1116,1924,1116_1924,356,356.0,0.6690233125431235,66.902,high,0.549132793418207,0.7469589436202463,0.7401469890658317,0.6615886961007564,12,3,0.3870967741935484,2025-03-25,74.696,0.7799242424242425,1.0,0.9111304437790625,0.018421052631578946,18.9,26.0,0.0,0.0,12.9,12.9,7,0,0,0.6690233125431235,66.902,654,0.0004712389332706936
1189559,128.80982030341417,37.31150685860955,1116068.2168932892,1924418.9851566935,1116,1924,1116_1924,356,356.0,0.6690233125431235,66.902,high,0.549132793418207,0.7469589436202463,0.7401469890658317,0.6615886961007564,12,3,0.3870967741935484,2025-03-25,74.696,0.7799242424242425,1.0,0.9111304437790625,0.018421052631578946,18.9,26.0,0.0,0.0,12.9,12.9,7,0,0,0.6690233125431235,66.902,655,0.0004719594820983246
1189560,128.8099447967267,37.31185095726094,1116078.7200816283,1924457.314731608,1116,1924,1116_1924,356,356.0,0.6690233125431235,66.902,high,0.549132793418207,0.7469589436202463,0.7401469890658317,0.6615886961007564,12,3,0.3870967741935484,2025-03-25,74.696,0.7799242424242425,1.0,0.9111304437790625,0.018421052631578946,18.9,26.0,0.0,0.0,12.9,12.9,7,0,0,0.6690233125431235,66.902,656,0.0004726800309259557
1189561,128.80961779441623,37.31203173268742,1116049.4639992039,1924476.9695875465,1116,1924,1116_1924,356,356.0,0.6690233125431235,66.902,high,0.549132793418207,0.7469589436202463,0.7401469890658317,0.6615886961007564,12,3,0.3870967741935484,2025-03-25,74.696,0.7799242424242425,1.0,0.9111304437790625,0.018421052631578946,18.9,26.0,0.0,0.0,12.9,12.9,7,0,0,0.6690233125431235,66.902,657,0.00047340057975358673
1190190,128.8144175762181,37.31258676900408,1116473.9516446895,1924544.4541360121,1116,1924,1116_1924,356,356.0,0.6690233125431235,66.902,high,0.549132793418207,0.7469589436202463,0.7401469890658317,0.6615886961007564,12,3,0.3870967741935484,2025-03-25,74.696,0.7799242424242425,1.0,0.9111304437790625,0.018421052631578946,18.9,26.0,0.0,0.0,12.9,12.9,7,0,0,0.6690233125431235,66.902,658,0.00047412112858121776
1190191,128.81479692819482,37.31279650267977,1116507.2448539832,1924568.1910705839,1116,1924,1116_1924,356,356.0,0.6690233125431235,66.902,high,0.549132793418207,0.7469589436202463,0.7401469890658317,0.6615886961007564,12,3,0.3870967741935484,2025-03-25,74.696,0.7799242424242425,1.0,0.9111304437790625,0.018421052631578946,18.9,26.0,0.0,0.0,12.9,12.9,7,0,0,0.6690233125431235,66.902,659,0.0004748416774088488
1190332,128.8201255334936,37.30946188147422,1116984.615228197,1924204.8077614568,1116,1924,1116_1924,356,356.0,0.6690233125431235,66.902,high,0.549132793418207,0.7469589436202463,0.7401469890658317,0.6615886961007564,12,3,0.3870967741935484,2025-03-25,74.696,0.7799242424242425,1.0,0.9111304437790625,0.018421052631578946,18.9,26.0,0.0,0.0,12.9,12.9,7,0,0,0.6690233125431235,66.902,660,0.0004755622262364798
1190333,128.81961298006163,37.30928944201235,1116939.4596207133,1924185.041798136,1116,1924,1116_1924,356,356.0,0.6690233125431235,66.902,high,0.549132793418207,0.7469589436202463,0.7401469890658317,0.6615886961007564,12,3,0.3870967741935484,2025-03-25,74.696,0.7799242424242425,1.0,0.9111304437790625,0.018421052631578946,18.9,26.0,0.0,0.0,12.9,12.9,7,0,0,0.6690233125431235,66.902,661,0.00047628277506411084
1190334,128.81938293475065,37.30901882537108,1116919.4919814393,1924154.733090272,1116,1924,1116_1924,356,356.0,0.6690233125431235,66.902,high,0.549132793418207,0.7469589436202463,0.7401469890658317,0.6615886961007564,12,3,0.3870967741935484,2025-03-25,74.696,0.7799242424242425,1.0,0.9111304437790625,0.018421052631578946,18.9,26.0,0.0,0.0,12.9,12.9,7,0,0,0.6690233125431235,66.902,662,0.00047700332389174186
1190335,128.81926890875198,37.30862013956176,1116910.0043119492,1924110.3590671704,1116,1924,1116_1924,356,356.0,0.6690233125431235,66.902,high,0.549132793418207,0.7469589436202463,0.7401469890658317,0.6615886961007564,12,3,0.3870967741935484,2025-03-25,74.696,0.7799242424242425,1.0,0.9111304437790625,0.018421052631578946,18.9,26.0,0.0,0.0,12.9,12.9,7,0,0,0.6690233125431235,66.902,663,0.0004777238727193729
1190336,128.81969025450144,37.308574763563016,1116947.4148827246,1924105.8460364584,1116,1924,1116_1924,356,356.0,0.6690233125431235,66.902,high,0.549132793418207,0.7469589436202463,0.7401469890658317,0.6615886961007564,12,3,0.3870967741935484,2025-03-25,74.696,0.7799242424242425,1.0,0.9111304437790625,0.018421052631578946,18.9,26.0,0.0,0.0,12.9,12.9,7,0,0,0.6690233125431235,66.902,664,0.0004784444215470039
1190367,128.81037807375338,37.311640694026565,1116117.4394952357,1924434.518971428,1116,1924,1116_1924,356,356.0,0.6690233125431235,66.902,high,0.549132793418207,0.7469589436202463,0.7401469890658317,0.6615886961007564,12,3,0.3870967741935484,2025-03-25,74.696,0.7799242424242425,1.0,0.9111304437790625,0.018421052631578946,18.9,26.0,0.0,0.0,12.9,12.9,7,0,0,0.6690233125431235,66.902,665,0.00047916497037463494
1190368,128.81000742536872,37.311603872624616,1116084.650067596,1924429.978395194,1116,1924,1116_1924,356,356.0,0.6690233125431235,66.902,high,0.549132793418207,0.7469589436202463,0.7401469890658317,0.6615886961007564,12,3,0.3870967741935484,2025-03-25,74.696,0.7799242424242425,1.0,0.9111304437790625,0.018421052631578946,18.9,26.0,0.0,0.0,12.9,12.9,7,0,0,0.6690233125431235,66.902,666,0.00047988551920226597
1190400,128.8148424266651,37.31654030474453,1116505.4975859749,1924983.6106784875,1116,1924,1116_1924,356,356.0,0.6690233125431235,66.902,high,0.549132793418207,0.7469589436202463,0.7401469890658317,0.6615886961007564,12,3,0.3870967741935484,2025-03-25,74.696,0.7799242424242425,1.0,0.9111304437790625,0.018421052631578946,18.9,26.0,0.0,0.0,12.9,12.9,7,0,0,0.6690233125431235,66.902,667,0.000480606068029897
1190401,128.814804497358,37.3160968049364,1116502.8212121322,1924934.3589389194,1116,1924,1116_1924,356,356.0,0.6690233125431235,66.902,high,0.549132793418207,0.7469589436202463,0.7401469890658317,0.6615886961007564,12,3,0.3870967741935484,2025-03-25,74.696,0.7799242424242425,1.0,0.9111304437790625,0.018421052631578946,18.9,26.0,0.0,0.0,12.9,12.9,7,0,0,0.6690233125431235,66.902,668,0.000481326616857528
1190402,128.81467077661023,37.315668429947046,1116491.6330646395,1924886.6671625979,1116,1924,1116_1924,356,356.0,0.6690233125431235,66.902,high,0.549132793418207,0.7469589436202463,0.7401469890658317,0.6615886961007564,12,3,0.3870967741935484,2025-03-25,74.696,0.7799242424242425,1.0,0.9111304437790625,0.018421052631578946,18.9,26.0,0.0,0.0,12.9,12.9,7,0,0,0.6690233125431235,66.902,669,0.00048204716568515905
1190403,128.8146088722769,37.31522094242566,1116486.8381887097,1924836.9434576202,1116,1924,1116_1924,356,356.0,0.6690233125431235,66.902,high,0.549132793418207,0.7469589436202463,0.7401469890658317,0.6615886961007564,12,3,0.3870967741935484,2025-03-25,74.696,0.7799242424242425,1.0,0.9111304437790625,0.018421052631578946,18.9,26.0,0.0,0.0,12.9,12.9,7,0,0,0.6690233125431235,66.902,670,0.00048276771451279013
1190404,128.81470409415314,37.31480340996724,1116495.9206164426,1924790.7368795513,1116,1924,1116_1924,356,356.0,0.6690233125431235,66.902,high,0.549132793418207,0.7469589436202463,0.7401469890658317,0.6615886961007564,12,3,0.3870967741935484,2025-03-25,74.696,0.7799242424242425,1.0,0.9111304437790625,0.018421052631578946,18.9,26.0,0.0,0.0,12.9,12.9,7,0,0,0.6690233125431235,66.902,671,0.00048348826334042115
1190405,128.81492523137544,37.31492206473463,1116515.3333289984,1924804.1739111438,1116,1924,1116_1924,356,356.0,0.6690233125431235,66.902,high,0.549132793418207,0.7469589436202463,0.7401469890658317,0.6615886961007564,12,3,0.3870967741935484,2025-03-25,74.696,0.7799242424242425,1.0,0.9111304437790625,0.018421052631578946,18.9,26.0,0.0,0.0,12.9,12.9,7,0,0,0.6690233125431235,66.902,672,0.0004842088121680522
1190406,128.81418915504733,37.30917437064976,1116458.974230245,1924165.577610286,1116,1924,1116_1924,356,356.0,0.6690233125431235,66.902,high,0.549132793418207,0.7469589436202463,0.7401469890658317,0.6615886961007564,12,3,0.3870967741935484,2025-03-25,74.696,0.7799242424242425,1.0,0.9111304437790625,0.018421052631578946,18.9,26.0,0.0,0.0,12.9,12.9,7,0,0,0.6690233125431235,66.902,673,0.0004849293609956832
1190407,128.81449549528605,37.30943095709359,1116485.7264055542,1924194.4226098927,1116,1924,1116_1924,356,356.0,0.6690233125431235,66.902,high,0.549132793418207,0.7469589436202463,0.7401469890658317,0.6615886961007564,12,3,0.3870967741935484,2025-03-25,74.696,0.7799242424242425,1.0,0.9111304437790625,0.018421052631578946,18.9,26.0,0.0,0.0,12.9,12.9,7,0,0,0.6690233125431235,66.902,674,0.00048564990982331423
1190408,128.81482731074567,37.30975886082713,1116514.6259367294,1924231.2115390757,1116,1924,1116_1924,356,356.0,0.6690233125431235,66.902,high,0.549132793418207,0.7469589436202463,0.7401469890658317,0.6615886961007564,12,3,0.3870967741935484,2025-03-25,74.696,0.7799242424242425,1.0,0.9111304437790625,0.018421052631578946,18.9,26.0,0.0,0.0,12.9,12.9,7,0,0,0.6690233125431235,66.902,675,0.00048637045865094526
1190930,128.81169650480194,37.315940730437646,1116227.6541999262,1924913.2155673176,1116,1924,1116_1924,356,356.0,0.6690233125431235,66.902,high,0.549132793418207,0.7469589436202463,0.7401469890658317,0.6615886961007564,12,3,0.3870967741935484,2025-03-25,74.696,0.7799242424242425,1.0,0.9111304437790625,0.018421052631578946,18.9,26.0,0.0,0.0,12.9,12.9,7,0,0,0.6690233125431235,66.902,676,0.0004870910074785763
1190931,128.81135206627528,37.315592758820976,1116197.6682806585,1924874.1855716717,1116,1924,1116_1924,356,356.0,0.6690233125431235,66.902,high,0.549132793418207,0.7469589436202463,0.7401469890658317,0.6615886961007564,12,3,0.3870967741935484,2025-03-25,74.696,0.7799242424242425,1.0,0.9111304437790625,0.018421052631578946,18.9,26.0,0.0,0.0,12.9,12.9,7,0,0,0.6690233125431235,66.902,677,0.0004878115563062073
1190932,128.81123679594515,37.31518774887744,1116188.077303911,1924829.1092168337,1116,1924,1116_1924,356,356.0,0.6690233125431235,66.902,high,0.549132793418207,0.7469589436202463,0.7401469890658317,0.6615886961007564,12,3,0.3870967741935484,2025-03-25,74.696,0.7799242424242425,1.0,0.9111304437790625,0.018421052631578946,18.9,26.0,0.0,0.0,12.9,12.9,7,0,0,0.6690233125431235,66.902,678,0.0004885321051338383
1190933,128.8113019589758,37.314813827050976,1116194.427299473,1924787.7038590075,1116,1924,1116_1924,356,356.0,0.6690233125431235,66.902,high,0.549132793418207,0.7469589436202463,0.7401469890658317,0.6615886961007564,12,3,0.3870967741935484,2025-03-25,74.696,0.7799242424242425,1.0,0.9111304437790625,0.018421052631578946,18.9,26.0,0.0,0.0,12.9,12.9,7,0,0,0.6690233125431235,66.902,679,0.0004892526539614694
1190934,128.81187588603353,37.314817303039966,1116245.2799831885,1924788.7953763232,1116,1924,1116_1924,356,356.0,0.6690233125431235,66.902,high,0.549132793418207,0.7469589436202463,0.7401469890658317,0.6615886961007564,12,3,0.3870967741935484,2025-03-25,74.696,0.7799242424242425,1.0,0.9111304437790625,0.018421052631578946,18.9,26.0,0.0,0.0,12.9,12.9,7,0,0,0.6690233125431235,66.902,680,0.0004899732027891004
1190936,128.80949695040934,37.31487138482123,1116034.3895969652,1924791.871768855,1116,1924,1116_1924,356,356.0,0.6690233125431235,66.902,high,0.549132793418207,0.7469589436202463,0.7401469890658317,0.6615886961007564,12,3,0.3870967741935484,2025-03-25,74.696,0.7799242424242425,1.0,0.9111304437790625,0.018421052631578946,18.9,26.0,0.0,0.0,12.9,12.9,7,0,0,0.6690233125431235,66.902,681,0.0004906937516167315
1190937,128.80999957545643,37.314674527332635,1116079.231990488,1924770.648342737,1116,1924,1116_1924,356,356.0,0.6690233125431235,66.902,high,0.549132793418207,0.7469589436202463,0.7401469890658317,0.6615886961007564,12,3,0.3870967741935484,2025-03-25,74.696,0.7799242424242425,1.0,0.9111304437790625,0.018421052631578946,18.9,26.0,0.0,0.0,12.9,12.9,7,0,0,0.6690233125431235,66.902,682,0.0004914143004443624
1190938,128.81028333023198,37.31429120010582,1116104.9663851946,1924728.4679698795,1116,1924,1116_1924,356,356.0,0.6690233125431235,66.902,high,0.549132793418207,0.7469589436202463,0.7401469890658317,0.6615886961007564,12,3,0.3870967741935484,2025-03-25,74.696,0.7799242424242425,1.0,0.9111304437790625,0.018421052631578946,18.9,26.0,0.0,0.0,12.9,12.9,7,0,0,0.6690233125431235,66.902,683,0.0004921348492719935
1190939,128.81045114964456,37.31387658197328,1116120.4755398643,1924682.6735743238,1116,1924,1116_1924,356,356.0,0.6690233125431235,66.902,high,0.549132793418207,0.7469589436202463,0.7401469890658317,0.6615886961007564,12,3,0.3870967741935484,2025-03-25,74.696,0.7799242424242425,1.0,0.9111304437790625,0.018421052631578946,18.9,26.0,0.0,0.0,12.9,12.9,7,0,0,0.6690233125431235,66.902,684,0.0004928553980996245
1190940,128.8106174995429,37.313447057032015,1116135.877566667,1924635.2235363603,1116,1924,1116_1924,356,356.0,0.6690233125431235,66.902,high,0.549132793418207,0.7469589436202463,0.7401469890658317,0.6615886961007564,12,3,0.3870967741935484,2025-03-25,74.696,0.7799242424242425,1.0,0.9111304437790625,0.018421052631578946,18.9,26.0,0.0,0.0,12.9,12.9,7,0,0,0.6690233125431235,66.902,685,0.0004935759469272556
1190941,128.8107747174056,37.31299892202331,1116150.499146328,1924585.6975724557,1116,1924,1116_1924,356,356.0,0.6690233125431235,66.902,high,0.549132793418207,0.7469589436202463,0.7401469890658317,0.6615886961007564,12,3,0.3870967741935484,2025-03-25,74.696,0.7799242424242425,1.0,0.9111304437790625,0.018421052631578946,18.9,26.0,0.0,0.0,12.9,12.9,7,0,0,0.6690233125431235,66.902,686,0.0004942964957548865
1190942,128.81143836534727,37.312736579068314,1116209.713036451,1924557.4073334187,1116,1924,1116_1924,356,356.0,0.6690233125431235,66.902,high,0.549132793418207,0.7469589436202463,0.7401469890658317,0.6615886961007564,12,3,0.3870967741935484,2025-03-25,74.696,0.7799242424242425,1.0,0.9111304437790625,0.018421052631578946,18.9,26.0,0.0,0.0,12.9,12.9,7,0,0,0.6690233125431235,66.902,687,0.0004950170445825176
1190943,128.81134431323525,37.31318669136492,1116200.6855158624,1924607.2302446559,1116,1924,1116_1924,356,356.0,0.6690233125431235,66.902,high,0.549132793418207,0.7469589436202463,0.7401469890658317,0.6615886961007564,12,3,0.3870967741935484,2025-03-25,74.696,0.7799242424242425,1.0,0.9111304437790625,0.018421052631578946,18.9,26.0,0.0,0.0,12.9,12.9,7,0,0,0.6690233125431235,66.902,688,0.0004957375934101486
1190944,128.81118712435045,37.31361036841314,1116186.103884144,1924654.0426291456,1116,1924,1116_1924,356,356.0,0.6690233125431235,66.902,high,0.549132793418207,0.7469589436202463,0.7401469890658317,0.6615886961007564,12,3,0.3870967741935484,2025-03-25,74.696,0.7799242424242425,1.0,0.9111304437790625,0.018421052631578946,18.9,26.0,0.0,0.0,12.9,12.9,7,0,0,0.6690233125431235,66.902,689,0.0004964581422377797
1190945,128.81102427892927,37.31403408104133,1116171.0210938607,1924700.8520320393,1116,1924,1116_1924,356,356.0,0.6690233125431235,66.902,high,0.549132793418207,0.7469589436202463,0.7401469890658317,0.6615886961007564,12,3,0.3870967741935484,2025-03-25,74.696,0.7799242424242425,1.0,0.9111304437790625,0.018421052631578946,18.9,26.0,0.0,0.0,12.9,12.9,7,0,0,0.6690233125431235,66.902,690,0.0004971786910654107
1190946,128.8108550536147,37.31447393923998,1116155.3482606823,1924749.4449205864,1116,1924,1116_1924,356,356.0,0.6690233125431235,66.902,high,0.549132793418207,0.7469589436202463,0.7401469890658317,0.6615886961007564,12,3,0.3870967741935484,2025-03-25,74.696,0.7799242424242425,1.0,0.9111304437790625,0.018421052631578946,18.9,26.0,0.0,0.0,12.9,12.9,7,0,0,0.6690233125431235,66.902,691,0.0004978992398930417
1190986,128.8202258514519,37.31138096244705,1116990.53118798,1924417.8481493893,1116,1924,1116_1924,356,356.0,0.6690233125431235,66.902,high,0.549132793418207,0.7469589436202463,0.7401469890658317,0.6615886961007564,12,3,0.3870967741935484,2025-03-25,74.696,0.7799242424242425,1.0,0.9111304437790625,0.018421052631578946,18.9,26.0,0.0,0.0,12.9,12.9,7,0,0,0.6690233125431235,66.902,692,0.0004986197887206728
1190987,128.81969297356284,37.31125355281535,1116943.5058839503,1924403.052892576,1116,1924,1116_1924,356,356.0,0.6690233125431235,66.902,high,0.549132793418207,0.7469589436202463,0.7401469890658317,0.6615886961007564,12,3,0.3870967741935484,2025-03-25,74.696,0.7799242424242425,1.0,0.9111304437790625,0.018421052631578946,18.9,26.0,0.0,0.0,12.9,12.9,7,0,0,0.6690233125431235,66.902,693,0.0004993403375483038
1190988,128.81915428816248,37.31120383153095,1116895.8454608344,1924396.8700067378,1116,1924,1116_1924,356,356.0,0.6690233125431235,66.902,high,0.549132793418207,0.7469589436202463,0.7401469890658317,0.6615886961007564,12,3,0.3870967741935484,2025-03-25,74.696,0.7799242424242425,1.0,0.9111304437790625,0.018421052631578946,18.9,26.0,0.0,0.0,12.9,12.9,7,0,0,0.6690233125431235,66.902,694,0.0005000608863759349
1190989,128.8189559629638,37.311596516594726,1116877.6621676316,1924440.1919242016,1116,1924,1116_1924,356,356.0,0.6690233125431235,66.902,high,0.549132793418207,0.7469589436202463,0.7401469890658317,0.6615886961007564,12,3,0.3870967741935484,2025-03-25,74.696,0.7799242424242425,1.0,0.9111304437790625,0.018421052631578946,18.9,26.0,0.0,0.0,12.9,12.9,7,0,0,0.6690233125431235,66.902,695,0.0005007814352035658
1190990,128.81893936174137,37.31205755658855,1116875.477136991,1924491.322384262,1116,1924,1116_1924,356,356.0,0.6690233125431235,66.902,high,0.549132793418207,0.7469589436202463,0.7401469890658317,0.6615886961007564,12,3,0.3870967741935484,2025-03-25,74.696,0.7799242424242425,1.0,0.9111304437790625,0.018421052631578946,18.9,26.0,0.0,0.0,12.9,12.9,7,0,0,0.6690233125431235,66.902,696,0.0005015019840311969
1190991,128.81879121925215,37.31249526522457,1116861.6714625605,1924539.70162983,1116,1924,1116_1924,356,356.0,0.6690233125431235,66.902,high,0.549132793418207,0.7469589436202463,0.7401469890658317,0.6615886961007564,12,3,0.3870967741935484,2025-03-25,74.696,0.7799242424242425,1.0,0.9111304437790625,0.018421052631578946,18.9,26.0,0.0,0.0,12.9,12.9,7,0,0,0.6690233125431235,66.902,697,0.0005022225328588279
1190992,128.81886890668875,37.31292292174526,1116867.893730808,1924587.2449051975,1116,1924,1116_1924,356,356.0,0.6690233125431235,66.902,high,0.549132793418207,0.7469589436202463,0.7401469890658317,0.6615886961007564,12,3,0.3870967741935484,2025-03-25,74.696,0.7799242424242425,1.0,0.9111304437790625,0.018421052631578946,18.9,26.0,0.0,0.0,12.9,12.9,7,0,0,0.6690233125431235,66.902,698,0.000502943081686459
1190993,128.8187576005662,37.31332354280836,1116857.409936773,1924631.55496167,1116,1924,1116_1924,356,356.0,0.6690233125431235,66.902,high,0.549132793418207,0.7469589436202463,0.7401469890658317,0.6615886961007564,12,3,0.3870967741935484,2025-03-25,74.696,0.7799242424242425,1.0,0.9111304437790625,0.018421052631578946,18.9,26.0,0.0,0.0,12.9,12.9,7,0,0,0.6690233125431235,66.902,699,0.00050366363051409
1190994,128.81822203492956,37.31330722671465,1116809.9755406957,1924629.0825956499,1116,1924,1116_1924,356,356.0,0.6690233125431235,66.902,high,0.549132793418207,0.7469589436202463,0.7401469890658317,0.6615886961007564,12,3,0.3870967741935484,2025-03-25,74.696,0.7799242424242425,1.0,0.9111304437790625,0.018421052631578946,18.9,26.0,0.0,0.0,12.9,12.9,7,0,0,0.6690233125431235,66.902,700,0.000504384179341721
1190995,128.81812563429327,37.312877818950255,1116802.0974016292,1924581.3219425778,1116,1924,1116_1924,356,356.0,0.6690233125431235,66.902,high,0.549132793418207,0.7469589436202463,0.7401469890658317,0.6615886961007564,12,3,0.3870967741935484,2025-03-25,74.696,0.7799242424242425,1.0,0.9111304437790625,0.018421052631578946,18.9,26.0,0.0,0.0,12.9,12.9,7,0,0,0.6690233125431235,66.902,701,0.000505104728169352
1190996,128.8182114230243,37.31242706692206,1116810.3972567832,1924531.4184050595,1116,1924,1116_1924,356,356.0,0.6690233125431235,66.902,high,0.549132793418207,0.7469589436202463,0.7401469890658317,0.6615886961007564,12,3,0.3870967741935484,2025-03-25,74.696,0.7799242424242425,1.0,0.9111304437790625,0.018421052631578946,18.9,26.0,0.0,0.0,12.9,12.9,7,0,0,0.6690233125431235,66.902,702,0.0005058252769969831
1190997,128.81831671503247,37.31199861520697,1116820.391014323,1924484.0131384137,1116,1924,1116_1924,356,356.0,0.6690233125431235,66.902,high,0.549132793418207,0.7469589436202463,0.7401469890658317,0.6615886961007564,12,3,0.3870967741935484,2025-03-25,74.696,0.7799242424242425,1.0,0.9111304437790625,0.018421052631578946,18.9,26.0,0.0,0.0,12.9,12.9,7,0,0,0.6690233125431235,66.902,703,0.000506545825824614
1190998,128.8182707747756,37.31154835820723,1116817.016717904,1924434.0017023962,1116,1924,1116_1924,356,356.0,0.6690233125431235,66.902,high,0.549132793418207,0.7469589436202463,0.7401469890658317,0.6615886961007564,12,3,0.3870967741935484,2025-03-25,74.696,0.7799242424242425,1.0,0.9111304437790625,0.018421052631578946,18.9,26.0,0.0,0.0,12.9,12.9,7,0,0,0.6690233125431235,66.902,704,0.0005072663746522451
1190999,128.8181212368618,37.311122280595285,1116804.424277561,1924386.5448527695,1116,1924,1116_1924,356,356.0,0.6690233125431235,66.902,high,0.549132793418207,0.7469589436202463,0.7401469890658317,0.6615886961007564,12,3,0.3870967741935484,2025-03-25,74.696,0.7799242424242425,1.0,0.9111304437790625,0.018421052631578946,18.9,26.0,0.0,0.0,12.9,12.9,7,0,0,0.6690233125431235,66.902,705,0.0005079869234798761
1191000,128.81789975250283,37.31069238150532,1116785.4617708013,1924338.5751365218,1116,1924,1116_1924,356,356.0,0.6690233125431235,66.902,high,0.549132793418207,0.7469589436202463,0.7401469890658317,0.6615886961007564,12,3,0.3870967741935484,2025-03-25,74.696,0.7799242424242425,1.0,0.9111304437790625,0.018421052631578946,18.9,26.0,0.0,0.0,12.9,12.9,7,0,0,0.6690233125431235,66.902,706,0.0005087074723075072
1191001,128.81756732257395,37.31032323812934,1116756.5731199156,1924297.2090589176,1116,1924,1116_1924,356,356.0,0.6690233125431235,66.902,high,0.549132793418207,0.7469589436202463,0.7401469890658317,0.6615886961007564,12,3,0.3870967741935484,2025-03-25,74.696,0.7799242424242425,1.0,0.9111304437790625,0.018421052631578946,18.9,26.0,0.0,0.0,12.9,12.9,7,0,0,0.6690233125431235,66.902,707,0.0005094280211351383
1191002,128.8170213013206,37.31019607839512,1116708.381618843,1924282.426638434,1116,1924,1116_1924,356,356.0,0.6690233125431235,66.902,high,0.549132793418207,0.7469589436202463,0.7401469890658317,0.6615886961007564,12,3,0.3870967741935484,2025-03-25,74.696,0.7799242424242425,1.0,0.9111304437790625,0.018421052631578946,18.9,26.0,0.0,0.0,12.9,12.9,7,0,0,0.6690233125431235,66.902,708,0.0005101485699627692
1191003,128.81655998896215,37.310395801383606,1116667.1916307388,1924304.0156991177,1116,1924,1116_1924,356,356.0,0.6690233125431235,66.902,high,0.549132793418207,0.7469589436202463,0.7401469890658317,0.6615886961007564,12,3,0.3870967741935484,2025-03-25,74.696,0.7799242424242425,1.0,0.9111304437790625,0.018421052631578946,18.9,26.0,0.0,0.0,12.9,12.9,7,0,0,0.6690233125431235,66.902,709,0.0005108691187904003
1191004,128.81624808392462,37.31077174270074,1116638.9699153465,1924345.3402284821,1116,1924,1116_1924,356,356.0,0.6690233125431235,66.902,high,0.549132793418207,0.7469589436202463,0.7401469890658317,0.6615886961007564,12,3,0.3870967741935484,2025-03-25,74.696,0.7799242424242425,1.0,0.9111304437790625,0.018421052631578946,18.9,26.0,0.0,0.0,12.9,12.9,7,0,0,0.6690233125431235,66.902,710,0.0005115896676180313
1191005,128.81572783530953,37.31095616652605,1116592.5811980788,1924365.1595129394,1116,1924,1116_1924,356,356.0,0.6690233125431235,66.902,high,0.549132793418207,0.7469589436202463,0.7401469890658317,0.6615886961007564,12,3,0.3870967741935484,2025-03-25,74.696,0.7799242424242425,1.0,0.9111304437790625,0.018421052631578946,18.9,26.0,0.0,0.0,12.9,12.9,7,0,0,0.6690233125431235,66.902,711,0.0005123102164456624
1191006,128.8151767015251,37.31102550085791,1116543.6334016984,1924372.1721370006,1116,1924,1116_1924,356,356.0,0.6690233125431235,66.902,high,0.549132793418207,0.7469589436202463,0.7401469890658317,0.6615886961007564,12,3,0.3870967741935484,2025-03-25,74.696,0.7799242424242425,1.0,0.9111304437790625,0.018421052631578946,18.9,26.0,0.0,0.0,12.9,12.9,7,0,0,0.6690233125431235,66.902,712,0.0005130307652732933
1191007,128.81460986787422,37.31106802493046,1116493.3357743844,1924376.1911767998,1116,1924,1116_1924,356,356.0,0.6690233125431235,66.902,high,0.549132793418207,0.7469589436202463,0.7401469890658317,0.6615886961007564,12,3,0.3870967741935484,2025-03-25,74.696,0.7799242424242425,1.0,0.9111304437790625,0.018421052631578946,18.9,26.0,0.0,0.0,12.9,12.9,7,0,0,0.6690233125431235,66.902,713,0.0005137513141009244
1191008,128.81403265266272,37.31104993487244,1116442.211711134,1924373.4727759599,1116,1924,1116_1924,356,356.0,0.6690233125431235,66.902,high,0.549132793418207,0.7469589436202463,0.7401469890658317,0.6615886961007564,12,3,0.3870967741935484,2025-03-25,74.696,0.7799242424242425,1.0,0.9111304437790625,0.018421052631578946,18.9,26.0,0.0,0.0,12.9,12.9,7,0,0,0.6690233125431235,66.902,714,0.0005144718629285554
1191009,128.81395343210144,37.310667617496016,1116435.7810189913,1924330.9582419563,1116,1924,1116_1924,356,356.0,0.6690233125431235,66.902,high,0.549132793418207,0.7469589436202463,0.7401469890658317,0.6615886961007564,12,3,0.3870967741935484,2025-03-25,74.696,0.7799242424242425,1.0,0.9111304437790625,0.018421052631578946,18.9,26.0,0.0,0.0,12.9,12.9,7,0,0,0.6690233125431235,66.902,715,0.0005151924117561865
1191010,128.8141724292568,37.31030196515796,1116455.7524326711,1924290.6600912618,1116,1924,1116_1924,356,356.0,0.6690233125431235,66.902,high,0.549132793418207,0.7469589436202463,0.7401469890658317,0.6615886961007564,12,3,0.3870967741935484,2025-03-25,74.696,0.7799242424242425,1.0,0.9111304437790625,0.018421052631578946,18.9,26.0,0.0,0.0,12.9,12.9,7,0,0,0.6690233125431235,66.902,716,0.0005159129605838174
1191011,128.8096706777851,37.31551453651991,1116048.7953622765,1924863.4408094638,1116,1924,1116_1924,356,356.0,0.6690233125431235,66.902,high,0.549132793418207,0.7469589436202463,0.7401469890658317,0.6615886961007564,12,3,0.3870967741935484,2025-03-25,74.696,0.7799242424242425,1.0,0.9111304437790625,0.018421052631578946,18.9,26.0,0.0,0.0,12.9,12.9,7,0,0,0.6690233125431235,66.902,717,0.0005166335094114485
1191012,128.8101600468735,37.31531294924893,1116092.4700398766,1924841.6764258388,1116,1924,1116_1924,356,356.0,0.6690233125431235,66.902,high,0.549132793418207,0.7469589436202463,0.7401469890658317,0.6615886961007564,12,3,0.3870967741935484,2025-03-25,74.696,0.7799242424242425,1.0,0.9111304437790625,0.018421052631578946,18.9,26.0,0.0,0.0,12.9,12.9,7,0,0,0.6690233125431235,66.902,718,0.0005173540582390795
1191013,128.81053346603844,37.31496937674567,1116126.0886531617,1924804.0169421062,1116,1924,1116_1924,356,356.0,0.6690233125431235,66.902,high,0.549132793418207,0.7469589436202463,0.7401469890658317,0.6615886961007564,12,3,0.3870967741935484,2025-03-25,74.696,0.7799242424242425,1.0,0.9111304437790625,0.018421052631578946,18.9,26.0,0.0,0.0,12.9,12.9,7,0,0,0.6690233125431235,66.902,719,0.0005180746070667106
1191014,128.81103345393083,37.31483663470623,1116170.5988585236,1924789.9041729115,1116,1924,1116_1924,356,356.0,0.6690233125431235,66.902,high,0.549132793418207,0.7469589436202463,0.7401469890658317,0.6615886961007564,12,3,0.3870967741935484,2025-03-25,74.696,0.7799242424242425,1.0,0.9111304437790625,0.018421052631578946,18.9,26.0,0.0,0.0,12.9,12.9,7,0,0,0.6690233125431235,66.902,720,0.0005187951558943416
1191015,128.81120959876236,37.31517605931745,1116185.6852568302,1924827.7788555895,1116,1924,1116_1924,356,356.0,0.6690233125431235,66.902,high,0.549132793418207,0.7469589436202463,0.7401469890658317,0.6615886961007564,12,3,0.3870967741935484,2025-03-25,74.696,0.7799242424242425,1.0,0.9111304437790625,0.018421052631578946,18.9,26.0,0.0,0.0,12.9,12.9,7,0,0,0.6690233125431235,66.902,721,0.0005195157047219726
1191016,128.81131746455392,37.3155827257052,1116194.6175581152,1924873.0298797153,1116,1924,1116_1924,356,356.0,0.6690233125431235,66.902,high,0.549132793418207,0.7469589436202463,0.7401469890658317,0.6615886961007564,12,3,0.3870967741935484,2025-03-25,74.696,0.7799242424242425,1.0,0.9111304437790625,0.018421052631578946,18.9,26.0,0.0,0.0,12.9,12.9,7,0,0,0.6690233125431235,66.902,722,0.0005202362535496037
1191017,128.81166587961263,37.31592060745232,1116224.9714054465,1924910.945314615,1116,1924,1116_1924,356,356.0,0.6690233125431235,66.902,high,0.549132793418207,0.7469589436202463,0.7401469890658317,0.6615886961007564,12,3,0.3870967741935484,2025-03-25,74.696,0.7799242424242425,1.0,0.9111304437790625,0.018421052631578946,18.9,26.0,0.0,0.0,12.9,12.9,7,0,0,0.6690233125431235,66.902,723,0.0005209568023772347
1191018,128.8137105640689,37.31417473106084,1116408.849423106,1924719.7624943852,1116,1924,1116_1924,356,356.0,0.6690233125431235,66.902,high,0.549132793418207,0.7469589436202463,0.7401469890658317,0.6615886961007564,12,3,0.3870967741935484,2025-03-25,74.696,0.7799242424242425,1.0,0.9111304437790625,0.018421052631578946,18.9,26.0,0.0,0.0,12.9,12.9,7,0,0,0.6690233125431235,66.902,724,0.0005216773512048658
1191019,128.81389369431963,37.31414719643015,1116425.1199623516,1924716.9332198305,1116,1924,1116_1924,356,356.0,0.6690233125431235,66.902,high,0.549132793418207,0.7469589436202463,0.7401469890658317,0.6615886961007564,12,3,0.3870967741935484,2025-03-25,74.696,0.7799242424242425,1.0,0.9111304437790625,0.018421052631578946,18.9,26.0,0.0,0.0,12.9,12.9,7,0,0,0.6690233125431235,66.902,725,0.0005223979000324967
1191021,128.81716219804423,37.31537532893466,1116712.8590254355,1924857.222793487,1116,1924,1116_1924,356,356.0,0.6690233125431235,66.902,high,0.549132793418207,0.7469589436202463,0.7401469890658317,0.6615886961007564,12,3,0.3870967741935484,2025-03-25,74.696,0.7799242424242425,1.0,0.9111304437790625,0.018421052631578946,18.9,26.0,0.0,0.0,12.9,12.9,7,0,0,0.6690233125431235,66.902,726,0.0005231184488601278
1191022,128.81715387525765,37.31513966599951,1116712.4859440234,1924831.0664151781,1116,1924,1116_1924,356,356.0,0.6690233125431235,66.902,high,0.549132793418207,0.7469589436202463,0.7401469890658317,0.6615886961007564,12,3,0.3870967741935484,2025-03-25,74.696,0.7799242424242425,1.0,0.9111304437790625,0.018421052631578946,18.9,26.0,0.0,0.0,12.9,12.9,7,0,0,0.6690233125431235,66.902,727,0.0005238389976877588
1191023,128.81662798800556,37.315193946392654,1116665.801180568,1924836.4392609987,1116,1924,1116_1924,356,356.0,0.6690233125431235,66.902,high,0.549132793418207,0.7469589436202463,0.7401469890658317,0.6615886961007564,12,3,0.3870967741935484,2025-03-25,74.696,0.7799242424242425,1.0,0.9111304437790625,0.018421052631578946,18.9,26.0,0.0,0.0,12.9,12.9,7,0,0,0.6690233125431235,66.902,728,0.0005245595465153899
1191024,128.8161165758141,37.31503346099937,1116620.731026502,1924818.0026105067,1116,1924,1116_1924,356,356.0,0.6690233125431235,66.902,high,0.549132793418207,0.7469589436202463,0.7401469890658317,0.6615886961007564,12,3,0.3870967741935484,2025-03-25,74.696,0.7799242424242425,1.0,0.9111304437790625,0.018421052631578946,18.9,26.0,0.0,0.0,12.9,12.9,7,0,0,0.6690233125431235,66.902,729,0.0005252800953430208
1191025,128.81593929928235,37.314598688819046,1116605.6935680066,1924769.5471762766,1116,1924,1116_1924,356,356.0,0.6690233125431235,66.902,high,0.549132793418207,0.7469589436202463,0.7401469890658317,0.6615886961007564,12,3,0.3870967741935484,2025-03-25,74.696,0.7799242424242425,1.0,0.9111304437790625,0.018421052631578946,18.9,26.0,0.0,0.0,12.9,12.9,7,0,0,0.6690233125431235,66.902,730,0.0005260006441706519
1191026,128.81551761524952,37.31431943717247,1116568.7575791164,1924738.044788292,1116,1924,1116_1924,356,356.0,0.6690233125431235,66.902,high,0.549132793418207,0.7469589436202463,0.7401469890658317,0.6615886961007564,12,3,0.3870967741935484,2025-03-25,74.696,0.7799242424242425,1.0,0.9111304437790625,0.018421052631578946,18.9,26.0,0.0,0.0,12.9,12.9,7,0,0,0.6690233125431235,66.902,731,0.0005267211929982829
1191027,128.814979588339,37.314428508694085,1116520.912083785,1924749.4823853946,1116,1924,1116_1924,356,356.0,0.6690233125431235,66.902,high,0.549132793418207,0.7469589436202463,0.7401469890658317,0.6615886961007564,12,3,0.3870967741935484,2025-03-25,74.696,0.7799242424242425,1.0,0.9111304437790625,0.018421052631578946,18.9,26.0,0.0,0.0,12.9,12.9,7,0,0,0.6690233125431235,66.902,732,0.000527441741825914
1191028,128.81480353009027,37.31407742866652,1116505.8526823954,1924710.314044292,1116,1924,1116_1924,356,356.0,0.6690233125431235,66.902,high,0.549132793418207,0.7469589436202463,0.7401469890658317,0.6615886961007564,12,3,0.3870967741935484,2025-03-25,74.696,0.7799242424242425,1.0,0.9111304437790625,0.018421052631578946,18.9,26.0,0.0,0.0,12.9,12.9,7,0,0,0.6690233125431235,66.902,733,0.000528162290653545
1191029,128.81436879472295,37.31386363402255,1116467.6585083443,1924686.0582840133,1116,1924,1116_1924,356,356.0,0.6690233125431235,66.902,high,0.549132793418207,0.7469589436202463,0.7401469890658317,0.6615886961007564,12,3,0.3870967741935484,2025-03-25,74.696,0.7799242424242425,1.0,0.9111304437790625,0.018421052631578946,18.9,26.0,0.0,0.0,12.9,12.9,7,0,0,0.6690233125431235,66.902,734,0.000528882839481176
1191030,128.81380212825363,37.31392426150824,1116417.3497027894,1924692.0864604653,1116,1924,1116_1924,356,356.0,0.6690233125431235,66.902,high,0.549132793418207,0.7469589436202463,0.7401469890658317,0.6615886961007564,12,3,0.3870967741935484,2025-03-25,74.696,0.7799242424242425,1.0,0.9111304437790625,0.018421052631578946,18.9,26.0,0.0,0.0,12.9,12.9,7,0,0,0.6690233125431235,66.902,735,0.000529603388308807
1191031,128.8133367693776,37.314157378364925,1116375.752406258,1924717.3768638552,1116,1924,1116_1924,356,356.0,0.6690233125431235,66.902,high,0.549132793418207,0.7469589436202463,0.7401469890658317,0.6615886961007564,12,3,0.3870967741935484,2025-03-25,74.696,0.7799242424242425,1.0,0.9111304437790625,0.018421052631578946,18.9,26.0,0.0,0.0,12.9,12.9,7,0,0,0.6690233125431235,66.902,736,0.0005303239371364381
1191032,128.81701591357947,37.31530506688848,1116700.0048883953,1924849.2467597956,1116,1924,1116_1924,356,356.0,0.6690233125431235,66.902,high,0.549132793418207,0.7469589436202463,0.7401469890658317,0.6615886961007564,12,3,0.3870967741935484,2025-03-25,74.696,0.7799242424242425,1.0,0.9111304437790625,0.018421052631578946,18.9,26.0,0.0,0.0,12.9,12.9,7,0,0,0.6690233125431235,66.902,737,0.0005310444859640692
1191033,128.8171643746761,37.31534307583821,1116713.1017812227,1924853.6470971373,1116,1924,1116_1924,356,356.0,0.6690233125431235,66.902,high,0.549132793418207,0.7469589436202463,0.7401469890658317,0.6615886961007564,12,3,0.3870967741935484,2025-03-25,74.696,0.7799242424242425,1.0,0.9111304437790625,0.018421052631578946,18.9,26.0,0.0,0.0,12.9,12.9,7,0,0,0.6690233125431235,66.902,738,0.0005317650347917001
1191034,128.81492389172467,37.31503678521295,1116515.0375146947,1924816.9001500802,1116,1924,1116_1924,356,356.0,0.6690233125431235,66.902,high,0.549132793418207,0.7469589436202463,0.7401469890658317,0.6615886961007564,12,3,0.3870967741935484,2025-03-25,74.696,0.7799242424242425,1.0,0.9111304437790625,0.018421052631578946,18.9,26.0,0.0,0.0,12.9,12.9,7,0,0,0.6690233125431235,66.902,739,0.0005324855836193312
1191035,128.81495545500078,37.31459039049721,1116518.5236055388,1924767.412923742,1116,1924,1116_1924,356,356.0,0.6690233125431235,66.902,high,0.549132793418207,0.7469589436202463,0.7401469890658317,0.6615886961007564,12,3,0.3870967741935484,2025-03-25,74.696,0.7799242424242425,1.0,0.9111304437790625,0.018421052631578946,18.9,26.0,0.0,0.0,12.9,12.9,7,0,0,0.6690233125431235,66.902,740,0.0005332061324469622
1191036,128.81531993228313,37.31433617115802,1116551.2141154474,1924739.6575359895,1116,1924,1116_1924,356,356.0,0.6690233125431235,66.902,high,0.549132793418207,0.7469589436202463,0.7401469890658317,0.6615886961007564,12,3,0.3870967741935484,2025-03-25,74.696,0.7799242424242425,1.0,0.9111304437790625,0.018421052631578946,18.9,26.0,0.0,0.0,12.9,12.9,7,0,0,0.6690233125431235,66.902,741,0.0005339266812745933
1191037,128.81214962787848,37.314992514117854,1116269.2674592226,1924808.571291615,1116,1924,1116_1924,356,356.0,0.6690233125431235,66.902,high,0.549132793418207,0.7469589436202463,0.7401469890658317,0.6615886961007564,12,3,0.3870967741935484,2025-03-25,74.696,0.7799242424242425,1.0,0.9111304437790625,0.018421052631578946,18.9,26.0,0.0,0.0,12.9,12.9,7,0,0,0.6690233125431235,66.902,742,0.0005346472301022242
1191038,128.81207384743848,37.314532187125295,1116263.2613544005,1924757.4061798695,1116,1924,1116_1924,356,356.0,0.6690233125431235,66.902,high,0.549132793418207,0.7469589436202463,0.7401469890658317,0.6615886961007564,12,3,0.3870967741935484,2025-03-25,74.696,0.7799242424242425,1.0,0.9111304437790625,0.018421052631578946,18.9,26.0,0.0,0.0,12.9,12.9,7,0,0,0.6690233125431235,66.902,743,0.0005353677789298553
1191039,128.8119618057068,37.31409103986472,1116254.0123243819,1924708.3244001244,1116,1924,1116_1924,356,356.0,0.6690233125431235,66.902,high,0.549132793418207,0.7469589436202463,0.7401469890658317,0.6615886961007564,12,3,0.3870967741935484,2025-03-25,74.696,0.7799242424242425,1.0,0.9111304437790625,0.018421052631578946,18.9,26.0,0.0,0.0,12.9,12.9,7,0,0,0.6690233125431235,66.902,744,0.0005360883277574863
1191040,128.81187787330884,37.313634484221154,1116247.2778248421,1924657.567702382,1116,1924,1116_1924,356,356.0,0.6690233125431235,66.902,high,0.549132793418207,0.7469589436202463,0.7401469890658317,0.6615886961007564,12,3,0.3870967741935484,2025-03-25,74.696,0.7799242424242425,1.0,0.9111304437790625,0.018421052631578946,18.9,26.0,0.0,0.0,12.9,12.9,7,0,0,0.6690233125431235,66.902,745,0.0005368088765851174
1191041,128.8118189225079,37.31320305877578,1116242.7182959844,1924609.629862992,1116,1924,1116_1924,356,356.0,0.6690233125431235,66.902,high,0.549132793418207,0.7469589436202463,0.7401469890658317,0.6615886961007564,12,3,0.3870967741935484,2025-03-25,74.696,0.7799242424242425,1.0,0.9111304437790625,0.018421052631578946,18.9,26.0,0.0,0.0,12.9,12.9,7,0,0,0.6690233125431235,66.902,746,0.0005375294254127483
1191042,128.81229625035743,37.31326580158736,1116284.92052224,1924617.1782459717,1116,1924,1116_1924,356,356.0,0.6690233125431235,66.902,high,0.549132793418207,0.7469589436202463,0.7401469890658317,0.6615886961007564,12,3,0.3870967741935484,2025-03-25,74.696,0.7799242424242425,1.0,0.9111304437790625,0.018421052631578946,18.9,26.0,0.0,0.0,12.9,12.9,7,0,0,0.6690233125431235,66.902,747,0.0005382499742403794
1191045,128.81109281185903,37.314614731025834,1116176.2003753264,1924765.357614986,1116,1924,1116_1924,356,356.0,0.6690233125431235,66.902,high,0.549132793418207,0.7469589436202463,0.7401469890658317,0.6615886961007564,12,3,0.3870967741935484,2025-03-25,74.696,0.7799242424242425,1.0,0.9111304437790625,0.018421052631578946,18.9,26.0,0.0,0.0,12.9,12.9,7,0,0,0.6690233125431235,66.902,748,0.0005389705230680104
1191046,128.81095404751392,37.314324432174125,1116164.3506610284,1924732.979259168,1116,1924,1116_1924,356,356.0,0.6690233125431235,66.902,high,0.549132793418207,0.7469589436202463,0.7401469890658317,0.6615886961007564,12,3,0.3870967741935484,2025-03-25,74.696,0.7799242424242425,1.0,0.9111304437790625,0.018421052631578946,18.9,26.0,0.0,0.0,12.9,12.9,7,0,0,0.6690233125431235,66.902,749,0.0005396910718956415
1191047,128.81111594466367,37.31389997148746,1116179.3504852923,1924686.0856836452,1116,1924,1116_1924,356,356.0,0.6690233125431235,66.902,high,0.549132793418207,0.7469589436202463,0.7401469890658317,0.6615886961007564,12,3,0.3870967741935484,2025-03-25,74.696,0.7799242424242425,1.0,0.9111304437790625,0.018421052631578946,18.9,26.0,0.0,0.0,12.9,12.9,7,0,0,0.6690233125431235,66.902,750,0.0005404116207232725
1191048,128.81132171768922,37.31350306625903,1116198.1961341815,1924642.3032771777,1116,1924,1116_1924,356,356.0,0.6690233125431235,66.902,high,0.549132793418207,0.7469589436202463,0.7401469890658317,0.6615886961007564,12,3,0.3870967741935484,2025-03-25,74.696,0.7799242424242425,1.0,0.9111304437790625,0.018421052631578946,18.9,26.0,0.0,0.0,12.9,12.9,7,0,0,0.6690233125431235,66.902,751,0.0005411321695509035
1191049,128.81150761764795,37.31312595996529,1116215.2504113785,1924600.6931019328,1116,1924,1116_1924,356,356.0,0.6690233125431235,66.902,high,0.549132793418207,0.7469589436202463,0.7401469890658317,0.6615886961007564,12,3,0.3870967741935484,2025-03-25,74.696,0.7799242424242425,1.0,0.9111304437790625,0.018421052631578946,18.9,26.0,0.0,0.0,12.9,12.9,7,0,0,0.6690233125431235,66.902,752,0.0005418527183785346
1191050,128.81180310425884,37.31340011873222,1116241.0130640212,1924631.4735993904,1116,1924,1116_1924,356,356.0,0.6690233125431235,66.902,high,0.549132793418207,0.7469589436202463,0.7401469890658317,0.6615886961007564,12,3,0.3870967741935484,2025-03-25,74.696,0.7799242424242425,1.0,0.9111304437790625,0.018421052631578946,18.9,26.0,0.0,0.0,12.9,12.9,7,0,0,0.6690233125431235,66.902,753,0.0005425732672061656
1191051,128.81187774761642,37.313835503816776,1116246.9570859065,1924679.8700533332,1116,1924,1116_1924,356,356.0,0.6690233125431235,66.902,high,0.549132793418207,0.7469589436202463,0.7401469890658317,0.6615886961007564,12,3,0.3870967741935484,2025-03-25,74.696,0.7799242424242425,1.0,0.9111304437790625,0.018421052631578946,18.9,26.0,0.0,0.0,12.9,12.9,7,0,0,0.6690233125431235,66.902,754,0.0005432938160337967
1191052,128.81196412195033,37.31426755406166,1116253.9456989178,1924727.9109582128,1116,1924,1116_1924,356,356.0,0.6690233125431235,66.902,high,0.549132793418207,0.7469589436202463,0.7401469890658317,0.6615886961007564,12,3,0.3870967741935484,2025-03-25,74.696,0.7799242424242425,1.0,0.9111304437790625,0.018421052631578946,18.9,26.0,0.0,0.0,12.9,12.9,7,0,0,0.6690233125431235,66.902,755,0.0005440143648614276
1191053,128.81207439088644,37.314717276704805,1116263.02439714,1924777.9419711633,1116,1924,1116_1924,356,356.0,0.6690233125431235,66.902,high,0.549132793418207,0.7469589436202463,0.7401469890658317,0.6615886961007564,12,3,0.3870967741935484,2025-03-25,74.696,0.7799242424242425,1.0,0.9111304437790625,0.018421052631578946,18.9,26.0,0.0,0.0,12.9,12.9,7,0,0,0.6690233125431235,66.902,756,0.0005447349136890587
1191054,128.8115868580446,37.31478710219532,1116219.7145296852,1924785.0891738923,1116,1924,1116_1924,356,356.0,0.6690233125431235,66.902,high,0.549132793418207,0.7469589436202463,0.7401469890658317,0.6615886961007564,12,3,0.3870967741935484,2025-03-25,74.696,0.7799242424242425,1.0,0.9111304437790625,0.018421052631578946,18.9,26.0,0.0,0.0,12.9,12.9,7,0,0,0.6690233125431235,66.902,757,0.0005454554625166897
1191055,128.81101349500892,37.314806170572425,1116168.8771066265,1924786.4997340413,1116,1924,1116_1924,356,356.0,0.6690233125431235,66.902,high,0.549132793418207,0.7469589436202463,0.7401469890658317,0.6615886961007564,12,3,0.3870967741935484,2025-03-25,74.696,0.7799242424242425,1.0,0.9111304437790625,0.018421052631578946,18.9,26.0,0.0,0.0,12.9,12.9,7,0,0,0.6690233125431235,66.902,758,0.0005461760113443208
1191056,128.8105070580666,37.31494882116039,1116123.7801657568,1924801.7039105918,1116,1924,1116_1924,356,356.0,0.6690233125431235,66.902,high,0.549132793418207,0.7469589436202463,0.7401469890658317,0.6615886961007564,12,3,0.3870967741935484,2025-03-25,74.696,0.7799242424242425,1.0,0.9111304437790625,0.018421052631578946,18.9,26.0,0.0,0.0,12.9,12.9,7,0,0,0.6690233125431235,66.902,759,0.0005468965601719517
1191057,128.81012184910196,37.315299145842474,1116089.1064327725,1924840.098052887,1116,1924,1116_1924,356,356.0,0.6690233125431235,66.902,high,0.549132793418207,0.7469589436202463,0.7401469890658317,0.6615886961007564,12,3,0.3870967741935484,2025-03-25,74.696,0.7799242424242425,1.0,0.9111304437790625,0.018421052631578946,18.9,26.0,0.0,0.0,12.9,12.9,7,0,0,0.6690233125431235,66.902,760,0.0005476171089995828
1191058,128.8096290860428,37.31547546524887,1116045.1698568217,1924859.0548940476,1116,1924,1116_1924,356,356.0,0.6690233125431235,66.902,high,0.549132793418207,0.7469589436202463,0.7401469890658317,0.6615886961007564,12,3,0.3870967741935484,2025-03-25,74.696,0.7799242424242425,1.0,0.9111304437790625,0.018421052631578946,18.9,26.0,0.0,0.0,12.9,12.9,7,0,0,0.6690233125431235,66.902,761,0.0005483376578272138
1191059,128.81547520075492,37.314456101442254,1116564.78796574,1924753.1549555315,1116,1924,1116_1924,356,356.0,0.6690233125431235,66.902,high,0.549132793418207,0.7469589436202463,0.7401469890658317,0.6615886961007564,12,3,0.3870967741935484,2025-03-25,74.696,0.7799242424242425,1.0,0.9111304437790625,0.018421052631578946,18.9,26.0,0.0,0.0,12.9,12.9,7,0,0,0.6690233125431235,66.902,762,0.0005490582066548449
1191060,128.81584328618985,37.31455792323358,1116597.2484010388,1924764.9058846673,1116,1924,1116_1924,356,356.0,0.6690233125431235,66.902,high,0.549132793418207,0.7469589436202463,0.7401469890658317,0.6615886961007564,12,3,0.3870967741935484,2025-03-25,74.696,0.7799242424242425,1.0,0.9111304437790625,0.018421052631578946,18.9,26.0,0.0,0.0,12.9,12.9,7,0,0,0.6690233125431235,66.902,763,0.0005497787554824758
1191061,128.81604911411867,37.31495996567232,1116614.866540041,1924809.7652697887,1116,1924,1116_1924,356,356.0,0.6690233125431235,66.902,high,0.549132793418207,0.7469589436202463,0.7401469890658317,0.6615886961007564,12,3,0.3870967741935484,2025-03-25,74.696,0.7799242424242425,1.0,0.9111304437790625,0.018421052631578946,18.9,26.0,0.0,0.0,12.9,12.9,7,0,0,0.6690233125431235,66.902,764,0.0005504993043101069
1191062,128.81646103506557,37.31521764187914,1116650.9702370523,1924838.8620935695,1116,1924,1116_1924,356,356.0,0.6690233125431235,66.902,high,0.549132793418207,0.7469589436202463,0.7401469890658317,0.6615886961007564,12,3,0.3870967741935484,2025-03-25,74.696,0.7799242424242425,1.0,0.9111304437790625,0.018421052631578946,18.9,26.0,0.0,0.0,12.9,12.9,7,0,0,0.6690233125431235,66.902,765,0.0005512198531377379
1191063,128.8170282064248,37.31518712833586,1116701.2765646114,1924836.1770114766,1116,1924,1116_1924,356,356.0,0.6690233125431235,66.902,high,0.549132793418207,0.7469589436202463,0.7401469890658317,0.6615886961007564,12,3,0.3870967741935484,2025-03-25,74.696,0.7799242424242425,1.0,0.9111304437790625,0.018421052631578946,18.9,26.0,0.0,0.0,12.9,12.9,7,0,0,0.6690233125431235,66.902,766,0.000551940401965369
1191081,128.8091088533268,37.31479803371072,1116000.1114888324,1924783.2572053059,1116,1924,1116_1924,356,356.0,0.6690233125431235,66.902,high,0.549132793418207,0.7469589436202463,0.7401469890658317,0.6615886961007564,12,3,0.3870967741935484,2025-03-25,74.696,0.7799242424242425,1.0,0.9111304437790625,0.018421052631578946,18.9,26.0,0.0,0.0,12.9,12.9,7,0,0,0.6690233125431235,66.902,767,0.0005526609507930001
1191082,128.81284847783823,37.31422703331191,1116332.3751412127,1924724.503637488,1116,1924,1116_1924,356,356.0,0.6690233125431235,66.902,high,0.549132793418207,0.7469589436202463,0.7401469890658317,0.6615886961007564,12,3,0.3870967741935484,2025-03-25,74.696,0.7799242424242425,1.0,0.9111304437790625,0.018421052631578946,18.9,26.0,0.0,0.0,12.9,12.9,7,0,0,0.6690233125431235,66.902,768,0.000553381499620631
1191083,128.8133918200136,37.31418325212884,1116380.590817005,1924720.3152764842,1116,1924,1116_1924,356,356.0,0.6690233125431235,66.902,high,0.549132793418207,0.7469589436202463,0.7401469890658317,0.6615886961007564,12,3,0.3870967741935484,2025-03-25,74.696,0.7799242424242425,1.0,0.9111304437790625,0.018421052631578946,18.9,26.0,0.0,0.0,12.9,12.9,7,0,0,0.6690233125431235,66.902,769,0.0005541020484482621
1191084,128.80988758387036,37.31448775328454,1116069.5951681337,1924749.78877418,1116,1924,1116_1924,356,356.0,0.6690233125431235,66.902,high,0.549132793418207,0.7469589436202463,0.7401469890658317,0.6615886961007564,12,3,0.3870967741935484,2025-03-25,74.696,0.7799242424242425,1.0,0.9111304437790625,0.018421052631578946,18.9,26.0,0.0,0.0,12.9,12.9,7,0,0,0.6690233125431235,66.902,770,0.0005548225972758931
1191085,128.809751699578,37.31479678174592,1116057.078663379,1924783.9076316443,1116,1924,1116_1924,356,356.0,0.6690233125431235,66.902,high,0.549132793418207,0.7469589436202463,0.7401469890658317,0.6615886961007564,12,3,0.3870967741935484,2025-03-25,74.696,0.7799242424242425,1.0,0.9111304437790625,0.018421052631578946,18.9,26.0,0.0,0.0,12.9,12.9,7,0,0,0.6690233125431235,66.902,771,0.0005555431461035242
1191086,128.80922312692252,37.31479096844822,1116010.248601514,1924782.613620398,1116,1924,1116_1924,356,356.0,0.6690233125431235,66.902,high,0.549132793418207,0.7469589436202463,0.7401469890658317,0.6615886961007564,12,3,0.3870967741935484,2025-03-25,74.696,0.7799242424242425,1.0,0.9111304437790625,0.018421052631578946,18.9,26.0,0.0,0.0,12.9,12.9,7,0,0,0.6690233125431235,66.902,772,0.0005562636949311551
1191090,128.81016059695148,37.31426900029765,1116094.124557323,1924725.8541794734,1116,1924,1116_1924,356,356.0,0.6690233125431235,66.902,high,0.549132793418207,0.7469589436202463,0.7401469890658317,0.6615886961007564,12,3,0.3870967741935484,2025-03-25,74.696,0.7799242424242425,1.0,0.9111304437790625,0.018421052631578946,18.9,26.0,0.0,0.0,12.9,12.9,7,0,0,0.6690233125431235,66.902,773,0.0005569842437587862
1191091,128.8099195174787,37.31446720948912,1116072.4565420926,1924747.5487277,1116,1924,1116_1924,356,356.0,0.6690233125431235,66.902,high,0.549132793418207,0.7469589436202463,0.7401469890658317,0.6615886961007564,12,3,0.3870967741935484,2025-03-25,74.696,0.7799242424242425,1.0,0.9111304437790625,0.018421052631578946,18.9,26.0,0.0,0.0,12.9,12.9,7,0,0,0.6690233125431235,66.902,774,0.0005577047925864172
1191092,128.8140389180642,37.314141298831856,1116437.9980509633,1924716.457831196,1116,1924,1116_1924,356,356.0,0.6690233125431235,66.902,high,0.549132793418207,0.7469589436202463,0.7401469890658317,0.6615886961007564,12,3,0.3870967741935484,2025-03-25,74.696,0.7799242424242425,1.0,0.9111304437790625,0.018421052631578946,18.9,26.0,0.0,0.0,12.9,12.9,7,0,0,0.6690233125431235,66.902,775,0.0005584253414140483
1191093,128.8137347695852,37.31398941204535,1116411.2802180103,1924699.2317330218,1116,1924,1116_1924,356,356.0,0.6690233125431235,66.902,high,0.549132793418207,0.7469589436202463,0.7401469890658317,0.6615886961007564,12,3,0.3870967741935484,2025-03-25,74.696,0.7799242424242425,1.0,0.9111304437790625,0.018421052631578946,18.9,26.0,0.0,0.0,12.9,12.9,7,0,0,0.6690233125431235,66.902,776,0.0005591458902416792
1191094,128.81427412545287,37.3138924390296,1116459.2249214917,1924689.1374374188,1116,1924,1116_1924,356,356.0,0.6690233125431235,66.902,high,0.549132793418207,0.7469589436202463,0.7401469890658317,0.6615886961007564,12,3,0.3870967741935484,2025-03-25,74.696,0.7799242424242425,1.0,0.9111304437790625,0.018421052631578946,18.9,26.0,0.0,0.0,12.9,12.9,7,0,0,0.6690233125431235,66.902,777,0.0005598664390693103
1191095,128.814759591652,37.31407504735016,1116501.962752984,1924709.9956738187,1116,1924,1116_1924,356,356.0,0.6690233125431235,66.902,high,0.549132793418207,0.7469589436202463,0.7401469890658317,0.6615886961007564,12,3,0.3870967741935484,2025-03-25,74.696,0.7799242424242425,1.0,0.9111304437790625,0.018421052631578946,18.9,26.0,0.0,0.0,12.9,12.9,7,0,0,0.6690233125431235,66.902,778,0.0005605869878969413
1191096,128.81487445234103,37.31449863287565,1116511.4872491078,1924757.1328165107,1116,1924,1116_1924,356,356.0,0.6690233125431235,66.902,high,0.549132793418207,0.7469589436202463,0.7401469890658317,0.6615886961007564,12,3,0.3870967741935484,2025-03-25,74.696,0.7799242424242425,1.0,0.9111304437790625,0.018421052631578946,18.9,26.0,0.0,0.0,12.9,12.9,7,0,0,0.6690233125431235,66.902,779,0.0005613075367245724
1191097,128.81461822247783,37.31480725417892,1116488.3052373244,1924791.0575230226,1116,1924,1116_1924,356,356.0,0.6690233125431235,66.902,high,0.549132793418207,0.7469589436202463,0.7401469890658317,0.6615886961007564,12,3,0.3870967741935484,2025-03-25,74.696,0.7799242424242425,1.0,0.9111304437790625,0.018421052631578946,18.9,26.0,0.0,0.0,12.9,12.9,7,0,0,0.6690233125431235,66.902,780,0.0005620280855522033
1191098,128.81457227146407,37.315265042392674,1116483.5267940185,1924841.7910976456,1116,1924,1116_1924,356,356.0,0.6690233125431235,66.902,high,0.549132793418207,0.7469589436202463,0.7401469890658317,0.6615886961007564,12,3,0.3870967741935484,2025-03-25,74.696,0.7799242424242425,1.0,0.9111304437790625,0.018421052631578946,18.9,26.0,0.0,0.0,12.9,12.9,7,0,0,0.6690233125431235,66.902,781,0.0005627486343798344
1191099,128.81464905431255,37.3157151652909,1116489.636048767,1924891.8255295197,1116,1924,1116_1924,356,356.0,0.6690233125431235,66.902,high,0.549132793418207,0.7469589436202463,0.7401469890658317,0.6615886961007564,12,3,0.3870967741935484,2025-03-25,74.696,0.7799242424242425,1.0,0.9111304437790625,0.018421052631578946,18.9,26.0,0.0,0.0,12.9,12.9,7,0,0,0.6690233125431235,66.902,782,0.0005634691832074655
1191100,128.8147910506384,37.31616274269126,1116501.5278774635,1924941.657956347,1116,1924,1116_1924,356,356.0,0.6690233125431235,66.902,high,0.549132793418207,0.7469589436202463,0.7401469890658317,0.6615886961007564,12,3,0.3870967741935484,2025-03-25,74.696,0.7799242424242425,1.0,0.9111304437790625,0.018421052631578946,18.9,26.0,0.0,0.0,12.9,12.9,7,0,0,0.6690233125431235,66.902,783,0.0005641897320350965
1191101,128.81480220030906,37.31661511201899,1116501.8175643687,1924991.860724951,1116,1924,1116_1924,356,356.0,0.6690233125431235,66.902,high,0.549132793418207,0.7469589436202463,0.7401469890658317,0.6615886961007564,12,3,0.3870967741935484,2025-03-25,74.696,0.7799242424242425,1.0,0.9111304437790625,0.018421052631578946,18.9,26.0,0.0,0.0,12.9,12.9,7,0,0,0.6690233125431235,66.902,784,0.0005649102808627276
1191105,128.81230266371537,37.3133473214629,1116285.363255565,1924626.2305169853,1116,1924,1116_1924,356,356.0,0.6690233125431235,66.902,high,0.549132793418207,0.7469589436202463,0.7401469890658317,0.6615886961007564,12,3,0.3870967741935484,2025-03-25,74.696,0.7799242424242425,1.0,0.9111304437790625,0.018421052631578946,18.9,26.0,0.0,0.0,12.9,12.9,7,0,0,0.6690233125431235,66.902,785,0.0005656308296903585
1191106,128.81230118571625,37.313179624001634,1116285.4906415266,1924607.6231815107,1116,1924,1116_1924,356,356.0,0.6690233125431235,66.902,high,0.549132793418207,0.7469589436202463,0.7401469890658317,0.6615886961007564,12,3,0.3870967741935484,2025-03-25,74.696,0.7799242424242425,1.0,0.9111304437790625,0.018421052631578946,18.9,26.0,0.0,0.0,12.9,12.9,7,0,0,0.6690233125431235,66.902,786,0.0005663513785179896
1191107,128.81175690328791,37.313132101354384,1116237.3316740112,1924601.6810690605,1116,1924,1116_1924,356,356.0,0.6690233125431235,66.902,high,0.549132793418207,0.7469589436202463,0.7401469890658317,0.6615886961007564,12,3,0.3870967741935484,2025-03-25,74.696,0.7799242424242425,1.0,0.9111304437790625,0.018421052631578946,18.9,26.0,0.0,0.0,12.9,12.9,7,0,0,0.6690233125431235,66.902,787,0.0005670719273456206
1191108,128.8114553817514,37.312886187792174,1116210.990630533,1924574.0268833681,1116,1924,1116_1924,356,356.0,0.6690233125431235,66.902,high,0.549132793418207,0.7469589436202463,0.7401469890658317,0.6615886961007564,12,3,0.3870967741935484,2025-03-25,74.696,0.7799242424242425,1.0,0.9111304437790625,0.018421052631578946,18.9,26.0,0.0,0.0,12.9,12.9,7,0,0,0.6690233125431235,66.902,788,0.0005677924761732517
1191109,128.8151149206549,37.31304366348658,1116535.0426398427,1924596.0048999758,1116,1924,1116_1924,356,356.0,0.6690233125431235,66.902,high,0.549132793418207,0.7469589436202463,0.7401469890658317,0.6615886961007564,12,3,0.3870967741935484,2025-03-25,74.696,0.7799242424242425,1.0,0.9111304437790625,0.018421052631578946,18.9,26.0,0.0,0.0,12.9,12.9,7,0,0,0.6690233125431235,66.902,789,0.0005685130250008826
1191110,128.81477186980956,37.3126863207136,1116505.1943348332,1924555.9358250722,1116,1924,1116_1924,356,356.0,0.6690233125431235,66.902,high,0.549132793418207,0.7469589436202463,0.7401469890658317,0.6615886961007564,12,3,0.3870967741935484,2025-03-25,74.696,0.7799242424242425,1.0,0.9111304437790625,0.018421052631578946,18.9,26.0,0.0,0.0,12.9,12.9,7,0,0,0.6690233125431235,66.902,790,0.0005692335738285137
1191111,128.8148326887586,37.31224577095768,1116511.2639284777,1924507.1331621828,1116,1924,1116_1924,356,356.0,0.6690233125431235,66.902,high,0.549132793418207,0.7469589436202463,0.7401469890658317,0.6615886961007564,12,3,0.3870967741935484,2025-03-25,74.696,0.7799242424242425,1.0,0.9111304437790625,0.018421052631578946,18.9,26.0,0.0,0.0,12.9,12.9,7,0,0,0.6690233125431235,66.902,791,0.0005699541226561447
1191112,128.8102758218623,37.31287577899161,1116106.478325304,1924571.4221581959,1116,1924,1116_1924,356,356.0,0.6690233125431235,66.902,high,0.549132793418207,0.7469589436202463,0.7401469890658317,0.6615886961007564,12,3,0.3870967741935484,2025-03-25,74.696,0.7799242424242425,1.0,0.9111304437790625,0.018421052631578946,18.9,26.0,0.0,0.0,12.9,12.9,7,0,0,0.6690233125431235,66.902,792,0.0005706746714837758
1191116,128.81148453619724,37.3125752194978,1116214.052975466,1924539.561767842,1116,1924,1116_1924,356,356.0,0.6690233125431235,66.902,high,0.549132793418207,0.7469589436202463,0.7401469890658317,0.6615886961007564,12,3,0.3870967741935484,2025-03-25,74.696,0.7799242424242425,1.0,0.9111304437790625,0.018421052631578946,18.9,26.0,0.0,0.0,12.9,12.9,7,0,0,0.6690233125431235,66.902,793,0.0005713952203114067
1191117,128.81151132754405,37.31212747420174,1116217.1165182376,1924489.918765397,1116,1924,1116_1924,356,356.0,0.6690233125431235,66.902,high,0.549132793418207,0.7469589436202463,0.7401469890658317,0.6615886961007564,12,3,0.3870967741935484,2025-03-25,74.696,0.7799242424242425,1.0,0.9111304437790625,0.018421052631578946,18.9,26.0,0.0,0.0,12.9,12.9,7,0,0,0.6690233125431235,66.902,794,0.0005721157691390378
1191118,128.81155261759733,37.311670681614096,1116221.478855547,1924439.2898287952,1116,1924,1116_1924,356,356.0,0.6690233125431235,66.902,high,0.549132793418207,0.7469589436202463,0.7401469890658317,0.6615886961007564,12,3,0.3870967741935484,2025-03-25,74.696,0.7799242424242425,1.0,0.9111304437790625,0.018421052631578946,18.9,26.0,0.0,0.0,12.9,12.9,7,0,0,0.6690233125431235,66.902,795,0.0005728363179666688
1191119,128.8116763328898,37.3112262652074,1116233.12656066,1924390.1353696752,1116,1924,1116_1924,356,356.0,0.6690233125431235,66.902,high,0.549132793418207,0.7469589436202463,0.7401469890658317,0.6615886961007564,12,3,0.3870967741935484,2025-03-25,74.696,0.7799242424242425,1.0,0.9111304437790625,0.018421052631578946,18.9,26.0,0.0,0.0,12.9,12.9,7,0,0,0.6690233125431235,66.902,796,0.0005735568667942999
1191120,128.81186302359728,37.31078778930784,1116250.3460484557,1924341.717471933,1116,1924,1116_1924,356,356.0,0.6690233125431235,66.902,high,0.549132793418207,0.7469589436202463,0.7401469890658317,0.6615886961007564,12,3,0.3870967741935484,2025-03-25,74.696,0.7799242424242425,1.0,0.9111304437790625,0.018421052631578946,18.9,26.0,0.0,0.0,12.9,12.9,7,0,0,0.6690233125431235,66.902,797,0.000574277415621931
1191121,128.81205387651852,37.310351766989776,1116267.930795665,1924293.5769461982,1116,1924,1116_1924,356,356.0,0.6690233125431235,66.902,high,0.549132793418207,0.7469589436202463,0.7401469890658317,0.6615886961007564,12,3,0.3870967741935484,2025-03-25,74.696,0.7799242424242425,1.0,0.9111304437790625,0.018421052631578946,18.9,26.0,0.0,0.0,12.9,12.9,7,0,0,0.6690233125431235,66.902,798,0.0005749979644495619
1191122,128.81229146761035,37.30995530377968,1116289.596721774,1924249.8829247165,1116,1924,1116_1924,356,356.0,0.6690233125431235,66.902,high,0.549132793418207,0.7469589436202463,0.7401469890658317,0.6615886961007564,12,3,0.3870967741935484,2025-03-25,74.696,0.7799242424242425,1.0,0.9111304437790625,0.018421052631578946,18.9,26.0,0.0,0.0,12.9,12.9,7,0,0,0.6690233125431235,66.902,799,0.000575718513277193
1191123,128.81260465786983,37.309589955279534,1116317.9145412932,1924209.7340793237,1116,1924,1116_1924,356,356.0,0.6690233125431235,66.902,high,0.549132793418207,0.7469589436202463,0.7401469890658317,0.6615886961007564,12,3,0.3870967741935484,2025-03-25,74.696,0.7799242424242425,1.0,0.9111304437790625,0.018421052631578946,18.9,26.0,0.0,0.0,12.9,12.9,7,0,0,0.6690233125431235,66.902,800,0.000576439062104824
1191124,128.81297461628063,37.30923744849408,1116351.2436658987,1924171.0799605593,1116,1924,1116_1924,356,356.0,0.6690233125431235,66.902,high,0.549132793418207,0.7469589436202463,0.7401469890658317,0.6615886961007564,12,3,0.3870967741935484,2025-03-25,74.696,0.7799242424242425,1.0,0.9111304437790625,0.018421052631578946,18.9,26.0,0.0,0.0,12.9,12.9,7,0,0,0.6690233125431235,66.902,801,0.0005771596109324551
1191125,128.81342720896265,37.30894588823976,1116391.8022658778,1924139.2895598144,1116,1924,1116_1924,356,356.0,0.6690233125431235,66.902,high,0.549132793418207,0.7469589436202463,0.7401469890658317,0.6615886961007564,12,3,0.3870967741935484,2025-03-25,74.696,0.7799242424242425,1.0,0.9111304437790625,0.018421052631578946,18.9,26.0,0.0,0.0,12.9,12.9,7,0,0,0.6690233125431235,66.902,802,0.000577880159760086
1191126,128.81393696412943,37.308758437297726,1116437.2664151355,1924119.1203744295,1116,1924,1116_1924,356,356.0,0.6690233125431235,66.902,high,0.549132793418207,0.7469589436202463,0.7401469890658317,0.6615886961007564,12,3,0.3870967741935484,2025-03-25,74.696,0.7799242424242425,1.0,0.9111304437790625,0.018421052631578946,18.9,26.0,0.0,0.0,12.9,12.9,7,0,0,0.6690233125431235,66.902,803,0.0005786007085877171
1191127,128.81428150962824,37.30892617781502,1116467.5416775641,1924138.1552016658,1116,1924,1116_1924,356,356.0,0.6690233125431235,66.902,high,0.549132793418207,0.7469589436202463,0.7401469890658317,0.6615886961007564,12,3,0.3870967741935484,2025-03-25,74.696,0.7799242424242425,1.0,0.9111304437790625,0.018421052631578946,18.9,26.0,0.0,0.0,12.9,12.9,7,0,0,0.6690233125431235,66.902,804,0.0005793212574153481
1191128,128.81064006406243,37.31318546997351,1116138.2796371165,1924606.228994126,1116,1924,1116_1924,356,356.0,0.6690233125431235,66.902,high,0.549132793418207,0.7469589436202463,0.7401469890658317,0.6615886961007564,12,3,0.3870967741935484,2025-03-25,74.696,0.7799242424242425,1.0,0.9111304437790625,0.018421052631578946,18.9,26.0,0.0,0.0,12.9,12.9,7,0,0,0.6690233125431235,66.902,805,0.0005800418062429792
1191129,128.8105927142751,37.31340464221638,1116133.7464633316,1924630.4872840962,1116,1924,1116_1924,356,356.0,0.6690233125431235,66.902,high,0.549132793418207,0.7469589436202463,0.7401469890658317,0.6615886961007564,12,3,0.3870967741935484,2025-03-25,74.696,0.7799242424242425,1.0,0.9111304437790625,0.018421052631578946,18.9,26.0,0.0,0.0,12.9,12.9,7,0,0,0.6690233125431235,66.902,806,0.0005807623550706101
1191130,128.81043076812165,37.31382058062477,1116118.7555826744,1924676.4353530286,1116,1924,1116_1924,356,356.0,0.6690233125431235,66.902,high,0.549132793418207,0.7469589436202463,0.7401469890658317,0.6615886961007564,12,3,0.3870967741935484,2025-03-25,74.696,0.7799242424242425,1.0,0.9111304437790625,0.018421052631578946,18.9,26.0,0.0,0.0,12.9,12.9,7,0,0,0.6690233125431235,66.902,807,0.0005814829038982412
1191131,128.8102616601741,37.314249836287566,1116103.1097280097,1924723.8521570412,1116,1924,1116_1924,356,356.0,0.6690233125431235,66.902,high,0.549132793418207,0.7469589436202463,0.7401469890658317,0.6615886961007564,12,3,0.3870967741935484,2025-03-25,74.696,0.7799242424242425,1.0,0.9111304437790625,0.018421052631578946,18.9,26.0,0.0,0.0,12.9,12.9,7,0,0,0.6690233125431235,66.902,808,0.0005822034527258722
1191132,128.8100991699668,37.31257300977152,1116091.2897415308,1924537.6138306926,1116,1924,1116_1924,356,356.0,0.6690233125431235,66.902,high,0.549132793418207,0.7469589436202463,0.7401469890658317,0.6615886961007564,12,3,0.3870967741935484,2025-03-25,74.696,0.7799242424242425,1.0,0.9111304437790625,0.018421052631578946,18.9,26.0,0.0,0.0,12.9,12.9,7,0,0,0.6690233125431235,66.902,809,0.0005829240015535033
1191141,128.810102794005,37.31250321749498,1116091.7182341623,1924529.8750473391,1116,1924,1116_1924,356,356.0,0.6690233125431235,66.902,high,0.549132793418207,0.7469589436202463,0.7401469890658317,0.6615886961007564,12,3,0.3870967741935484,2025-03-25,74.696,0.7799242424242425,1.0,0.9111304437790625,0.018421052631578946,18.9,26.0,0.0,0.0,12.9,12.9,7,0,0,0.6690233125431235,66.902,810,0.0005836445503811344
1191142,128.81170072345623,37.31231166031782,1116233.6166403978,1924510.5865759354,1116,1924,1116_1924,356,356.0,0.6690233125431235,66.902,high,0.549132793418207,0.7469589436202463,0.7401469890658317,0.6615886961007564,12,3,0.3870967741935484,2025-03-25,74.696,0.7799242424242425,1.0,0.9111304437790625,0.018421052631578946,18.9,26.0,0.0,0.0,12.9,12.9,7,0,0,0.6690233125431235,66.902,811,0.0005843650992087653
1191143,128.8122178806556,37.312179316670026,1116279.6494640019,1924496.5396690792,1116,1924,1116_1924,356,356.0,0.6690233125431235,66.902,high,0.549132793418207,0.7469589436202463,0.7401469890658317,0.6615886961007564,12,3,0.3870967741935484,2025-03-25,74.696,0.7799242424242425,1.0,0.9111304437790625,0.018421052631578946,18.9,26.0,0.0,0.0,12.9,12.9,7,0,0,0.6690233125431235,66.902,812,0.0005850856480363964
1191144,128.81277422955878,37.31223996939661,1116328.8580802123,1924503.9536053122,1116,1924,1116_1924,356,356.0,0.6690233125431235,66.902,high,0.549132793418207,0.7469589436202463,0.7401469890658317,0.6615886961007564,12,3,0.3870967741935484,2025-03-25,74.696,0.7799242424242425,1.0,0.9111304437790625,0.018421052631578946,18.9,26.0,0.0,0.0,12.9,12.9,7,0,0,0.6690233125431235,66.902,813,0.0005858061968640274
1191145,128.81322413370043,37.31244843009466,1116368.4059225884,1924527.6355904334,1116,1924,1116_1924,356,356.0,0.6690233125431235,66.902,high,0.549132793418207,0.7469589436202463,0.7401469890658317,0.6615886961007564,12,3,0.3870967741935484,2025-03-25,74.696,0.7799242424242425,1.0,0.9111304437790625,0.018421052631578946,18.9,26.0,0.0,0.0,12.9,12.9,7,0,0,0.6690233125431235,66.902,814,0.0005865267456916585
1191146,128.8137216747428,37.31243384677684,1116412.5189636168,1924526.6304022316,1116,1924,1116_1924,356,356.0,0.6690233125431235,66.902,high,0.549132793418207,0.7469589436202463,0.7401469890658317,0.6615886961007564,12,3,0.3870967741935484,2025-03-25,74.696,0.7799242424242425,1.0,0.9111304437790625,0.018421052631578946,18.9,26.0,0.0,0.0,12.9,12.9,7,0,0,0.6690233125431235,66.902,815,0.0005872472945192894
1191147,128.8142306655516,37.31226467290748,1116457.8851798784,1924508.488209555,1116,1924,1116_1924,356,356.0,0.6690233125431235,66.902,high,0.549132793418207,0.7469589436202463,0.7401469890658317,0.6615886961007564,12,3,0.3870967741935484,2025-03-25,74.696,0.7799242424242425,1.0,0.9111304437790625,0.018421052631578946,18.9,26.0,0.0,0.0,12.9,12.9,7,0,0,0.6690233125431235,66.902,816,0.0005879678433469205
1191148,128.81479375994348,37.312297262385016,1116507.734689142,1924512.7979833244,1116,1924,1116_1924,356,356.0,0.6690233125431235,66.902,high,0.549132793418207,0.7469589436202463,0.7401469890658317,0.6615886961007564,12,3,0.3870967741935484,2025-03-25,74.696,0.7799242424242425,1.0,0.9111304437790625,0.018421052631578946,18.9,26.0,0.0,0.0,12.9,12.9,7,0,0,0.6690233125431235,66.902,817,0.0005886883921745515
1191149,128.81455605651342,37.31256702618493,1116486.2537875671,1924542.434419069,1116,1924,1116_1924,356,356.0,0.6690233125431235,66.902,high,0.549132793418207,0.7469589436202463,0.7401469890658317,0.6615886961007564,12,3,0.3870967741935484,2025-03-25,74.696,0.7799242424242425,1.0,0.9111304437790625,0.018421052631578946,18.9,26.0,0.0,0.0,12.9,12.9,7,0,0,0.6690233125431235,66.902,818,0.0005894089410021826
1191150,128.80934884401643,37.31216301120055,1116025.4285332311,1924491.2042876831,1116,1924,1116_1924,356,356.0,0.6690233125431235,66.902,high,0.549132793418207,0.7469589436202463,0.7401469890658317,0.6615886961007564,12,3,0.3870967741935484,2025-03-25,74.696,0.7799242424242425,1.0,0.9111304437790625,0.018421052631578946,18.9,26.0,0.0,0.0,12.9,12.9,7,0,0,0.6690233125431235,66.902,819,0.0005901294898298135
1191151,128.80974940205937,37.31213271376945,1116060.9714537053,1924488.3347456402,1116,1924,1116_1924,356,356.0,0.6690233125431235,66.902,high,0.549132793418207,0.7469589436202463,0.7401469890658317,0.6615886961007564,12,3,0.3870967741935484,2025-03-25,74.696,0.7799242424242425,1.0,0.9111304437790625,0.018421052631578946,18.9,26.0,0.0,0.0,12.9,12.9,7,0,0,0.6690233125431235,66.902,820,0.0005908500386574446
1191152,128.8101361542156,37.31179364771373,1116095.765863256,1924451.1914807276,1116,1924,1116_1924,356,356.0,0.6690233125431235,66.902,high,0.549132793418207,0.7469589436202463,0.7401469890658317,0.6615886961007564,12,3,0.3870967741935484,2025-03-25,74.696,0.7799242424242425,1.0,0.9111304437790625,0.018421052631578946,18.9,26.0,0.0,0.0,12.9,12.9,7,0,0,0.6690233125431235,66.902,821,0.0005915705874850756
1191153,128.8105727810695,37.31155270690969,1116134.8294070172,1924424.9963340664,1116,1924,1116_1924,356,356.0,0.6690233125431235,66.902,high,0.549132793418207,0.7469589436202463,0.7401469890658317,0.6615886961007564,12,3,0.3870967741935484,2025-03-25,74.696,0.7799242424242425,1.0,0.9111304437790625,0.018421052631578946,18.9,26.0,0.0,0.0,12.9,12.9,7,0,0,0.6690233125431235,66.902,822,0.0005922911363127067
1191154,128.809328327181,37.31213996924136,1116023.6458064215,1924488.622665075,1116,1924,1116_1924,356,356.0,0.6690233125431235,66.902,high,0.549132793418207,0.7469589436202463,0.7401469890658317,0.6615886961007564,12,3,0.3870967741935484,2025-03-25,74.696,0.7799242424242425,1.0,0.9111304437790625,0.018421052631578946,18.9,26.0,0.0,0.0,12.9,12.9,7,0,0,0.6690233125431235,66.902,823,0.0005930116851403376
1191155,128.8142417702943,37.312057109304334,1116459.1894944634,1924485.4733513282,1116,1924,1116_1924,356,356.0,0.6690233125431235,66.902,high,0.549132793418207,0.7469589436202463,0.7401469890658317,0.6615886961007564,12,3,0.3870967741935484,2025-03-25,74.696,0.7799242424242425,1.0,0.9111304437790625,0.018421052631578946,18.9,26.0,0.0,0.0,12.9,12.9,7,0,0,0.6690233125431235,66.902,824,0.0005937322339679687
1191156,128.8139394367604,37.3123018707756,1116432.0199413414,1924512.2563460458,1116,1924,1116_1924,356,356.0,0.6690233125431235,66.902,high,0.549132793418207,0.7469589436202463,0.7401469890658317,0.6615886961007564,12,3,0.3870967741935484,2025-03-25,74.696,0.7799242424242425,1.0,0.9111304437790625,0.018421052631578946,18.9,26.0,0.0,0.0,12.9,12.9,7,0,0,0.6690233125431235,66.902,825,0.0005944527827955998
1191157,128.81345388713177,37.312491690464086,1116388.6992556958,1924532.7181372875,1116,1924,1116_1924,356,356.0,0.6690233125431235,66.902,high,0.549132793418207,0.7469589436202463,0.7401469890658317,0.6615886961007564,12,3,0.3870967741935484,2025-03-25,74.696,0.7799242424242425,1.0,0.9111304437790625,0.018421052631578946,18.9,26.0,0.0,0.0,12.9,12.9,7,0,0,0.6690233125431235,66.902,826,0.0005951733316232308
1191158,128.81304209489647,37.312246707253706,1116352.585156611,1924505.0309178971,1116,1924,1116_1924,356,356.0,0.6690233125431235,66.902,high,0.549132793418207,0.7469589436202463,0.7401469890658317,0.6615886961007564,12,3,0.3870967741935484,2025-03-25,74.696,0.7799242424242425,1.0,0.9111304437790625,0.018421052631578946,18.9,26.0,0.0,0.0,12.9,12.9,7,0,0,0.6690233125431235,66.902,827,0.0005958938804508619
1191159,128.81348816220907,37.31200998011518,1116392.4793980813,1924479.3160740223,1116,1924,1116_1924,356,356.0,0.6690233125431235,66.902,high,0.549132793418207,0.7469589436202463,0.7401469890658317,0.6615886961007564,12,3,0.3870967741935484,2025-03-25,74.696,0.7799242424242425,1.0,0.9111304437790625,0.018421052631578946,18.9,26.0,0.0,0.0,12.9,12.9,7,0,0,0.6690233125431235,66.902,828,0.0005966144292784928
1191160,128.82000144987055,37.30872679522611,1116974.75791446,1924123.098606051,1116,1924,1116_1924,356,356.0,0.6690233125431235,66.902,high,0.549132793418207,0.7469589436202463,0.7401469890658317,0.6615886961007564,12,3,0.3870967741935484,2025-03-25,74.696,0.7799242424242425,1.0,0.9111304437790625,0.018421052631578946,18.9,26.0,0.0,0.0,12.9,12.9,7,0,0,0.6690233125431235,66.902,829,0.0005973349781061239
1191163,128.81499557420995,37.31202672374446,1116526.036530421,1924483.0313803388,1116,1924,1116_1924,356,356.0,0.6690233125431235,66.902,high,0.549132793418207,0.7469589436202463,0.7401469890658317,0.6615886961007564,12,3,0.3870967741935484,2025-03-25,74.696,0.7799242424242425,1.0,0.9111304437790625,0.018421052631578946,18.9,26.0,0.0,0.0,12.9,12.9,7,0,0,0.6690233125431235,66.902,830,0.0005980555269337549
1191164,128.81504531918915,37.31161572475353,1116531.0793039997,1924437.493644868,1116,1924,1116_1924,356,356.0,0.6690233125431235,66.902,high,0.549132793418207,0.7469589436202463,0.7401469890658317,0.6615886961007564,12,3,0.3870967741935484,2025-03-25,74.696,0.7799242424242425,1.0,0.9111304437790625,0.018421052631578946,18.9,26.0,0.0,0.0,12.9,12.9,7,0,0,0.6690233125431235,66.902,831,0.000598776075761386
1191165,128.8150017495464,37.31117788236595,1116527.8941674544,1924388.862656656,1116,1924,1116_1924,356,356.0,0.6690233125431235,66.902,high,0.549132793418207,0.7469589436202463,0.7401469890658317,0.6615886961007564,12,3,0.3870967741935484,2025-03-25,74.696,0.7799242424242425,1.0,0.9111304437790625,0.018421052631578946,18.9,26.0,0.0,0.0,12.9,12.9,7,0,0,0.6690233125431235,66.902,832,0.0005994966245890169
1191166,128.81548238145663,37.31105632687171,1116570.6747245449,1924375.969199773,1116,1924,1116_1924,356,356.0,0.6690233125431235,66.902,high,0.549132793418207,0.7469589436202463,0.7401469890658317,0.6615886961007564,12,3,0.3870967741935484,2025-03-25,74.696,0.7799242424242425,1.0,0.9111304437790625,0.018421052631578946,18.9,26.0,0.0,0.0,12.9,12.9,7,0,0,0.6690233125431235,66.902,833,0.000600217173416648
1191167,128.81605230158985,37.31096198820505,1116621.3259790307,1924366.2057624403,1116,1924,1116_1924,356,356.0,0.6690233125431235,66.902,high,0.549132793418207,0.7469589436202463,0.7401469890658317,0.6615886961007564,12,3,0.3870967741935484,2025-03-25,74.696,0.7799242424242425,1.0,0.9111304437790625,0.018421052631578946,18.9,26.0,0.0,0.0,12.9,12.9,7,0,0,0.6690233125431235,66.902,834,0.000600937722244279
1191168,128.81644602300528,37.310662539603165,1116656.6798237215,1924333.4687980749,1116,1924,1116_1924,356,356.0,0.6690233125431235,66.902,high,0.549132793418207,0.7469589436202463,0.7401469890658317,0.6615886961007564,12,3,0.3870967741935484,2025-03-25,74.696,0.7799242424242425,1.0,0.9111304437790625,0.018421052631578946,18.9,26.0,0.0,0.0,12.9,12.9,7,0,0,0.6690233125431235,66.902,835,0.0006016582710719101
1191169,128.81680105002545,37.31031804516324,1116688.6745023646,1924295.6865031936,1116,1924,1116_1924,356,356.0,0.6690233125431235,66.902,high,0.549132793418207,0.7469589436202463,0.7401469890658317,0.6615886961007564,12,3,0.3870967741935484,2025-03-25,74.696,0.7799242424242425,1.0,0.9111304437790625,0.018421052631578946,18.9,26.0,0.0,0.0,12.9,12.9,7,0,0,0.6690233125431235,66.902,836,0.000602378819899541
1191170,128.8173324062169,37.31030256694866,1116735.7869297473,1924294.6254546072,1116,1924,1116_1924,356,356.0,0.6690233125431235,66.902,high,0.549132793418207,0.7469589436202463,0.7401469890658317,0.6615886961007564,12,3,0.3870967741935484,2025-03-25,74.696,0.7799242424242425,1.0,0.9111304437790625,0.018421052631578946,18.9,26.0,0.0,0.0,12.9,12.9,7,0,0,0.6690233125431235,66.902,837,0.0006030993687271721
1191171,128.81776393108936,37.31060248064366,1116773.5644837213,1924328.4330770236,1116,1924,1116_1924,356,356.0,0.6690233125431235,66.902,high,0.549132793418207,0.7469589436202463,0.7401469890658317,0.6615886961007564,12,3,0.3870967741935484,2025-03-25,74.696,0.7799242424242425,1.0,0.9111304437790625,0.018421052631578946,18.9,26.0,0.0,0.0,12.9,12.9,7,0,0,0.6690233125431235,66.902,838,0.0006038199175548031
1191172,128.81798727944735,37.31102018355304,1116792.7111388603,1924375.0519380418,1116,1924,1116_1924,356,356.0,0.6690233125431235,66.902,high,0.549132793418207,0.7469589436202463,0.7401469890658317,0.6615886961007564,12,3,0.3870967741935484,2025-03-25,74.696,0.7799242424242425,1.0,0.9111304437790625,0.018421052631578946,18.9,26.0,0.0,0.0,12.9,12.9,7,0,0,0.6690233125431235,66.902,839,0.0006045404663824342
1191173,128.8181546955103,37.31145806446271,1116806.8697287694,1924423.840404612,1116,1924,1116_1924,356,356.0,0.6690233125431235,66.902,high,0.549132793418207,0.7469589436202463,0.7401469890658317,0.6615886961007564,12,3,0.3870967741935484,2025-03-25,74.696,0.7799242424242425,1.0,0.9111304437790625,0.018421052631578946,18.9,26.0,0.0,0.0,12.9,12.9,7,0,0,0.6690233125431235,66.902,840,0.0006052610152100653
1191174,128.8182288929072,37.31188610019984,1116812.7825609008,1924471.4213804083,1116,1924,1116_1924,356,356.0,0.6690233125431235,66.902,high,0.549132793418207,0.7469589436202463,0.7401469890658317,0.6615886961007564,12,3,0.3870967741935484,2025-03-25,74.696,0.7799242424242425,1.0,0.9111304437790625,0.018421052631578946,18.9,26.0,0.0,0.0,12.9,12.9,7,0,0,0.6690233125431235,66.902,841,0.0006059815640376962
1191175,128.8181596374998,37.3123167572632,1116805.9788821768,1924519.1158727824,1116,1924,1116_1924,356,356.0,0.6690233125431235,66.902,high,0.549132793418207,0.7469589436202463,0.7401469890658317,0.6615886961007564,12,3,0.3870967741935484,2025-03-25,74.696,0.7799242424242425,1.0,0.9111304437790625,0.018421052631578946,18.9,26.0,0.0,0.0,12.9,12.9,7,0,0,0.6690233125431235,66.902,842,0.0006067021128653273
1191176,128.8180515319777,37.31277582488487,1116795.6885401837,1924569.9144212068,1116,1924,1116_1924,356,356.0,0.6690233125431235,66.902,high,0.549132793418207,0.7469589436202463,0.7401469890658317,0.6615886961007564,12,3,0.3870967741935484,2025-03-25,74.696,0.7799242424242425,1.0,0.9111304437790625,0.018421052631578946,18.9,26.0,0.0,0.0,12.9,12.9,7,0,0,0.6690233125431235,66.902,843,0.0006074226616929583
1191177,128.81803475744672,37.31323651163245,1116793.489191725,1924621.005494024,1116,1924,1116_1924,356,356.0,0.6690233125431235,66.902,high,0.549132793418207,0.7469589436202463,0.7401469890658317,0.6615886961007564,12,3,0.3870967741935484,2025-03-25,74.696,0.7799242424242425,1.0,0.9111304437790625,0.018421052631578946,18.9,26.0,0.0,0.0,12.9,12.9,7,0,0,0.6690233125431235,66.902,844,0.0006081432105205894
1191178,128.81846946322557,37.31342303863177,1116831.7223704709,1924642.2374533378,1116,1924,1116_1924,356,356.0,0.6690233125431235,66.902,high,0.549132793418207,0.7469589436202463,0.7401469890658317,0.6615886961007564,12,3,0.3870967741935484,2025-03-25,74.696,0.7799242424242425,1.0,0.9111304437790625,0.018421052631578946,18.9,26.0,0.0,0.0,12.9,12.9,7,0,0,0.6690233125431235,66.902,845,0.0006088637593482203
1191179,128.81896504469526,37.31330509425777,1116875.8213586793,1924629.7646953857,1116,1924,1116_1924,356,356.0,0.6690233125431235,66.902,high,0.549132793418207,0.7469589436202463,0.7401469890658317,0.6615886961007564,12,3,0.3870967741935484,2025-03-25,74.696,0.7799242424242425,1.0,0.9111304437790625,0.018421052631578946,18.9,26.0,0.0,0.0,12.9,12.9,7,0,0,0.6690233125431235,66.902,846,0.0006095843081758514
1191180,128.81895406586926,37.31286176439631,1116875.5349292275,1924580.565000796,1116,1924,1116_1924,356,356.0,0.6690233125431235,66.902,high,0.549132793418207,0.7469589436202463,0.7401469890658317,0.6615886961007564,12,3,0.3870967741935484,2025-03-25,74.696,0.7799242424242425,1.0,0.9111304437790625,0.018421052631578946,18.9,26.0,0.0,0.0,12.9,12.9,7,0,0,0.6690233125431235,66.902,847,0.0006103048570034824
1191181,128.81891120169047,37.312403566916025,1116872.44591763,1924529.6763584118,1116,1924,1116_1924,356,356.0,0.6690233125431235,66.902,high,0.549132793418207,0.7469589436202463,0.7401469890658317,0.6615886961007564,12,3,0.3870967741935484,2025-03-25,74.696,0.7799242424242425,1.0,0.9111304437790625,0.018421052631578946,18.9,26.0,0.0,0.0,12.9,12.9,7,0,0,0.6690233125431235,66.902,848,0.0006110254058311135
1191182,128.81904161889798,37.31197505011385,1116884.6666641778,1924482.2950119998,1116,1924,1116_1924,356,356.0,0.6690233125431235,66.902,high,0.549132793418207,0.7469589436202463,0.7401469890658317,0.6615886961007564,12,3,0.3870967741935484,2025-03-25,74.696,0.7799242424242425,1.0,0.9111304437790625,0.018421052631578946,18.9,26.0,0.0,0.0,12.9,12.9,7,0,0,0.6690233125431235,66.902,849,0.0006117459546587444
1191183,128.8190701217567,37.31153684077984,1116887.8710966327,1924433.7122668377,1116,1924,1116_1924,356,356.0,0.6690233125431235,66.902,high,0.549132793418207,0.7469589436202463,0.7401469890658317,0.6615886961007564,12,3,0.3870967741935484,2025-03-25,74.696,0.7799242424242425,1.0,0.9111304437790625,0.018421052631578946,18.9,26.0,0.0,0.0,12.9,12.9,7,0,0,0.6690233125431235,66.902,850,0.0006124665034863755
1191184,128.81940589185126,37.311281350764766,1116918.0221139577,1924405.7817801284,1116,1924,1116_1924,356,356.0,0.6690233125431235,66.902,high,0.549132793418207,0.7469589436202463,0.7401469890658317,0.6615886961007564,12,3,0.3870967741935484,2025-03-25,74.696,0.7799242424242425,1.0,0.9111304437790625,0.018421052631578946,18.9,26.0,0.0,0.0,12.9,12.9,7,0,0,0.6690233125431235,66.902,851,0.0006131870523140065
1191185,128.81995269566295,37.3113989258679,1116966.2967711745,1924419.503017971,1116,1924,1116_1924,356,356.0,0.6690233125431235,66.902,high,0.549132793418207,0.7469589436202463,0.7401469890658317,0.6615886961007564,12,3,0.3870967741935484,2025-03-25,74.696,0.7799242424242425,1.0,0.9111304437790625,0.018421052631578946,18.9,26.0,0.0,0.0,12.9,12.9,7,0,0,0.6690233125431235,66.902,852,0.0006139076011416376
1191228,128.8134433131407,37.3120301419924,1116388.4739009556,1924481.497735136,1116,1924,1116_1924,356,356.0,0.6690233125431235,66.902,high,0.549132793418207,0.7469589436202463,0.7401469890658317,0.6615886961007564,12,3,0.3870967741935484,2025-03-25,74.696,0.7799242424242425,1.0,0.9111304437790625,0.018421052631578946,18.9,26.0,0.0,0.0,12.9,12.9,7,0,0,0.6690233125431235,66.902,853,0.0006146281499692685
1191229,128.8129442494453,37.312220781909,1116343.9543324225,1924502.0341160102,1116,1924,1116_1924,356,356.0,0.6690233125431235,66.902,high,0.549132793418207,0.7469589436202463,0.7401469890658317,0.6615886961007564,12,3,0.3870967741935484,2025-03-25,74.696,0.7799242424242425,1.0,0.9111304437790625,0.018421052631578946,18.9,26.0,0.0,0.0,12.9,12.9,7,0,0,0.6690233125431235,66.902,854,0.0006153486987968996
1191230,128.81238404862577,37.312191330822095,1116294.3562965782,1924498.0770761024,1116,1924,1116_1924,356,356.0,0.6690233125431235,66.902,high,0.549132793418207,0.7469589436202463,0.7401469890658317,0.6615886961007564,12,3,0.3870967741935484,2025-03-25,74.696,0.7799242424242425,1.0,0.9111304437790625,0.018421052631578946,18.9,26.0,0.0,0.0,12.9,12.9,7,0,0,0.6690233125431235,66.902,855,0.0006160692476245307
1191288,128.81062509795672,37.31122246433079,1116139.9737317066,1924388.4212482376,1116,1924,1116_1924,356,356.0,0.6690233125431235,66.902,high,0.549132793418207,0.7469589436202463,0.7401469890658317,0.6615886961007564,12,3,0.3870967741935484,2025-03-25,74.696,0.7799242424242425,1.0,0.9111304437790625,0.018421052631578946,18.9,26.0,0.0,0.0,12.9,12.9,7,0,0,0.6690233125431235,66.902,856,0.0006167897964521617
1191289,128.8104461358065,37.31165576535791,1116123.4478209687,1924436.2747195617,1116,1924,1116_1924,356,356.0,0.6690233125431235,66.902,high,0.549132793418207,0.7469589436202463,0.7401469890658317,0.6615886961007564,12,3,0.3870967741935484,2025-03-25,74.696,0.7799242424242425,1.0,0.9111304437790625,0.018421052631578946,18.9,26.0,0.0,0.0,12.9,12.9,7,0,0,0.6690233125431235,66.902,857,0.0006175103452797928
1191290,128.81356972524588,37.311129586040266,1116401.0649265593,1924381.7395360307,1116,1924,1116_1924,356,356.0,0.6690233125431235,66.902,high,0.549132793418207,0.7469589436202463,0.7401469890658317,0.6615886961007564,12,3,0.3870967741935484,2025-03-25,74.696,0.7799242424242425,1.0,0.9111304437790625,0.018421052631578946,18.9,26.0,0.0,0.0,12.9,12.9,7,0,0,0.6690233125431235,66.902,858,0.0006182308941074237
1191291,128.81409615567904,37.31113580788615,1116447.7067837159,1924383.0783671553,1116,1924,1116_1924,356,356.0,0.6690233125431235,66.902,high,0.549132793418207,0.7469589436202463,0.7401469890658317,0.6615886961007564,12,3,0.3870967741935484,2025-03-25,74.696,0.7799242424242425,1.0,0.9111304437790625,0.018421052631578946,18.9,26.0,0.0,0.0,12.9,12.9,7,0,0,0.6690233125431235,66.902,859,0.0006189514429350548
1191292,128.81466011612568,37.311126571627845,1116497.6983445382,1924382.748693069,1116,1924,1116_1924,356,356.0,0.6690233125431235,66.902,high,0.549132793418207,0.7469589436202463,0.7401469890658317,0.6615886961007564,12,3,0.3870967741935484,2025-03-25,74.696,0.7799242424242425,1.0,0.9111304437790625,0.018421052631578946,18.9,26.0,0.0,0.0,12.9,12.9,7,0,0,0.6690233125431235,66.902,860,0.0006196719917626858
1191293,128.81499621095054,37.31134323966462,1116527.1480794388,1924407.2017096158,1116,1924,1116_1924,356,356.0,0.6690233125431235,66.902,high,0.549132793418207,0.7469589436202463,0.7401469890658317,0.6615886961007564,12,3,0.3870967741935484,2025-03-25,74.696,0.7799242424242425,1.0,0.9111304437790625,0.018421052631578946,18.9,26.0,0.0,0.0,12.9,12.9,7,0,0,0.6690233125431235,66.902,861,0.0006203925405903169
1191294,128.81494072805324,37.311792769852126,1116521.5373565122,1924457.0072882003,1116,1924,1116_1924,356,356.0,0.6690233125431235,66.902,high,0.549132793418207,0.7469589436202463,0.7401469890658317,0.6615886961007564,12,3,0.3870967741935484,2025-03-25,74.696,0.7799242424242425,1.0,0.9111304437790625,0.018421052631578946,18.9,26.0,0.0,0.0,12.9,12.9,7,0,0,0.6690233125431235,66.902,862,0.0006211130894179478
1191295,128.81482429590542,37.31220912345129,1116510.5767452419,1924503.056886284,1116,1924,1116_1924,356,356.0,0.6690233125431235,66.902,high,0.549132793418207,0.7469589436202463,0.7401469890658317,0.6615886961007564,12,3,0.3870967741935484,2025-03-25,74.696,0.7799242424242425,1.0,0.9111304437790625,0.018421052631578946,18.9,26.0,0.0,0.0,12.9,12.9,7,0,0,0.6690233125431235,66.902,863,0.0006218336382455789
1191296,128.81429310129317,37.31222019283548,1116463.48668617,1924503.6302260961,1116,1924,1116_1924,356,356.0,0.6690233125431235,66.902,high,0.549132793418207,0.7469589436202463,0.7401469890658317,0.6615886961007564,12,3,0.3870967741935484,2025-03-25,74.696,0.7799242424242425,1.0,0.9111304437790625,0.018421052631578946,18.9,26.0,0.0,0.0,12.9,12.9,7,0,0,0.6690233125431235,66.902,864,0.0006225541870732099
1191297,128.81286340418788,37.31067994264074,1116339.1648391034,1924330.983257235,1116,1924,1116_1924,356,356.0,0.6690233125431235,66.902,high,0.549132793418207,0.7469589436202463,0.7401469890658317,0.6615886961007564,12,3,0.3870967741935484,2025-03-25,74.696,0.7799242424242425,1.0,0.9111304437790625,0.018421052631578946,18.9,26.0,0.0,0.0,12.9,12.9,7,0,0,0.6690233125431235,66.902,865,0.000623274735900841
1191298,128.8132216481803,37.31038048600991,1116371.3737044358,1924298.2005493774,1116,1924,1116_1924,356,356.0,0.6690233125431235,66.902,high,0.549132793418207,0.7469589436202463,0.7401469890658317,0.6615886961007564,12,3,0.3870967741935484,2025-03-25,74.696,0.7799242424242425,1.0,0.9111304437790625,0.018421052631578946,18.9,26.0,0.0,0.0,12.9,12.9,7,0,0,0.6690233125431235,66.902,866,0.0006239952847284719
1191299,128.81370855128756,37.310187373158634,1116414.820550302,1924277.3749489302,1116,1924,1116_1924,356,356.0,0.6690233125431235,66.902,high,0.549132793418207,0.7469589436202463,0.7401469890658317,0.6615886961007564,12,3,0.3870967741935484,2025-03-25,74.696,0.7799242424242425,1.0,0.9111304437790625,0.018421052631578946,18.9,26.0,0.0,0.0,12.9,12.9,7,0,0,0.6690233125431235,66.902,867,0.000624715833556103
1191300,128.81390891450937,37.310550381044166,1116432.0167428162,1924317.8963747157,1116,1924,1116_1924,356,356.0,0.6690233125431235,66.902,high,0.549132793418207,0.7469589436202463,0.7401469890658317,0.6615886961007564,12,3,0.3870967741935484,2025-03-25,74.696,0.7799242424242425,1.0,0.9111304437790625,0.018421052631578946,18.9,26.0,0.0,0.0,12.9,12.9,7,0,0,0.6690233125431235,66.902,868,0.000625436382383734
1191301,128.81376994301385,37.31096035254212,1116419.0689220962,1924363.2102323477,1116,1924,1116_1924,356,356.0,0.6690233125431235,66.902,high,0.549132793418207,0.7469589436202463,0.7401469890658317,0.6615886961007564,12,3,0.3870967741935484,2025-03-25,74.696,0.7799242424242425,1.0,0.9111304437790625,0.018421052631578946,18.9,26.0,0.0,0.0,12.9,12.9,7,0,0,0.6690233125431235,66.902,869,0.0006261569312113651
1191325,128.81257267406565,37.31066140682897,1116313.4291933987,1924328.5689071347,1116,1924,1116_1924,356,356.0,0.6690233125431235,66.902,high,0.549132793418207,0.7469589436202463,0.7401469890658317,0.6615886961007564,12,3,0.3870967741935484,2025-03-25,74.696,0.7799242424242425,1.0,0.9111304437790625,0.018421052631578946,18.9,26.0,0.0,0.0,12.9,12.9,7,0,0,0.6690233125431235,66.902,870,0.0006268774800389962
1191326,128.81440181828475,37.31026655107727,1116476.1354032112,1924287.013700663,1116,1924,1116_1924,356,356.0,0.6690233125431235,66.902,high,0.549132793418207,0.7469589436202463,0.7401469890658317,0.6615886961007564,12,3,0.3870967741935484,2025-03-25,74.696,0.7799242424242425,1.0,0.9111304437790625,0.018421052631578946,18.9,26.0,0.0,0.0,12.9,12.9,7,0,0,0.6690233125431235,66.902,871,0.0006275980288666271
1191327,128.81395243976107,37.31023661096992,1116436.3578941263,1924283.1381861076,1116,1924,1116_1924,356,356.0,0.6690233125431235,66.902,high,0.549132793418207,0.7469589436202463,0.7401469890658317,0.6615886961007564,12,3,0.3870967741935484,2025-03-25,74.696,0.7799242424242425,1.0,0.9111304437790625,0.018421052631578946,18.9,26.0,0.0,0.0,12.9,12.9,7,0,0,0.6690233125431235,66.902,872,0.0006283185776942582
1191328,128.81348285652484,37.31016115702708,1116394.8600012,1924274.188358798,1116,1924,1116_1924,356,356.0,0.6690233125431235,66.902,high,0.549132793418207,0.7469589436202463,0.7401469890658317,0.6615886961007564,12,3,0.3870967741935484,2025-03-25,74.696,0.7799242424242425,1.0,0.9111304437790625,0.018421052631578946,18.9,26.0,0.0,0.0,12.9,12.9,7,0,0,0.6690233125431235,66.902,873,0.0006290391265218892
1191329,128.8130213301563,37.310430152455375,1116353.5450996428,1924303.4642398562,1116,1924,1116_1924,356,356.0,0.6690233125431235,66.902,high,0.549132793418207,0.7469589436202463,0.7401469890658317,0.6615886961007564,12,3,0.3870967741935484,2025-03-25,74.696,0.7799242424242425,1.0,0.9111304437790625,0.018421052631578946,18.9,26.0,0.0,0.0,12.9,12.9,7,0,0,0.6690233125431235,66.902,874,0.0006297596753495203
1191330,128.81205203279825,37.31012634343747,1116268.1146109432,1924268.564642018,1116,1924,1116_1924,356,356.0,0.6690233125431235,66.902,high,0.549132793418207,0.7469589436202463,0.7401469890658317,0.6615886961007564,12,3,0.3870967741935484,2025-03-25,74.696,0.7799242424242425,1.0,0.9111304437790625,0.018421052631578946,18.9,26.0,0.0,0.0,12.9,12.9,7,0,0,0.6690233125431235,66.902,875,0.0006304802241771512
1191331,128.812040374847,37.31028186291797,1116266.8419539235,1924285.8046979988,1116,1924,1116_1924,356,356.0,0.6690233125431235,66.902,high,0.549132793418207,0.7469589436202463,0.7401469890658317,0.6615886961007564,12,3,0.3870967741935484,2025-03-25,74.696,0.7799242424242425,1.0,0.9111304437790625,0.018421052631578946,18.9,26.0,0.0,0.0,12.9,12.9,7,0,0,0.6690233125431235,66.902,876,0.0006312007730047823
1191332,128.81185247084065,37.310696245471945,1116249.5518542847,1924331.5479890578,1116,1924,1116_1924,356,356.0,0.6690233125431235,66.902,high,0.549132793418207,0.7469589436202463,0.7401469890658317,0.6615886961007564,12,3,0.3870967741935484,2025-03-25,74.696,0.7799242424242425,1.0,0.9111304437790625,0.018421052631578946,18.9,26.0,0.0,0.0,12.9,12.9,7,0,0,0.6690233125431235,66.902,877,0.0006319213218324133
1191333,128.81167451076095,37.31111096198304,1116233.1426330542,1924377.3405961946,1116,1924,1116_1924,356,356.0,0.6690233125431235,66.902,high,0.549132793418207,0.7469589436202463,0.7401469890658317,0.6615886961007564,12,3,0.3870967741935484,2025-03-25,74.696,0.7799242424242425,1.0,0.9111304437790625,0.018421052631578946,18.9,26.0,0.0,0.0,12.9,12.9,7,0,0,0.6690233125431235,66.902,878,0.0006326418706600444
1191334,128.81152688709983,37.31153331497914,1116219.410173761,1924424.0177856048,1116,1924,1116_1924,356,356.0,0.6690233125431235,66.902,high,0.549132793418207,0.7469589436202463,0.7401469890658317,0.6615886961007564,12,3,0.3870967741935484,2025-03-25,74.696,0.7799242424242425,1.0,0.9111304437790625,0.018421052631578946,18.9,26.0,0.0,0.0,12.9,12.9,7,0,0,0.6690233125431235,66.902,879,0.0006333624194876753
1191335,128.81147304079363,37.31198228670311,1116213.9471840938,1924473.7635804415,1116,1924,1116_1924,356,356.0,0.6690233125431235,66.902,high,0.549132793418207,0.7469589436202463,0.7401469890658317,0.6615886961007564,12,3,0.3870967741935484,2025-03-25,74.696,0.7799242424242425,1.0,0.9111304437790625,0.018421052631578946,18.9,26.0,0.0,0.0,12.9,12.9,7,0,0,0.6690233125431235,66.902,880,0.0006340829683153064
1191336,128.81145791285135,37.31241714358487,1116211.9370772538,1924521.9909958648,1116,1924,1116_1924,356,356.0,0.6690233125431235,66.902,high,0.549132793418207,0.7469589436202463,0.7401469890658317,0.6615886961007564,12,3,0.3870967741935484,2025-03-25,74.696,0.7799242424242425,1.0,0.9111304437790625,0.018421052631578946,18.9,26.0,0.0,0.0,12.9,12.9,7,0,0,0.6690233125431235,66.902,881,0.0006348035171429374
1191340,128.81490428755413,37.30976817126154,1116521.4332565311,1924232.3394078051,1116,1924,1116_1924,356,356.0,0.6690233125431235,66.902,high,0.549132793418207,0.7469589436202463,0.7401469890658317,0.6615886961007564,12,3,0.3870967741935484,2025-03-25,74.696,0.7799242424242425,1.0,0.9111304437790625,0.018421052631578946,18.9,26.0,0.0,0.0,12.9,12.9,7,0,0,0.6690233125431235,66.902,882,0.0006355240659705685
1191341,128.81457704649347,37.309420082696334,1116492.970292406,1924193.3166487345,1116,1924,1116_1924,356,356.0,0.6690233125431235,66.902,high,0.549132793418207,0.7469589436202463,0.7401469890658317,0.6615886961007564,12,3,0.3870967741935484,2025-03-25,74.696,0.7799242424242425,1.0,0.9111304437790625,0.018421052631578946,18.9,26.0,0.0,0.0,12.9,12.9,7,0,0,0.6690233125431235,66.902,883,0.0006362446147981994
1191342,128.81422568847336,37.30920124278472,1116462.170393377,1924168.6040089284,1116,1924,1116_1924,356,356.0,0.6690233125431235,66.902,high,0.549132793418207,0.7469589436202463,0.7401469890658317,0.6615886961007564,12,3,0.3870967741935484,2025-03-25,74.696,0.7799242424242425,1.0,0.9111304437790625,0.018421052631578946,18.9,26.0,0.0,0.0,12.9,12.9,7,0,0,0.6690233125431235,66.902,884,0.0006369651636258305
1191348,128.8135675209377,37.309444884682314,1116403.467416754,1924194.824458998,1116,1924,1116_1924,356,356.0,0.6690233125431235,66.902,high,0.549132793418207,0.7469589436202463,0.7401469890658317,0.6615886961007564,12,3,0.3870967741935484,2025-03-25,74.696,0.7799242424242425,1.0,0.9111304437790625,0.018421052631578946,18.9,26.0,0.0,0.0,12.9,12.9,7,0,0,0.6690233125431235,66.902,885,0.0006376857124534616
1191349,128.81352720977665,37.30947286579508,1116399.8518788912,1924197.8792260005,1116,1924,1116_1924,356,356.0,0.6690233125431235,66.902,high,0.549132793418207,0.7469589436202463,0.7401469890658317,0.6615886961007564,12,3,0.3870967741935484,2025-03-25,74.696,0.7799242424242425,1.0,0.9111304437790625,0.018421052631578946,18.9,26.0,0.0,0.0,12.9,12.9,7,0,0,0.6690233125431235,66.902,886,0.0006384062612810926
1191352,128.81434341103738,37.309037160143056,1116472.8562134658,1924150.544629049,1116,1924,1116_1924,356,356.0,0.6690233125431235,66.902,high,0.549132793418207,0.7469589436202463,0.7401469890658317,0.6615886961007564,12,3,0.3870967741935484,2025-03-25,74.696,0.7799242424242425,1.0,0.9111304437790625,0.018421052631578946,18.9,26.0,0.0,0.0,12.9,12.9,7,0,0,0.6690233125431235,66.902,887,0.0006391268101087237
1191353,128.81437688569238,37.30860285622367,1116476.4928611112,1924102.4012255897,1116,1924,1116_1924,356,356.0,0.6690233125431235,66.902,high,0.549132793418207,0.7469589436202463,0.7401469890658317,0.6615886961007564,12,3,0.3870967741935484,2025-03-25,74.696,0.7799242424242425,1.0,0.9111304437790625,0.018421052631578946,18.9,26.0,0.0,0.0,12.9,12.9,7,0,0,0.6690233125431235,66.902,888,0.0006398473589363546
1191354,128.8144466122776,37.30818780694428,1116483.312543433,1924056.4387475185,1116,1924,1116_1924,356,356.0,0.6690233125431235,66.902,high,0.549132793418207,0.7469589436202463,0.7401469890658317,0.6615886961007564,12,3,0.3870967741935484,2025-03-25,74.696,0.7799242424242425,1.0,0.9111304437790625,0.018421052631578946,18.9,26.0,0.0,0.0,12.9,12.9,7,0,0,0.6690233125431235,66.902,889,0.0006405679077639857
1191355,128.8149844383624,37.30829782523051,1116530.8059018727,1924069.3079331093,1116,1924,1116_1924,356,356.0,0.6690233125431235,66.902,high,0.549132793418207,0.7469589436202463,0.7401469890658317,0.6615886961007564,12,3,0.3870967741935484,2025-03-25,74.696,0.7799242424242425,1.0,0.9111304437790625,0.018421052631578946,18.9,26.0,0.0,0.0,12.9,12.9,7,0,0,0.6690233125431235,66.902,890,0.0006412884565916167
1191356,128.81551845613,37.30837421246868,1116578.0135585296,1924078.4414345627,1116,1924,1116_1924,356,356.0,0.6690233125431235,66.902,high,0.549132793418207,0.7469589436202463,0.7401469890658317,0.6615886961007564,12,3,0.3870967741935484,2025-03-25,74.696,0.7799242424242425,1.0,0.9111304437790625,0.018421052631578946,18.9,26.0,0.0,0.0,12.9,12.9,7,0,0,0.6690233125431235,66.902,891,0.0006420090054192478
1191357,128.81608804346897,37.30841496193091,1116628.4284123415,1924083.6651981222,1116,1924,1116_1924,356,356.0,0.6690233125431235,66.902,high,0.549132793418207,0.7469589436202463,0.7401469890658317,0.6615886961007564,12,3,0.3870967741935484,2025-03-25,74.696,0.7799242424242425,1.0,0.9111304437790625,0.018421052631578946,18.9,26.0,0.0,0.0,12.9,12.9,7,0,0,0.6690233125431235,66.902,892,0.0006427295542468787
1191358,128.81663774228892,37.308416535167815,1116677.141210663,1924084.5182328771,1116,1924,1116_1924,356,356.0,0.6690233125431235,66.902,high,0.549132793418207,0.7469589436202463,0.7401469890658317,0.6615886961007564,12,3,0.3870967741935484,2025-03-25,74.696,0.7799242424242425,1.0,0.9111304437790625,0.018421052631578946,18.9,26.0,0.0,0.0,12.9,12.9,7,0,0,0.6690233125431235,66.902,893,0.0006434501030745098
1191359,128.81717939258593,37.308488490808095,1116725.0319116157,1924093.170319594,1116,1924,1116_1924,356,356.0,0.6690233125431235,66.902,high,0.549132793418207,0.7469589436202463,0.7401469890658317,0.6615886961007564,12,3,0.3870967741935484,2025-03-25,74.696,0.7799242424242425,1.0,0.9111304437790625,0.018421052631578946,18.9,26.0,0.0,0.0,12.9,12.9,7,0,0,0.6690233125431235,66.902,894,0.0006441706519021408
1191360,128.81769376662464,37.30864693137112,1116770.3714853907,1924111.3842153712,1116,1924,1116_1924,356,356.0,0.6690233125431235,66.902,high,0.549132793418207,0.7469589436202463,0.7401469890658317,0.6615886961007564,12,3,0.3870967741935484,2025-03-25,74.696,0.7799242424242425,1.0,0.9111304437790625,0.018421052631578946,18.9,26.0,0.0,0.0,12.9,12.9,7,0,0,0.6690233125431235,66.902,895,0.0006448912007297719
1191361,128.81819684161462,37.308825719029606,1116814.6780486624,1924131.8418432437,1116,1924,1116_1924,356,356.0,0.6690233125431235,66.902,high,0.549132793418207,0.7469589436202463,0.7401469890658317,0.6615886961007564,12,3,0.3870967741935484,2025-03-25,74.696,0.7799242424242425,1.0,0.9111304437790625,0.018421052631578946,18.9,26.0,0.0,0.0,12.9,12.9,7,0,0,0.6690233125431235,66.902,896,0.0006456117495574028
1191362,128.8187125594321,37.30900848646703,1116860.0986612642,1924152.7568882974,1116,1924,1116_1924,356,356.0,0.6690233125431235,66.902,high,0.549132793418207,0.7469589436202463,0.7401469890658317,0.6615886961007564,12,3,0.3870967741935484,2025-03-25,74.696,0.7799242424242425,1.0,0.9111304437790625,0.018421052631578946,18.9,26.0,0.0,0.0,12.9,12.9,7,0,0,0.6690233125431235,66.902,897,0.0006463322983850339
1191363,128.81923508111143,37.3091944995164,1116906.116991162,1924174.0406927133,1116,1924,1116_1924,356,356.0,0.6690233125431235,66.902,high,0.549132793418207,0.7469589436202463,0.7401469890658317,0.6615886961007564,12,3,0.3870967741935484,2025-03-25,74.696,0.7799242424242425,1.0,0.9111304437790625,0.018421052631578946,18.9,26.0,0.0,0.0,12.9,12.9,7,0,0,0.6690233125431235,66.902,898,0.0006470528472126649
1191364,128.8197570134545,37.30937317293529,1116952.0942377343,1924194.50971737,1116,1924,1116_1924,356,356.0,0.6690233125431235,66.902,high,0.549132793418207,0.7469589436202463,0.7401469890658317,0.6615886961007564,12,3,0.3870967741935484,2025-03-25,74.696,0.7799242424242425,1.0,0.9111304437790625,0.018421052631578946,18.9,26.0,0.0,0.0,12.9,12.9,7,0,0,0.6690233125431235,66.902,899,0.000647773396040296
1191365,128.8202777893444,37.30954643789016,1116997.9771638024,1924214.377516137,1116,1924,1116_1924,356,356.0,0.6690233125431235,66.902,high,0.549132793418207,0.7469589436202463,0.7401469890658317,0.6615886961007564,12,3,0.3870967741935484,2025-03-25,74.696,0.7799242424242425,1.0,0.9111304437790625,0.018421052631578946,18.9,26.0,0.0,0.0,12.9,12.9,7,0,0,0.6690233125431235,66.902,900,0.000648493944867927
1191384,128.81381642806915,37.30869809118657,1116426.6774279468,1924112.2766669898,1116,1924,1116_1924,356,356.0,0.6690233125431235,66.902,high,0.549132793418207,0.7469589436202463,0.7401469890658317,0.6615886961007564,12,3,0.3870967741935484,2025-03-25,74.696,0.7799242424242425,1.0,0.9111304437790625,0.018421052631578946,18.9,26.0,0.0,0.0,12.9,12.9,7,0,0,0.6690233125431235,66.902,901,0.000649214493695558
1191385,128.81355903326764,37.308823819996775,1116403.672894317,1924125.908827644,1116,1924,1116_1924,356,356.0,0.6690233125431235,66.902,high,0.549132793418207,0.7469589436202463,0.7401469890658317,0.6615886961007564,12,3,0.3870967741935484,2025-03-25,74.696,0.7799242424242425,1.0,0.9111304437790625,0.018421052631578946,18.9,26.0,0.0,0.0,12.9,12.9,7,0,0,0.6690233125431235,66.902,902,0.0006499350425231891
1191386,128.8131223513818,37.30909301539241,1116364.5586871163,1924155.2374523778,1116,1924,1116_1924,356,356.0,0.6690233125431235,66.902,high,0.549132793418207,0.7469589436202463,0.7401469890658317,0.6615886961007564,12,3,0.3870967741935484,2025-03-25,74.696,0.7799242424242425,1.0,0.9111304437790625,0.018421052631578946,18.9,26.0,0.0,0.0,12.9,12.9,7,0,0,0.6690233125431235,66.902,903,0.0006506555913508201
1191387,128.81272329991495,37.30940681658002,1116328.7108457584,1924189.5614450646,1116,1924,1116_1924,356,356.0,0.6690233125431235,66.902,high,0.549132793418207,0.7469589436202463,0.7401469890658317,0.6615886961007564,12,3,0.3870967741935484,2025-03-25,74.696,0.7799242424242425,1.0,0.9111304437790625,0.018421052631578946,18.9,26.0,0.0,0.0,12.9,12.9,7,0,0,0.6690233125431235,66.902,904,0.0006513761401784512
1191388,128.812385681714,37.30976778887734,1116298.2348467822,1924229.1946688965,1116,1924,1116_1924,356,356.0,0.6690233125431235,66.902,high,0.549132793418207,0.7469589436202463,0.7401469890658317,0.6615886961007564,12,3,0.3870967741935484,2025-03-25,74.696,0.7799242424242425,1.0,0.9111304437790625,0.018421052631578946,18.9,26.0,0.0,0.0,12.9,12.9,7,0,0,0.6690233125431235,66.902,905,0.0006520966890060821
1191389,128.8120082577,37.31010952451484,1116264.2611823324,1924266.6447811371,1116,1924,1116_1924,356,356.0,0.6690233125431235,66.902,high,0.549132793418207,0.7469589436202463,0.7401469890658317,0.6615886961007564,12,3,0.3870967741935484,2025-03-25,74.696,0.7799242424242425,1.0,0.9111304437790625,0.018421052631578946,18.9,26.0,0.0,0.0,12.9,12.9,7,0,0,0.6690233125431235,66.902,906,0.0006528172378337132
1191429,128.81442779458027,37.307906117180224,1116482.0795145459,1924025.1629624998,1116,1924,1116_1924,356,356.0,0.6690233125431235,66.902,high,0.549132793418207,0.7469589436202463,0.7401469890658317,0.6615886961007564,12,3,0.3870967741935484,2025-03-25,74.696,0.7799242424242425,1.0,0.9111304437790625,0.018421052631578946,18.9,26.0,0.0,0.0,12.9,12.9,7,0,0,0.6690233125431235,66.902,907,0.0006535377866613442
1191548,128.81989734361352,37.308594687731166,1116965.7365642388,1924108.3128371104,1116,1924,1116_1924,356,356.0,0.6690233125431235,66.902,high,0.549132793418207,0.7469589436202463,0.7401469890658317,0.6615886961007564,12,3,0.3870967741935484,2025-03-25,74.696,0.7799242424242425,1.0,0.9111304437790625,0.018421052631578946,18.9,26.0,0.0,0.0,12.9,12.9,7,0,0,0.6690233125431235,66.902,908,0.0006542583354889753
1191549,128.81937064103295,37.30846966798937,1116919.2530208176,1924093.7905595377,1116,1924,1116_1924,356,356.0,0.6690233125431235,66.902,high,0.549132793418207,0.7469589436202463,0.7401469890658317,0.6615886961007564,12,3,0.3870967741935484,2025-03-25,74.696,0.7799242424242425,1.0,0.9111304437790625,0.018421052631578946,18.9,26.0,0.0,0.0,12.9,12.9,7,0,0,0.6690233125431235,66.902,909,0.0006549788843166062
1191550,128.81903803766457,37.308197178702976,1116890.1990797424,1924063.147298097,1116,1924,1116_1924,356,356.0,0.6690233125431235,66.902,high,0.549132793418207,0.7469589436202463,0.7401469890658317,0.6615886961007564,12,3,0.3870967741935484,2025-03-25,74.696,0.7799242424242425,1.0,0.9111304437790625,0.018421052631578946,18.9,26.0,0.0,0.0,12.9,12.9,7,0,0,0.6690233125431235,66.902,910,0.0006556994331442373
1191551,128.81918316352744,37.30786453750912,1116903.575522053,1924026.4212875264,1116,1924,1116_1924,356,356.0,0.6690233125431235,66.902,high,0.549132793418207,0.7469589436202463,0.7401469890658317,0.6615886961007564,12,3,0.3870967741935484,2025-03-25,74.696,0.7799242424242425,1.0,0.9111304437790625,0.018421052631578946,18.9,26.0,0.0,0.0,12.9,12.9,7,0,0,0.6690233125431235,66.902,911,0.0006564199819718683
1191553,128.81880959431444,37.30788088207345,1116870.4436392686,1924027.7726522256,1116,1924,1116_1924,356,356.0,0.6690233125431235,66.902,high,0.549132793418207,0.7469589436202463,0.7401469890658317,0.6615886961007564,12,3,0.3870967741935484,2025-03-25,74.696,0.7799242424242425,1.0,0.9111304437790625,0.018421052631578946,18.9,26.0,0.0,0.0,12.9,12.9,7,0,0,0.6690233125431235,66.902,912,0.0006571405307994994
1191554,128.81902704913867,37.30822406749473,1116889.1836217802,1924066.1169359,1116,1924,1116_1924,356,356.0,0.6690233125431235,66.902,high,0.549132793418207,0.7469589436202463,0.7401469890658317,0.6615886961007564,12,3,0.3870967741935484,2025-03-25,74.696,0.7799242424242425,1.0,0.9111304437790625,0.018421052631578946,18.9,26.0,0.0,0.0,12.9,12.9,7,0,0,0.6690233125431235,66.902,913,0.0006578610796271304
1191555,128.81923361324058,37.308594845776874,1116906.9155423348,1924107.5091389613,1116,1924,1116_1924,356,356.0,0.6690233125431235,66.902,high,0.549132793418207,0.7469589436202463,0.7401469890658317,0.6615886961007564,12,3,0.3870967741935484,2025-03-25,74.696,0.7799242424242425,1.0,0.9111304437790625,0.018421052631578946,18.9,26.0,0.0,0.0,12.9,12.9,7,0,0,0.6690233125431235,66.902,914,0.0006585816284547614
1191556,128.81935194031925,37.309007965858456,1116916.762042926,1924153.489916936,1116,1924,1116_1924,356,356.0,0.6690233125431235,66.902,high,0.549132793418207,0.7469589436202463,0.7401469890658317,0.6615886961007564,12,3,0.3870967741935484,2025-03-25,74.696,0.7799242424242425,1.0,0.9111304437790625,0.018421052631578946,18.9,26.0,0.0,0.0,12.9,12.9,7,0,0,0.6690233125431235,66.902,915,0.0006593021772823925
1191557,128.81890602180775,37.3090409426341,1116877.1932406845,1924156.5970346443,1116,1924,1116_1924,356,356.0,0.6690233125431235,66.902,high,0.549132793418207,0.7469589436202463,0.7401469890658317,0.6615886961007564,12,3,0.3870967741935484,2025-03-25,74.696,0.7799242424242425,1.0,0.9111304437790625,0.018421052631578946,18.9,26.0,0.0,0.0,12.9,12.9,7,0,0,0.6690233125431235,66.902,916,0.0006600227261100235
1191558,128.81841015495493,37.30886511031899,1116833.5211711645,1924136.475865621,1116,1924,1116_1924,356,356.0,0.6690233125431235,66.902,high,0.549132793418207,0.7469589436202463,0.7401469890658317,0.6615886961007564,12,3,0.3870967741935484,2025-03-25,74.696,0.7799242424242425,1.0,0.9111304437790625,0.018421052631578946,18.9,26.0,0.0,0.0,12.9,12.9,7,0,0,0.6690233125431235,66.902,917,0.0006607432749376546
1191559,128.81788150965633,37.30867949260461,1116786.9591656518,1924115.228764648,1116,1924,1116_1924,356,356.0,0.6690233125431235,66.902,high,0.549132793418207,0.7469589436202463,0.7401469890658317,0.6615886961007564,12,3,0.3870967741935484,2025-03-25,74.696,0.7799242424242425,1.0,0.9111304437790625,0.018421052631578946,18.9,26.0,0.0,0.0,12.9,12.9,7,0,0,0.6690233125431235,66.902,918,0.0006614638237652855
1191560,128.81737253545896,37.30850530344663,1116742.122542042,1924095.2741900065,1116,1924,1116_1924,356,356.0,0.6690233125431235,66.902,high,0.549132793418207,0.7469589436202463,0.7401469890658317,0.6615886961007564,12,3,0.3870967741935484,2025-03-25,74.696,0.7799242424242425,1.0,0.9111304437790625,0.018421052631578946,18.9,26.0,0.0,0.0,12.9,12.9,7,0,0,0.6690233125431235,66.902,919,0.0006621843725929166
1191561,128.81680697382242,37.30839380002509,1116692.1739356667,1924082.2047778263,1116,1924,1116_1924,356,356.0,0.6690233125431235,66.902,high,0.549132793418207,0.7469589436202463,0.7401469890658317,0.6615886961007564,12,3,0.3870967741935484,2025-03-25,74.696,0.7799242424242425,1.0,0.9111304437790625,0.018421052631578946,18.9,26.0,0.0,0.0,12.9,12.9,7,0,0,0.6690233125431235,66.902,920,0.0006629049214205476
1191562,128.81626282691903,37.30838230646757,1116643.968470381,1924080.2578794803,1116,1924,1116_1924,356,356.0,0.6690233125431235,66.902,high,0.549132793418207,0.7469589436202463,0.7401469890658317,0.6615886961007564,12,3,0.3870967741935484,2025-03-25,74.696,0.7799242424242425,1.0,0.9111304437790625,0.018421052631578946,18.9,26.0,0.0,0.0,12.9,12.9,7,0,0,0.6690233125431235,66.902,921,0.0006636254702481787
1191563,128.81571633804427,37.30836145861553,1116595.5698911052,1924077.2705400754,1116,1924,1116_1924,356,356.0,0.6690233125431235,66.902,high,0.549132793418207,0.7469589436202463,0.7401469890658317,0.6615886961007564,12,3,0.3870967741935484,2025-03-25,74.696,0.7799242424242425,1.0,0.9111304437790625,0.018421052631578946,18.9,26.0,0.0,0.0,12.9,12.9,7,0,0,0.6690233125431235,66.902,922,0.0006643460190758096
1191564,128.81517367207803,37.308288174456656,1116547.5910334743,1924068.4705515467,1116,1924,1116_1924,356,356.0,0.6690233125431235,66.902,high,0.549132793418207,0.7469589436202463,0.7401469890658317,0.6615886961007564,12,3,0.3870967741935484,2025-03-25,74.696,0.7799242424242425,1.0,0.9111304437790625,0.018421052631578946,18.9,26.0,0.0,0.0,12.9,12.9,7,0,0,0.6690233125431235,66.902,923,0.0006650665679034407
1191565,128.81464066414244,37.308194275265066,1116500.4998111178,1924057.3955723941,1116,1924,1116_1924,356,356.0,0.6690233125431235,66.902,high,0.549132793418207,0.7469589436202463,0.7401469890658317,0.6615886961007564,12,3,0.3870967741935484,2025-03-25,74.696,0.7799242424242425,1.0,0.9111304437790625,0.018421052631578946,18.9,26.0,0.0,0.0,12.9,12.9,7,0,0,0.6690233125431235,66.902,924,0.0006657871167310717
1191566,128.8144553052269,37.307840641253264,1116484.6185974742,1924017.9325211388,1116,1924,1116_1924,356,356.0,0.6690233125431235,66.902,high,0.549132793418207,0.7469589436202463,0.7401469890658317,0.6615886961007564,12,3,0.3870967741935484,2025-03-25,74.696,0.7799242424242425,1.0,0.9111304437790625,0.018421052631578946,18.9,26.0,0.0,0.0,12.9,12.9,7,0,0,0.6690233125431235,66.902,925,0.0006665076655587028
1191586,128.81916067554627,37.30784570551863,1116901.6117456309,1924024.3041206151,1116,1924,1116_1924,356,356.0,0.6690233125431235,66.902,high,0.549132793418207,0.7469589436202463,0.7401469890658317,0.6615886961007564,12,3,0.3870967741935484,2025-03-25,74.696,0.7799242424242425,1.0,0.9111304437790625,0.018421052631578946,18.9,26.0,0.0,0.0,12.9,12.9,7,0,0,0.6690233125431235,66.902,926,0.0006672282143863337
1191647,128.8143269524067,37.30807609057692,1116472.8804148864,1924043.8966951165,1116,1924,1116_1924,356,356.0,0.6690233125431235,66.902,high,0.549132793418207,0.7469589436202463,0.7401469890658317,0.6615886961007564,12,3,0.3870967741935484,2025-03-25,74.696,0.7799242424242425,1.0,0.9111304437790625,0.018421052631578946,18.9,26.0,0.0,0.0,12.9,12.9,7,0,0,0.6690233125431235,66.902,927,0.0006679487632139648
1191648,128.81432285439863,37.308504044722255,1116471.8569805995,1924091.3718113159,1116,1924,1116_1924,356,356.0,0.6690233125431235,66.902,high,0.549132793418207,0.7469589436202463,0.7401469890658317,0.6615886961007564,12,3,0.3870967741935484,2025-03-25,74.696,0.7799242424242425,1.0,0.9111304437790625,0.018421052631578946,18.9,26.0,0.0,0.0,12.9,12.9,7,0,0,0.6690233125431235,66.902,928,0.0006686693120415959
1191649,128.81395136542147,37.308679991740384,1116438.6636707254,1924110.434829091,1116,1924,1116_1924,356,356.0,0.6690233125431235,66.902,high,0.549132793418207,0.7469589436202463,0.7401469890658317,0.6615886961007564,12,3,0.3870967741935484,2025-03-25,74.696,0.7799242424242425,1.0,0.9111304437790625,0.018421052631578946,18.9,26.0,0.0,0.0,12.9,12.9,7,0,0,0.6690233125431235,66.902,929,0.0006693898608692269
1103852,128.4585045343828,37.182647326708974,1085080.6192523888,1909749.4448585866,1085,1909,1085_1909,487,487.0,0.6671895571358782,66.719,high,0.5672525039290562,0.7657074310532036,0.7058050801774025,0.6855287798723593,12,2,0.3870967741935484,2025-03-25,76.571,0.8352272727272727,0.9388349514563107,0.9707231310174005,0.018421052631578946,22.5,18.0,0.0,0.0,11.5,11.5,7,0,0,0.6671895571358782,66.719,930,0.000670110409696858
1103853,128.45839234203055,37.1830705922292,1085070.1856194786,1909796.3016267603,1085,1909,1085_1909,487,487.0,0.6671895571358782,66.719,high,0.5672525039290562,0.7657074310532036,0.7058050801774025,0.6855287798723593,12,2,0.3870967741935484,2025-03-25,76.571,0.8352272727272727,0.9388349514563107,0.9707231310174005,0.018421052631578946,22.5,18.0,0.0,0.0,11.5,11.5,7,0,0,0.6671895571358782,66.719,931,0.0006708309585244889
1103854,128.4582974772729,37.18349693269972,1085061.2867315793,1909843.5150958004,1085,1909,1085_1909,487,487.0,0.6671895571358782,66.719,high,0.5672525039290562,0.7657074310532036,0.7058050801774025,0.6855287798723593,12,2,0.3870967741935484,2025-03-25,76.571,0.8352272727272727,0.9388349514563107,0.9707231310174005,0.018421052631578946,22.5,18.0,0.0,0.0,11.5,11.5,7,0,0,0.6671895571358782,66.719,932,0.00067155150735212
1103928,128.4600437914805,37.18103765088012,1085219.0617522232,1909572.2486285171,1085,1909,1085_1909,487,487.0,0.6671895571358782,66.719,high,0.5672525039290562,0.7657074310532036,0.7058050801774025,0.6855287798723593,12,2,0.3870967741935484,2025-03-25,76.571,0.8352272727272727,0.9388349514563107,0.9707231310174005,0.018421052631578946,22.5,18.0,0.0,0.0,11.5,11.5,7,0,0,0.6671895571358782,66.719,933,0.000672272056179751
1103929,128.46059720764896,37.181057298464474,1085268.165350384,1909574.9259958868,1085,1909,1085_1909,487,487.0,0.6671895571358782,66.719,high,0.5672525039290562,0.7657074310532036,0.7058050801774025,0.6855287798723593,12,2,0.3870967741935484,2025-03-25,76.571,0.8352272727272727,0.9388349514563107,0.9707231310174005,0.018421052631578946,22.5,18.0,0.0,0.0,11.5,11.5,7,0,0,0.6671895571358782,66.719,934,0.000672992605007382
1103930,128.46115651710684,37.18096692367435,1085317.9158160512,1909565.4029736368,1085,1909,1085_1909,487,487.0,0.6671895571358782,66.719,high,0.5672525039290562,0.7657074310532036,0.7058050801774025,0.6855287798723593,12,2,0.3870967741935484,2025-03-25,76.571,0.8352272727272727,0.9388349514563107,0.9707231310174005,0.018421052631578946,22.5,18.0,0.0,0.0,11.5,11.5,7,0,0,0.6671895571358782,66.719,935,0.000673713153835013
1103931,128.4617152430525,37.18087655352266,1085367.6145994705,1909555.8802327674,1085,1909,1085_1909,487,487.0,0.6671895571358782,66.719,high,0.5672525039290562,0.7657074310532036,0.7058050801774025,0.6855287798723593,12,2,0.3870967741935484,2025-03-25,76.571,0.8352272727272727,0.9388349514563107,0.9707231310174005,0.018421052631578946,22.5,18.0,0.0,0.0,11.5,11.5,7,0,0,0.6671895571358782,66.719,936,0.0006744337026626441
1103955,128.46244497977716,37.180696452427526,1085432.5949183633,1909536.5570555688,1085,1909,1085_1909,487,487.0,0.6671895571358782,66.719,high,0.5672525039290562,0.7657074310532036,0.7058050801774025,0.6855287798723593,12,2,0.3870967741935484,2025-03-25,76.571,0.8352272727272727,0.9388349514563107,0.9707231310174005,0.018421052631578946,22.5,18.0,0.0,0.0,11.5,11.5,7,0,0,0.6671895571358782,66.719,937,0.0006751542514902751
1103956,128.46298269251815,37.18067112664736,1085480.3554053453,1909534.2321202697,1085,1909,1085_1909,487,487.0,0.6671895571358782,66.719,high,0.5672525039290562,0.7657074310532036,0.7058050801774025,0.6855287798723593,12,2,0.3870967741935484,2025-03-25,76.571,0.8352272727272727,0.9388349514563107,0.9707231310174005,0.018421052631578946,22.5,18.0,0.0,0.0,11.5,11.5,7,0,0,0.6671895571358782,66.719,938,0.0006758748003179062
1103957,128.4627319600686,37.18091954257566,1085457.8183783048,1909561.56554772,1085,1909,1085_1909,487,487.0,0.6671895571358782,66.719,high,0.5672525039290562,0.7657074310532036,0.7058050801774025,0.6855287798723593,12,2,0.3870967741935484,2025-03-25,76.571,0.8352272727272727,0.9388349514563107,0.9707231310174005,0.018421052631578946,22.5,18.0,0.0,0.0,11.5,11.5,7,0,0,0.6671895571358782,66.719,939,0.0006765953491455371
1103958,128.46222370641007,37.18094877803605,1085412.6686828474,1909564.35089412,1085,1909,1085_1909,487,487.0,0.6671895571358782,66.719,high,0.5672525039290562,0.7657074310532036,0.7058050801774025,0.6855287798723593,12,2,0.3870967741935484,2025-03-25,76.571,0.8352272727272727,0.9388349514563107,0.9707231310174005,0.018421052631578946,22.5,18.0,0.0,0.0,11.5,11.5,7,0,0,0.6671895571358782,66.719,940,0.0006773158979731682
1103959,128.46561407890647,37.180933238287125,1085713.643505973,1909565.6870391516,1085,1909,1085_1909,487,487.0,0.6671895571358782,66.719,high,0.5672525039290562,0.7657074310532036,0.7058050801774025,0.6855287798723593,12,2,0.3870967741935484,2025-03-25,76.571,0.8352272727272727,0.9388349514563107,0.9707231310174005,0.018421052631578946,22.5,18.0,0.0,0.0,11.5,11.5,7,0,0,0.6671895571358782,66.719,941,0.0006780364468007992
1103960,128.46508147543773,37.1808537609663,1085666.4550022199,1909556.3883125724,1085,1909,1085_1909,487,487.0,0.6671895571358782,66.719,high,0.5672525039290562,0.7657074310532036,0.7058050801774025,0.6855287798723593,12,2,0.3870967741935484,2025-03-25,76.571,0.8352272727272727,0.9388349514563107,0.9707231310174005,0.018421052631578946,22.5,18.0,0.0,0.0,11.5,11.5,7,0,0,0.6671895571358782,66.719,942,0.0006787569956284303
1103961,128.46450646351687,37.18077504306019,1085615.5010132487,1909547.1358008708,1085,1909,1085_1909,487,487.0,0.6671895571358782,66.719,high,0.5672525039290562,0.7657074310532036,0.7058050801774025,0.6855287798723593,12,2,0.3870967741935484,2025-03-25,76.571,0.8352272727272727,0.9388349514563107,0.9707231310174005,0.018421052631578946,22.5,18.0,0.0,0.0,11.5,11.5,7,0,0,0.6671895571358782,66.719,943,0.0006794775444560613
1103962,128.45796779741417,37.18488558960014,1085030.46572413,1909997.2781876323,1085,1909,1085_1909,487,487.0,0.6671895571358782,66.719,high,0.5672525039290562,0.7657074310532036,0.7058050801774025,0.6855287798723593,12,2,0.3870967741935484,2025-03-25,76.571,0.8352272727272727,0.9388349514563107,0.9707231310174005,0.018421052631578946,22.5,18.0,0.0,0.0,11.5,11.5,7,0,0,0.6671895571358782,66.719,944,0.0006801980932836923
1103963,128.45806488583196,37.18487973779367,1085039.0901983185,1909996.716081038,1085,1909,1085_1909,487,487.0,0.6671895571358782,66.719,high,0.5672525039290562,0.7657074310532036,0.7058050801774025,0.6855287798723593,12,2,0.3870967741935484,2025-03-25,76.571,0.8352272727272727,0.9388349514563107,0.9707231310174005,0.018421052631578946,22.5,18.0,0.0,0.0,11.5,11.5,7,0,0,0.6671895571358782,66.719,945,0.0006809186421113234
1103964,128.45827661147234,37.183606010369495,1085059.3122431566,1909855.5975485547,1085,1909,1085_1909,487,487.0,0.6671895571358782,66.719,high,0.5672525039290562,0.7657074310532036,0.7058050801774025,0.6855287798723593,12,2,0.3870967741935484,2025-03-25,76.571,0.8352272727272727,0.9388349514563107,0.9707231310174005,0.018421052631578946,22.5,18.0,0.0,0.0,11.5,11.5,7,0,0,0.6671895571358782,66.719,946,0.0006816391909389544
1103965,128.45818598509166,37.18405326081494,1085050.7662354026,1909905.13460599,1085,1909,1085_1909,487,487.0,0.6671895571358782,66.719,high,0.5672525039290562,0.7657074310532036,0.7058050801774025,0.6855287798723593,12,2,0.3870967741935484,2025-03-25,76.571,0.8352272727272727,0.9388349514563107,0.9707231310174005,0.018421052631578946,22.5,18.0,0.0,0.0,11.5,11.5,7,0,0,0.6671895571358782,66.719,947,0.0006823597397665854
1103966,128.45806338291615,37.18447542526218,1085039.410146541,1909951.8599227017,1085,1909,1085_1909,487,487.0,0.6671895571358782,66.719,high,0.5672525039290562,0.7657074310532036,0.7058050801774025,0.6855287798723593,12,2,0.3870967741935484,2025-03-25,76.571,0.8352272727272727,0.9388349514563107,0.9707231310174005,0.018421052631578946,22.5,18.0,0.0,0.0,11.5,11.5,7,0,0,0.6671895571358782,66.719,948,0.0006830802885942164
1104375,128.46878050778164,37.181125241471584,1085994.5041457806,1909589.855788357,1085,1909,1085_1909,487,487.0,0.6671895571358782,66.719,high,0.5672525039290562,0.7657074310532036,0.7058050801774025,0.6855287798723593,12,2,0.3870967741935484,2025-03-25,76.571,0.8352272727272727,0.9388349514563107,0.9707231310174005,0.018421052631578946,22.5,18.0,0.0,0.0,11.5,11.5,7,0,0,0.6671895571358782,66.719,949,0.0006838008374218475
1104376,128.45867195324433,37.182380126366944,1085095.7801690367,1909719.9516904429,1085,1909,1085_1909,487,487.0,0.6671895571358782,66.719,high,0.5672525039290562,0.7657074310532036,0.7058050801774025,0.6855287798723593,12,2,0.3870967741935484,2025-03-25,76.571,0.8352272727272727,0.9388349514563107,0.9707231310174005,0.018421052631578946,22.5,18.0,0.0,0.0,11.5,11.5,7,0,0,0.6671895571358782,66.719,950,0.0006845213862494785
1104377,128.45903337509245,37.182013118276735,1085128.2742335608,1909679.559991233,1085,1909,1085_1909,487,487.0,0.6671895571358782,66.719,high,0.5672525039290562,0.7657074310532036,0.7058050801774025,0.6855287798723593,12,2,0.3870967741935484,2025-03-25,76.571,0.8352272727272727,0.9388349514563107,0.9707231310174005,0.018421052631578946,22.5,18.0,0.0,0.0,11.5,11.5,7,0,0,0.6671895571358782,66.719,951,0.0006852419350771096
1104378,128.45940167587372,37.181652562560714,1085161.3719861351,1909639.890426448,1085,1909,1085_1909,487,487.0,0.6671895571358782,66.719,high,0.5672525039290562,0.7657074310532036,0.7058050801774025,0.6855287798723593,12,2,0.3870967741935484,2025-03-25,76.571,0.8352272727272727,0.9388349514563107,0.9707231310174005,0.018421052631578946,22.5,18.0,0.0,0.0,11.5,11.5,7,0,0,0.6671895571358782,66.719,952,0.0006859624839047405
1104379,128.45973291981113,37.1812862657377,1085191.1870420189,1909599.550762383,1085,1909,1085_1909,487,487.0,0.6671895571358782,66.719,high,0.5672525039290562,0.7657074310532036,0.7058050801774025,0.6855287798723593,12,2,0.3870967741935484,2025-03-25,76.571,0.8352272727272727,0.9388349514563107,0.9707231310174005,0.018421052631578946,22.5,18.0,0.0,0.0,11.5,11.5,7,0,0,0.6671895571358782,66.719,953,0.0006866830327323716
1104380,128.46006468714074,37.181572853301205,1085220.315294538,1909631.6432464097,1085,1909,1085_1909,487,487.0,0.6671895571358782,66.719,high,0.5672525039290562,0.7657074310532036,0.7058050801774025,0.6855287798723593,12,2,0.3870967741935484,2025-03-25,76.571,0.8352272727272727,0.9388349514563107,0.9707231310174005,0.018421052631578946,22.5,18.0,0.0,0.0,11.5,11.5,7,0,0,0.6671895571358782,66.719,954,0.0006874035815600026
1104381,128.46052057561255,37.18134488951888,1085261.0395992696,1909606.76267742,1085,1909,1085_1909,487,487.0,0.6671895571358782,66.719,high,0.5672525039290562,0.7657074310532036,0.7058050801774025,0.6855287798723593,12,2,0.3870967741935484,2025-03-25,76.571,0.8352272727272727,0.9388349514563107,0.9707231310174005,0.018421052631578946,22.5,18.0,0.0,0.0,11.5,11.5,7,0,0,0.6671895571358782,66.719,955,0.0006881241303876337
1104382,128.46107582685346,37.18125913992025,1085310.424427743,1909597.7490867896,1085,1909,1085_1909,487,487.0,0.6671895571358782,66.719,high,0.5672525039290562,0.7657074310532036,0.7058050801774025,0.6855287798723593,12,2,0.3870967741935484,2025-03-25,76.571,0.8352272727272727,0.9388349514563107,0.9707231310174005,0.018421052631578946,22.5,18.0,0.0,0.0,11.5,11.5,7,0,0,0.6671895571358782,66.719,956,0.0006888446792152646
1104383,128.46161721496014,37.181116440239705,1085358.6428574352,1909582.405207754,1085,1909,1085_1909,487,487.0,0.6671895571358782,66.719,high,0.5672525039290562,0.7657074310532036,0.7058050801774025,0.6855287798723593,12,2,0.3870967741935484,2025-03-25,76.571,0.8352272727272727,0.9388349514563107,0.9707231310174005,0.018421052631578946,22.5,18.0,0.0,0.0,11.5,11.5,7,0,0,0.6671895571358782,66.719,957,0.0006895652280428957
1104653,128.46388766592662,37.1809324953641,1085560.393730312,1909564.0450187193,1085,1909,1085_1909,487,487.0,0.6671895571358782,66.719,high,0.5672525039290562,0.7657074310532036,0.7058050801774025,0.6855287798723593,12,2,0.3870967741935484,2025-03-25,76.571,0.8352272727272727,0.9388349514563107,0.9707231310174005,0.018421052631578946,22.5,18.0,0.0,0.0,11.5,11.5,7,0,0,0.6671895571358782,66.719,958,0.0006902857768705268
1104654,128.46442305845994,37.18101393505875,1085607.8276565946,1909573.5633756847,1085,1909,1085_1909,487,487.0,0.6671895571358782,66.719,high,0.5672525039290562,0.7657074310532036,0.7058050801774025,0.6855287798723593,12,2,0.3870967741935484,2025-03-25,76.571,0.8352272727272727,0.9388349514563107,0.9707231310174005,0.018421052631578946,22.5,18.0,0.0,0.0,11.5,11.5,7,0,0,0.6671895571358782,66.719,959,0.0006910063256981578
1104655,128.46498133557276,37.18109886127037,1085657.2889645097,1909583.4894775676,1085,1909,1085_1909,487,487.0,0.6671895571358782,66.719,high,0.5672525039290562,0.7657074310532036,0.7058050801774025,0.6855287798723593,12,2,0.3870967741935484,2025-03-25,76.571,0.8352272727272727,0.9388349514563107,0.9707231310174005,0.018421052631578946,22.5,18.0,0.0,0.0,11.5,11.5,7,0,0,0.6671895571358782,66.719,960,0.0006917268745257888
1104656,128.46420382178718,37.18075353045692,1085588.660263629,1909544.4758862916,1085,1909,1085_1909,487,487.0,0.6671895571358782,66.719,high,0.5672525039290562,0.7657074310532036,0.7058050801774025,0.6855287798723593,12,2,0.3870967741935484,2025-03-25,76.571,0.8352272727272727,0.9388349514563107,0.9707231310174005,0.018421052631578946,22.5,18.0,0.0,0.0,11.5,11.5,7,0,0,0.6671895571358782,66.719,961,0.0006924474233534198
1104657,128.46363475751423,37.18066867001031,1085538.2410205882,1909534.547756218,1085,1909,1085_1909,487,487.0,0.6671895571358782,66.719,high,0.5672525039290562,0.7657074310532036,0.7058050801774025,0.6855287798723593,12,2,0.3870967741935484,2025-03-25,76.571,0.8352272727272727,0.9388349514563107,0.9707231310174005,0.018421052631578946,22.5,18.0,0.0,0.0,11.5,11.5,7,0,0,0.6671895571358782,66.719,962,0.0006931679721810509
1104658,128.46328903400703,37.18096250576991,1085507.2204114515,1909566.8342627035,1085,1909,1085_1909,487,487.0,0.6671895571358782,66.719,high,0.5672525039290562,0.7657074310532036,0.7058050801774025,0.6855287798723593,12,2,0.3870967741935484,2025-03-25,76.571,0.8352272727272727,0.9388349514563107,0.9707231310174005,0.018421052631578946,22.5,18.0,0.0,0.0,11.5,11.5,7,0,0,0.6671895571358782,66.719,963,0.0006938885210086819
1104661,128.46883652599155,37.181415106548094,1085999.1481186084,1909622.0645189146,1085,1909,1085_1909,487,487.0,0.6671895571358782,66.719,high,0.5672525039290562,0.7657074310532036,0.7058050801774025,0.6855287798723593,12,2,0.3870967741935484,2025-03-25,76.571,0.8352272727272727,0.9388349514563107,0.9707231310174005,0.018421052631578946,22.5,18.0,0.0,0.0,11.5,11.5,7,0,0,0.6671895571358782,66.719,964,0.000694609069836313
1104662,128.4682878118713,37.181487047016574,1085950.3585141723,1909629.5480077234,1085,1909,1085_1909,487,487.0,0.6671895571358782,66.719,high,0.5672525039290562,0.7657074310532036,0.7058050801774025,0.6855287798723593,12,2,0.3870967741935484,2025-03-25,76.571,0.8352272727272727,0.9388349514563107,0.9707231310174005,0.018421052631578946,22.5,18.0,0.0,0.0,11.5,11.5,7,0,0,0.6671895571358782,66.719,965,0.0006953296186639439
1104663,128.467713320648,37.181503638665845,1085899.3435177405,1909630.8679682727,1085,1909,1085_1909,487,487.0,0.6671895571358782,66.719,high,0.5672525039290562,0.7657074310532036,0.7058050801774025,0.6855287798723593,12,2,0.3870967741935484,2025-03-25,76.571,0.8352272727272727,0.9388349514563107,0.9707231310174005,0.018421052631578946,22.5,18.0,0.0,0.0,11.5,11.5,7,0,0,0.6671895571358782,66.719,966,0.000696050167491575
1104664,128.46819999072875,37.18120303103541,1085942.8846524223,1909597.9593779203,1085,1909,1085_1909,487,487.0,0.6671895571358782,66.719,high,0.5672525039290562,0.7657074310532036,0.7058050801774025,0.6855287798723593,12,2,0.3870967741935484,2025-03-25,76.571,0.8352272727272727,0.9388349514563107,0.9707231310174005,0.018421052631578946,22.5,18.0,0.0,0.0,11.5,11.5,7,0,0,0.6671895571358782,66.719,967,0.000696770716319206
1104665,128.46761960969084,37.18122452439652,1085891.3410900128,1909599.8178511024,1085,1909,1085_1909,487,487.0,0.6671895571358782,66.719,high,0.5672525039290562,0.7657074310532036,0.7058050801774025,0.6855287798723593,12,2,0.3870967741935484,2025-03-25,76.571,0.8352272727272727,0.9388349514563107,0.9707231310174005,0.018421052631578946,22.5,18.0,0.0,0.0,11.5,11.5,7,0,0,0.6671895571358782,66.719,968,0.0006974912651468371
1104666,128.46705595432596,37.181166040874224,1085841.372773732,1909592.8190736966,1085,1909,1085_1909,487,487.0,0.6671895571358782,66.719,high,0.5672525039290562,0.7657074310532036,0.7058050801774025,0.6855287798723593,12,2,0.3870967741935484,2025-03-25,76.571,0.8352272727272727,0.9388349514563107,0.9707231310174005,0.018421052631578946,22.5,18.0,0.0,0.0,11.5,11.5,7,0,0,0.6671895571358782,66.719,969,0.000698211813974468
1104667,128.46652351057264,37.18106769782221,1085794.220060983,1909581.426787904,1085,1909,1085_1909,487,487.0,0.6671895571358782,66.719,high,0.5672525039290562,0.7657074310532036,0.7058050801774025,0.6855287798723593,12,2,0.3870967741935484,2025-03-25,76.571,0.8352272727272727,0.9388349514563107,0.9707231310174005,0.018421052631578946,22.5,18.0,0.0,0.0,11.5,11.5,7,0,0,0.6671895571358782,66.719,970,0.0006989323628020991
1104668,128.46595035886563,37.180984069959045,1085743.437021568,1909571.6304644782,1085,1909,1085_1909,487,487.0,0.6671895571358782,66.719,high,0.5672525039290562,0.7657074310532036,0.7058050801774025,0.6855287798723593,12,2,0.3870967741935484,2025-03-25,76.571,0.8352272727272727,0.9388349514563107,0.9707231310174005,0.018421052631578946,22.5,18.0,0.0,0.0,11.5,11.5,7,0,0,0.6671895571358782,66.719,971,0.0006996529116297301
1104669,128.4659062591338,37.181257857205274,1085739.2128852506,1909601.9647913198,1085,1909,1085_1909,487,487.0,0.6671895571358782,66.719,high,0.5672525039290562,0.7657074310532036,0.7058050801774025,0.6855287798723593,12,2,0.3870967741935484,2025-03-25,76.571,0.8352272727272727,0.9388349514563107,0.9707231310174005,0.018421052631578946,22.5,18.0,0.0,0.0,11.5,11.5,7,0,0,0.6671895571358782,66.719,972,0.0007003734604573612
1104670,128.46645967472259,37.18133332026353,1085788.2530482127,1909610.837420683,1085,1909,1085_1909,487,487.0,0.6671895571358782,66.719,high,0.5672525039290562,0.7657074310532036,0.7058050801774025,0.6855287798723593,12,2,0.3870967741935484,2025-03-25,76.571,0.8352272727272727,0.9388349514563107,0.9707231310174005,0.018421052631578946,22.5,18.0,0.0,0.0,11.5,11.5,7,0,0,0.6671895571358782,66.719,973,0.0007010940092849922
1104671,128.4670025617538,37.18141611929054,1085836.3502178628,1909620.514663578,1085,1909,1085_1909,487,487.0,0.6671895571358782,66.719,high,0.5672525039290562,0.7657074310532036,0.7058050801774025,0.6855287798723593,12,2,0.3870967741935484,2025-03-25,76.571,0.8352272727272727,0.9388349514563107,0.9707231310174005,0.018421052631578946,22.5,18.0,0.0,0.0,11.5,11.5,7,0,0,0.6671895571358782,66.719,974,0.0007018145581126232
1104698,128.45823716310323,37.184825150521455,1085054.4433613538,1909990.8146899708,1085,1909,1085_1909,487,487.0,0.6671895571358782,66.719,high,0.5672525039290562,0.7657074310532036,0.7058050801774025,0.6855287798723593,12,2,0.3870967741935484,2025-03-25,76.571,0.8352272727272727,0.9388349514563107,0.9707231310174005,0.018421052631578946,22.5,18.0,0.0,0.0,11.5,11.5,7,0,0,0.6671895571358782,66.719,975,0.0007025351069402543
1104699,128.45836529577153,37.18440370424457,1085066.2895936714,1909944.1740279323,1085,1909,1085_1909,487,487.0,0.6671895571358782,66.719,high,0.5672525039290562,0.7657074310532036,0.7058050801774025,0.6855287798723593,12,2,0.3870967741935484,2025-03-25,76.571,0.8352272727272727,0.9388349514563107,0.9707231310174005,0.018421052631578946,22.5,18.0,0.0,0.0,11.5,11.5,7,0,0,0.6671895571358782,66.719,976,0.0007032556557678853
1104700,128.45843004208132,37.18420386048436,1085072.2609096665,1909922.0612821314,1085,1909,1085_1909,487,487.0,0.6671895571358782,66.719,high,0.5672525039290562,0.7657074310532036,0.7058050801774025,0.6855287798723593,12,2,0.3870967741935484,2025-03-25,76.571,0.8352272727272727,0.9388349514563107,0.9707231310174005,0.018421052631578946,22.5,18.0,0.0,0.0,11.5,11.5,7,0,0,0.6671895571358782,66.719,977,0.0007039762045955163
1104701,128.45852699720436,37.1837518082364,1085081.37418787,1909871.997207426,1085,1909,1085_1909,487,487.0,0.6671895571358782,66.719,high,0.5672525039290562,0.7657074310532036,0.7058050801774025,0.6855287798723593,12,2,0.3870967741935484,2025-03-25,76.571,0.8352272727272727,0.9388349514563107,0.9707231310174005,0.018421052631578946,22.5,18.0,0.0,0.0,11.5,11.5,7,0,0,0.6671895571358782,66.719,978,0.0007046967534231473
1104702,128.45860872981865,37.18330808556857,1085089.1269862985,1909822.843571214,1085,1909,1085_1909,487,487.0,0.6671895571358782,66.719,high,0.5672525039290562,0.7657074310532036,0.7058050801774025,0.6855287798723593,12,2,0.3870967741935484,2025-03-25,76.571,0.8352272727272727,0.9388349514563107,0.9707231310174005,0.018421052631578946,22.5,18.0,0.0,0.0,11.5,11.5,7,0,0,0.6671895571358782,66.719,979,0.0007054173022507784
1104703,128.45870416330257,37.18286507159357,1085098.0952397203,1909773.7808668232,1085,1909,1085_1909,487,487.0,0.6671895571358782,66.719,high,0.5672525039290562,0.7657074310532036,0.7058050801774025,0.6855287798723593,12,2,0.3870967741935484,2025-03-25,76.571,0.8352272727272727,0.9388349514563107,0.9707231310174005,0.018421052631578946,22.5,18.0,0.0,0.0,11.5,11.5,7,0,0,0.6671895571358782,66.719,980,0.0007061378510784094
1104704,128.45894584097104,37.18245701136386,1085120.005935197,1909728.7272840252,1085,1909,1085_1909,487,487.0,0.6671895571358782,66.719,high,0.5672525039290562,0.7657074310532036,0.7058050801774025,0.6855287798723593,12,2,0.3870967741935484,2025-03-25,76.571,0.8352272727272727,0.9388349514563107,0.9707231310174005,0.018421052631578946,22.5,18.0,0.0,0.0,11.5,11.5,7,0,0,0.6671895571358782,66.719,981,0.0007068583999060405
1104705,128.459322478942,37.182128900974234,1085153.8071028877,1909692.6646907898,1085,1909,1085_1909,487,487.0,0.6671895571358782,66.719,high,0.5672525039290562,0.7657074310532036,0.7058050801774025,0.6855287798723593,12,2,0.3870967741935484,2025-03-25,76.571,0.8352272727272727,0.9388349514563107,0.9707231310174005,0.018421052631578946,22.5,18.0,0.0,0.0,11.5,11.5,7,0,0,0.6671895571358782,66.719,982,0.0007075789487336714
1104706,128.4596706886695,37.18179145428879,1085185.095548898,1909655.5409064677,1085,1909,1085_1909,487,487.0,0.6671895571358782,66.719,high,0.5672525039290562,0.7657074310532036,0.7058050801774025,0.6855287798723593,12,2,0.3870967741935484,2025-03-25,76.571,0.8352272727272727,0.9388349514563107,0.9707231310174005,0.018421052631578946,22.5,18.0,0.0,0.0,11.5,11.5,7,0,0,0.6671895571358782,66.719,983,0.0007082994975613025
1196112,128.4670898961227,37.17941244661053,1085846.3703379151,1909398.3044240251,1085,1909,1085_1909,487,487.0,0.6671895571358782,66.719,high,0.5672525039290562,0.7657074310532036,0.7058050801774025,0.6855287798723593,12,2,0.3870967741935484,2025-03-25,76.571,0.8352272727272727,0.9388349514563107,0.9707231310174005,0.018421052631578946,22.5,18.0,0.0,0.0,11.5,11.5,7,0,0,0.6671895571358782,66.719,984,0.0007090200463889335
1196113,128.46757450415782,37.179205724743504,1085889.6230721925,1909375.8094581126,1085,1909,1085_1909,487,487.0,0.6671895571358782,66.719,high,0.5672525039290562,0.7657074310532036,0.7058050801774025,0.6855287798723593,12,2,0.3870967741935484,2025-03-25,76.571,0.8352272727272727,0.9388349514563107,0.9707231310174005,0.018421052631578946,22.5,18.0,0.0,0.0,11.5,11.5,7,0,0,0.6671895571358782,66.719,985,0.0007097405952165646
1196114,128.4679797357343,37.178943240606486,1085925.8929175097,1909347.056445314,1085,1909,1085_1909,487,487.0,0.6671895571358782,66.719,high,0.5672525039290562,0.7657074310532036,0.7058050801774025,0.6855287798723593,12,2,0.3870967741935484,2025-03-25,76.571,0.8352272727272727,0.9388349514563107,0.9707231310174005,0.018421052631578946,22.5,18.0,0.0,0.0,11.5,11.5,7,0,0,0.6671895571358782,66.719,986,0.0007104611440441955
1196115,128.4677000465518,37.17857899589688,1085901.4772252447,1909306.3933364064,1085,1909,1085_1909,487,487.0,0.6671895571358782,66.719,high,0.5672525039290562,0.7657074310532036,0.7058050801774025,0.6855287798723593,12,2,0.3870967741935484,2025-03-25,76.571,0.8352272727272727,0.9388349514563107,0.9707231310174005,0.018421052631578946,22.5,18.0,0.0,0.0,11.5,11.5,7,0,0,0.6671895571358782,66.719,987,0.0007111816928718266
1196116,128.46742252605398,37.17816753986658,1085877.3072557026,1909260.494603156,1085,1909,1085_1909,487,487.0,0.6671895571358782,66.719,high,0.5672525039290562,0.7657074310532036,0.7058050801774025,0.6855287798723593,12,2,0.3870967741935484,2025-03-25,76.571,0.8352272727272727,0.9388349514563107,0.9707231310174005,0.018421052631578946,22.5,18.0,0.0,0.0,11.5,11.5,7,0,0,0.6671895571358782,66.719,988,0.0007119022416994577
1196117,128.46715638392098,37.17778828268532,1085854.110653461,1909218.178420289,1085,1909,1085_1909,487,487.0,0.6671895571358782,66.719,high,0.5672525039290562,0.7657074310532036,0.7058050801774025,0.6855287798723593,12,2,0.3870967741935484,2025-03-25,76.571,0.8352272727272727,0.9388349514563107,0.9707231310174005,0.018421052631578946,22.5,18.0,0.0,0.0,11.5,11.5,7,0,0,0.6671895571358782,66.719,989,0.0007126227905270887
1196118,128.4668455668651,37.1774003523632,1085826.9577257766,1909174.8596568748,1085,1909,1085_1909,487,487.0,0.6671895571358782,66.719,high,0.5672525039290562,0.7657074310532036,0.7058050801774025,0.6855287798723593,12,2,0.3870967741935484,2025-03-25,76.571,0.8352272727272727,0.9388349514563107,0.9707231310174005,0.018421052631578946,22.5,18.0,0.0,0.0,11.5,11.5,7,0,0,0.6671895571358782,66.719,990,0.0007133433393547197
1196119,128.46648514305565,37.177038987735045,1085795.370736395,1909134.4433164652,1085,1909,1085_1909,487,487.0,0.6671895571358782,66.719,high,0.5672525039290562,0.7657074310532036,0.7058050801774025,0.6855287798723593,12,2,0.3870967741935484,2025-03-25,76.571,0.8352272727272727,0.9388349514563107,0.9707231310174005,0.018421052631578946,22.5,18.0,0.0,0.0,11.5,11.5,7,0,0,0.6671895571358782,66.719,991,0.0007140638881823507
1196120,128.46608872835543,37.17671320394774,1085760.5481891886,1909097.9419138494,1085,1909,1085_1909,487,487.0,0.6671895571358782,66.719,high,0.5672525039290562,0.7657074310532036,0.7058050801774025,0.6855287798723593,12,2,0.3870967741935484,2025-03-25,76.571,0.8352272727272727,0.9388349514563107,0.9707231310174005,0.018421052631578946,22.5,18.0,0.0,0.0,11.5,11.5,7,0,0,0.6671895571358782,66.719,992,0.0007147844370099818
1196121,128.46568871383306,37.17640563815304,1085725.3851826293,1909063.4585272293,1085,1909,1085_1909,487,487.0,0.6671895571358782,66.719,high,0.5672525039290562,0.7657074310532036,0.7058050801774025,0.6855287798723593,12,2,0.3870967741935484,2025-03-25,76.571,0.8352272727272727,0.9388349514563107,0.9707231310174005,0.018421052631578946,22.5,18.0,0.0,0.0,11.5,11.5,7,0,0,0.6671895571358782,66.719,993,0.0007155049858376128
1196122,128.46529268178733,37.17610080096188,1085690.5723446165,1909029.2816074763,1085,1909,1085_1909,487,487.0,0.6671895571358782,66.719,high,0.5672525039290562,0.7657074310532036,0.7058050801774025,0.6855287798723593,12,2,0.3870967741935484,2025-03-25,76.571,0.8352272727272727,0.9388349514563107,0.9707231310174005,0.018421052631578946,22.5,18.0,0.0,0.0,11.5,11.5,7,0,0,0.6671895571358782,66.719,994,0.0007162255346652438
1200661,128.46559837199283,37.17920357894505,1085714.203732837,1909373.782844018,1085,1909,1085_1909,487,487.0,0.6671895571358782,66.719,high,0.5672525039290562,0.7657074310532036,0.7058050801774025,0.6855287798723593,12,2,0.3870967741935484,2025-03-25,76.571,0.8352272727272727,0.9388349514563107,0.9707231310174005,0.018421052631578946,22.5,18.0,0.0,0.0,11.5,11.5,7,0,0,0.6671895571358782,66.719,995,0.0007169460834928748
1200662,128.46510062234012,37.17918890737869,1085670.0349402656,1909371.7052408147,1085,1909,1085_1909,487,487.0,0.6671895571358782,66.719,high,0.5672525039290562,0.7657074310532036,0.7058050801774025,0.6855287798723593,12,2,0.3870967741935484,2025-03-25,76.571,0.8352272727272727,0.9388349514563107,0.9707231310174005,0.018421052631578946,22.5,18.0,0.0,0.0,11.5,11.5,7,0,0,0.6671895571358782,66.719,996,0.0007176666323205059
1200889,128.4576997068478,37.17960835747897,1085012.5837920643,1909411.5769174814,1085,1909,1085_1909,487,487.0,0.6671895571358782,66.719,high,0.5672525039290562,0.7657074310532036,0.7058050801774025,0.6855287798723593,12,2,0.3870967741935484,2025-03-25,76.571,0.8352272727272727,0.9388349514563107,0.9707231310174005,0.018421052631578946,22.5,18.0,0.0,0.0,11.5,11.5,7,0,0,0.6671895571358782,66.719,997,0.0007183871811481369
1200890,128.45794197579607,37.17919176269644,1085034.5569481552,1909365.576828201,1085,1909,1085_1909,487,487.0,0.6671895571358782,66.719,high,0.5672525039290562,0.7657074310532036,0.7058050801774025,0.6855287798723593,12,2,0.3870967741935484,2025-03-25,76.571,0.8352272727272727,0.9388349514563107,0.9707231310174005,0.018421052631578946,22.5,18.0,0.0,0.0,11.5,11.5,7,0,0,0.6671895571358782,66.719,998,0.000719107729975768
1200891,128.45805353767932,37.178831640184,1085044.8640657542,1909325.7246124202,1085,1909,1085_1909,487,487.0,0.6671895571358782,66.719,high,0.5672525039290562,0.7657074310532036,0.7058050801774025,0.6855287798723593,12,2,0.3870967741935484,2025-03-25,76.571,0.8352272727272727,0.9388349514563107,0.9707231310174005,0.018421052631578946,22.5,18.0,0.0,0.0,11.5,11.5,7,0,0,0.6671895571358782,66.719,999,0.0007198282788033989
1200892,128.45756457281772,37.17904635602239,1085001.2177429046,1909349.1068339113,1085,1909,1085_1909,487,487.0,0.6671895571358782,66.719,high,0.5672525039290562,0.7657074310532036,0.7058050801774025,0.6855287798723593,12,2,0.3870967741935484,2025-03-25,76.571,0.8352272727272727,0.9388349514563107,0.9707231310174005,0.018421052631578946,22.5,18.0,0.0,0.0,11.5,11.5,7,0,0,0.6671895571358782,66.719,1000,0.00072054882763103
